Customer ID,first_purchase_date,last_purchase_date,total_orders,total_spend
12346,2009-12-14 08:34:00,2010-06-28 13:53:00,11,372.86
12347,2010-10-31 14:20:00,2010-12-07 14:57:00,2,1323.32
12349,2010-04-29 13:20:00,2010-10-28 08:23:00,3,2671.14
12352,2010-11-12 10:20:00,2010-11-29 10:07:00,2,343.8
12356,2010-10-11 09:42:00,2010-11-24 12:24:00,3,3562.25
12357,2010-11-16 10:05:00,2010-11-16 14:29:00,2,12079.99
12358,2009-12-08 07:59:00,2010-11-29 10:56:00,3,2719.01
12359,2009-12-05 13:32:00,2010-10-10 11:16:00,6,2563.36
12360,2010-02-22 09:32:00,2010-11-25 11:04:00,5,1590.83
12361,2010-01-26 14:37:00,2010-09-03 15:19:00,3,321.35
12369,2010-03-08 08:09:00,2010-10-22 13:13:00,3,1791.15
12370,2010-02-09 09:41:00,2010-03-25 12:10:00,3,774.62
12371,2010-03-04 18:23:00,2010-10-26 13:37:00,3,2179.42
12373,2010-02-04 12:08:00,2010-03-25 13:49:00,2,763.05
12374,2010-04-30 14:01:00,2010-10-14 13:31:00,3,2246.29
12376,2010-10-18 08:42:00,2010-11-15 12:15:00,2,503.15
12377,2010-04-29 15:34:00,2010-11-23 19:24:00,2,1798.2
12379,2010-06-23 12:49:00,2010-10-13 14:46:00,2,767.98
12380,2010-02-15 12:05:00,2010-08-31 14:54:00,7,6951.49
12388,2010-05-06 12:54:00,2010-09-20 12:41:00,2,1120.45
12389,2010-02-22 10:15:00,2010-11-02 11:52:00,3,1433.33
12391,2010-02-15 10:12:00,2010-09-01 12:38:00,5,2312.53
12393,2010-10-07 13:49:00,2010-11-22 16:10:00,2,816.85
12395,2010-04-16 10:16:00,2010-12-03 16:35:00,4,2048.64
12399,2010-03-05 08:45:00,2010-11-19 08:53:00,3,853.65
12402,2010-02-07 12:41:00,2010-11-12 09:50:00,5,1031.3
12406,2010-01-11 14:04:00,2010-11-05 11:42:00,3,2975.06
12408,2010-07-29 13:27:00,2010-11-19 13:21:00,3,1452.22
12409,2010-05-23 15:21:00,2010-10-15 10:24:00,4,12346.62
12412,2010-06-18 13:22:00,2010-11-02 17:02:00,3,1370.05
12414,2010-09-02 12:22:00,2010-09-02 13:47:00,3,390.0
12415,2010-06-30 08:30:00,2010-11-29 15:07:00,7,19543.84
12417,2009-12-06 10:30:00,2010-10-25 14:27:00,11,3167.81
12418,2010-03-19 14:47:00,2010-10-22 10:29:00,3,1352.62
12419,2010-10-22 10:40:00,2010-11-19 10:04:00,2,503.01
12421,2010-07-22 13:57:00,2010-10-20 14:28:00,2,291.56
12422,2009-12-18 12:44:00,2010-11-10 13:19:00,14,4428.24
12423,2010-08-31 09:31:00,2010-11-17 11:33:00,2,763.08
12424,2010-06-09 15:15:00,2010-10-13 10:29:00,2,1579.07
12429,2010-06-11 13:28:00,2010-12-09 12:05:00,5,3735.51
12431,2010-01-15 09:04:00,2010-12-01 10:03:00,13,4370.52
12433,2010-08-20 09:23:00,2010-12-08 16:49:00,5,7205.39
12435,2009-12-02 13:58:00,2010-11-08 10:07:00,4,6096.04
12437,2009-12-02 16:24:00,2010-11-09 14:46:00,21,7731.99
12439,2009-12-14 08:40:00,2010-01-26 12:11:00,2,1158.18
12440,2009-12-22 12:03:00,2010-09-03 13:11:00,2,859.2
12449,2010-09-27 09:37:00,2010-10-25 12:21:00,2,768.6
12450,2010-08-22 13:11:00,2010-11-05 16:27:00,3,490.32
12451,2010-06-28 12:58:00,2010-09-02 15:38:00,3,3634.36
12454,2010-10-14 17:33:00,2010-11-09 10:09:00,4,13151.44
12455,2009-12-18 12:33:00,2010-09-20 14:39:00,4,3413.09
12458,2010-08-09 10:33:00,2010-10-08 11:36:00,2,830.09
12468,2010-01-26 10:09:00,2010-07-01 10:28:00,3,2941.2
12469,2010-06-21 10:30:00,2010-07-05 12:40:00,2,3070.54
12471,2009-12-07 10:41:00,2010-11-30 14:35:00,49,20139.74
12472,2009-12-14 10:49:00,2010-12-05 14:19:00,13,11308.48
12474,2010-02-11 09:41:00,2010-11-26 12:19:00,13,5048.66
12476,2010-07-26 09:04:00,2010-11-08 09:35:00,12,7298.99
12477,2010-03-26 14:01:00,2010-11-05 09:35:00,3,7056.63
12480,2010-07-20 13:21:00,2010-11-05 15:08:00,3,2183.22
12481,2010-04-11 13:10:00,2010-12-09 10:13:00,6,6765.07
12482,2010-02-24 10:24:00,2010-05-12 16:51:00,29,23691.4
12483,2010-01-31 13:28:00,2010-11-26 12:35:00,11,2635.6
12484,2010-01-27 16:41:00,2010-08-13 13:45:00,6,1828.43
12490,2009-12-01 12:52:00,2010-11-26 14:16:00,11,4405.71
12494,2010-05-12 13:52:00,2010-12-09 11:31:00,3,626.77
12496,2010-03-29 13:57:00,2010-03-29 14:06:00,2,54.09
12497,2010-03-05 09:39:00,2010-11-04 12:31:00,2,5205.4
12500,2010-02-04 15:05:00,2010-09-30 18:45:00,8,1697.39
12504,2010-04-22 10:24:00,2010-10-18 15:09:00,2,297.0
12510,2009-12-04 13:47:00,2010-09-06 14:27:00,7,4195.45
12516,2010-04-19 14:14:00,2010-10-05 09:43:00,2,1336.56
12523,2009-12-07 13:46:00,2010-11-30 12:31:00,12,2582.38
12524,2010-02-08 14:41:00,2010-11-16 09:08:00,9,6640.39
12525,2010-03-02 14:01:00,2010-07-29 16:08:00,3,973.73
12527,2010-06-28 15:37:00,2010-08-02 12:23:00,2,386.8
12530,2010-03-07 14:37:00,2010-10-20 15:15:00,5,2096.98
12533,2009-12-01 11:50:00,2010-03-22 10:56:00,2,1367.89
12539,2009-12-23 13:00:00,2010-09-15 09:50:00,3,5646.4
12540,2009-12-07 16:56:00,2010-11-26 10:43:00,16,8854.25
12542,2010-03-09 16:26:00,2010-08-12 19:12:00,2,481.88
12549,2010-01-11 12:29:00,2010-05-13 12:05:00,6,1575.68
12553,2010-10-12 13:35:00,2010-11-19 12:18:00,2,916.47
12557,2009-12-17 10:39:00,2010-12-03 12:20:00,4,6725.18
12562,2010-09-30 13:13:00,2010-11-19 09:35:00,2,1185.18
12567,2010-02-11 10:30:00,2010-12-07 10:36:00,7,4308.58
12573,2010-08-31 17:25:00,2010-11-23 13:01:00,4,556.87
12575,2010-07-01 09:15:00,2010-09-08 13:09:00,2,622.82
12576,2010-07-01 13:46:00,2010-11-12 12:44:00,3,826.89
12577,2009-12-03 19:31:00,2010-11-23 14:06:00,5,995.95
12578,2010-09-22 11:19:00,2010-11-19 17:21:00,2,1847.94
12582,2010-05-11 09:55:00,2010-10-13 10:52:00,2,1469.04
12583,2009-12-06 11:57:00,2010-12-01 08:45:00,13,7166.06
12586,2009-12-16 13:15:00,2010-11-30 10:47:00,3,1865.73
12588,2010-04-21 12:22:00,2010-11-05 12:53:00,3,743.88
12589,2010-01-19 12:26:00,2010-10-14 11:54:00,6,4048.98
12591,2010-10-27 10:42:00,2010-11-14 14:32:00,2,899.3
12592,2010-07-08 14:06:00,2010-07-08 14:26:00,3,2145.06
12594,2010-03-03 13:51:00,2010-11-26 12:17:00,5,1751.89
12598,2010-03-01 09:58:00,2010-09-02 14:22:00,3,1511.01
12599,2010-05-11 10:42:00,2010-11-23 15:49:00,6,1264.14
12600,2009-12-07 13:37:00,2010-12-03 12:57:00,12,2444.88
12605,2010-09-07 14:21:00,2010-11-28 14:18:00,4,1232.95
12609,2009-12-20 13:30:00,2010-11-30 14:48:00,6,2309.01
12613,2009-12-14 13:10:00,2010-11-16 17:17:00,5,3490.69
12615,2010-03-18 14:09:00,2010-10-22 09:45:00,4,3449.79
12621,2010-02-09 12:01:00,2010-12-09 10:16:00,16,11086.14
12623,2010-01-12 11:45:00,2010-10-19 09:35:00,6,3442.74
12625,2010-04-22 11:33:00,2010-07-18 15:56:00,2,2481.06
12629,2010-10-12 16:40:00,2010-11-19 09:18:00,2,1558.22
12631,2010-01-15 14:50:00,2010-09-09 14:50:00,5,2841.07
12632,2010-05-24 09:07:00,2010-07-07 09:39:00,2,804.88
12633,2010-07-02 11:44:00,2010-11-22 13:09:00,3,3514.18
12634,2010-06-09 15:41:00,2010-06-22 10:05:00,2,490.0
12635,2010-09-09 10:50:00,2010-11-12 15:46:00,2,1241.23
12637,2010-06-14 13:36:00,2010-11-26 13:50:00,4,2318.41
12639,2010-03-22 09:05:00,2010-10-01 12:17:00,2,826.27
12643,2010-04-07 14:16:00,2010-11-19 12:42:00,6,5005.78
12644,2010-01-14 13:02:00,2010-10-05 10:23:00,3,1440.58
12645,2010-02-09 10:49:00,2010-10-26 18:44:00,4,1764.12
12647,2010-01-13 15:06:00,2010-12-07 12:28:00,27,14201.53
12648,2010-01-07 18:38:00,2010-09-28 10:35:00,3,793.95
12649,2010-01-12 17:24:00,2010-11-22 12:57:00,5,1671.14
12651,2010-08-31 15:21:00,2010-11-26 11:58:00,3,263.75
12656,2010-05-26 09:00:00,2010-10-10 10:43:00,3,2356.66
12662,2010-04-01 09:50:00,2010-12-01 13:04:00,10,3138.24
12663,2010-02-09 14:28:00,2010-03-25 09:40:00,2,239.4
12664,2009-12-13 10:28:00,2010-07-13 13:28:00,2,1188.16
12665,2010-02-08 15:11:00,2010-10-18 11:34:00,2,250.6
12668,2010-01-31 15:45:00,2010-11-26 11:48:00,6,7637.53
12670,2010-02-11 10:13:00,2010-11-19 10:05:00,2,764.24
12675,2010-05-10 16:44:00,2010-06-04 09:49:00,2,958.5
12676,2010-08-13 13:29:00,2010-10-27 09:36:00,5,1511.7
12677,2010-02-11 13:55:00,2010-06-02 14:30:00,2,395.1
12678,2010-01-07 16:46:00,2010-11-29 09:55:00,9,16652.72
12681,2009-12-13 13:31:00,2010-12-07 10:08:00,24,17080.74
12682,2009-12-01 09:28:00,2010-12-09 14:49:00,23,11745.69
12683,2009-12-13 15:01:00,2010-12-09 12:17:00,8,4220.21
12687,2010-08-16 12:10:00,2010-08-16 12:12:00,2,2138.91
12693,2010-07-05 13:56:00,2010-11-08 14:57:00,3,847.11
12695,2010-02-12 13:22:00,2010-06-29 16:12:00,3,825.02
12696,2010-07-19 10:02:00,2010-10-01 10:43:00,2,851.91
12701,2010-03-16 13:23:00,2010-06-28 13:44:00,4,1648.7
12703,2010-01-24 12:05:00,2010-03-16 13:22:00,3,722.98
12705,2010-06-24 09:51:00,2010-11-21 13:59:00,5,4893.81
12708,2009-12-18 10:25:00,2010-12-06 10:43:00,9,2601.19
12709,2009-12-09 13:49:00,2010-12-08 09:49:00,20,21356.82
12711,2010-02-01 11:30:00,2010-04-07 11:59:00,2,1339.05
12712,2009-12-09 10:46:00,2010-12-09 11:39:00,10,2797.53
12714,2009-12-04 10:00:00,2010-11-16 18:10:00,7,9384.85
12720,2010-07-21 09:46:00,2010-12-05 15:21:00,6,2478.94
12721,2010-08-25 11:07:00,2010-11-19 15:13:00,2,1356.95
12724,2010-06-22 14:00:00,2010-11-21 13:26:00,3,1286.11
12725,2010-05-04 13:59:00,2010-12-03 15:45:00,4,2266.76
12726,2010-03-25 16:25:00,2010-11-17 16:59:00,4,1405.5
12727,2010-02-23 09:54:00,2010-09-23 10:45:00,3,1698.83
12731,2010-03-02 09:23:00,2010-09-23 15:12:00,5,6879.8
12733,2010-01-19 13:23:00,2010-11-15 13:56:00,3,2040.92
12734,2010-11-12 13:26:00,2010-11-30 11:05:00,2,529.25
12737,2010-07-29 12:27:00,2010-07-29 12:29:00,2,3710.5
12739,2010-11-10 14:27:00,2010-11-19 09:42:00,2,1713.69
12741,2010-06-24 16:24:00,2010-06-28 14:36:00,2,406.07
12744,2010-04-27 16:19:00,2010-09-06 10:24:00,4,4037.77
12745,2010-01-26 16:22:00,2010-08-10 10:14:00,3,925.41
12747,2009-12-07 13:23:00,2010-12-05 15:38:00,16,5080.53
12748,2009-12-04 17:31:00,2010-12-09 13:22:00,144,22879.66
12749,2010-07-06 15:05:00,2010-11-05 13:56:00,4,2806.48
12755,2010-01-15 11:57:00,2010-12-09 10:44:00,10,5218.71
12758,2009-12-01 14:40:00,2010-09-06 13:02:00,5,7111.65
12759,2009-12-04 10:47:00,2010-11-18 19:14:00,5,3489.3
12761,2010-09-01 10:47:00,2010-09-08 12:17:00,2,782.95
12765,2010-03-08 09:43:00,2010-08-24 13:51:00,6,1404.58
12766,2010-10-28 09:29:00,2010-12-08 13:53:00,3,3078.65
12775,2010-10-26 14:24:00,2010-11-16 15:14:00,2,300.08
12778,2010-04-16 09:57:00,2010-11-08 10:51:00,3,953.45
12779,2009-12-03 07:25:00,2010-12-03 13:40:00,7,2740.91
12782,2010-07-08 13:31:00,2010-11-30 11:37:00,6,2287.32
12785,2009-12-08 13:56:00,2010-06-22 12:16:00,2,788.45
12788,2010-06-29 13:05:00,2010-09-02 14:21:00,4,444.9
12789,2010-01-15 12:06:00,2010-07-15 12:43:00,2,181.5
12791,2010-03-25 17:29:00,2010-12-01 11:27:00,6,863.51
12793,2010-11-03 13:05:00,2010-12-03 15:14:00,2,471.85
12797,2010-10-11 12:53:00,2010-12-09 10:55:00,2,552.08
12800,2010-02-01 11:02:00,2010-08-26 14:11:00,3,584.25
12802,2010-05-25 09:34:00,2010-09-23 10:23:00,6,1988.84
12804,2010-07-27 13:52:00,2010-08-31 11:58:00,2,327.02
12805,2010-02-03 09:06:00,2010-11-23 12:27:00,4,1434.95
12806,2010-04-30 10:44:00,2010-09-30 13:34:00,4,2878.96
12808,2010-09-03 10:24:00,2010-12-06 10:27:00,3,422.45
12809,2010-03-02 14:19:00,2010-05-23 11:08:00,2,1266.63
12810,2010-02-01 09:52:00,2010-06-23 10:53:00,2,534.99
12811,2010-10-08 12:20:00,2010-11-26 09:49:00,2,519.05
12813,2010-01-15 16:52:00,2010-07-26 09:50:00,3,1687.8
12817,2010-10-01 08:57:00,2010-11-05 08:28:00,2,524.94
12820,2009-12-05 13:37:00,2010-11-07 14:26:00,7,1747.18
12823,2010-01-29 12:52:00,2010-11-10 12:22:00,13,4742.0
12825,2010-03-08 10:17:00,2010-07-06 13:56:00,2,518.63
12826,2009-12-18 10:43:00,2010-12-09 15:21:00,6,1481.03
12831,2010-09-02 15:58:00,2010-09-02 16:00:00,2,236.06
12835,2009-12-03 12:13:00,2010-10-08 10:59:00,41,6043.31
12836,2009-12-01 14:19:00,2010-11-15 16:22:00,11,3972.76
12838,2010-04-26 09:59:00,2010-12-01 11:57:00,9,2715.35
12839,2009-12-07 09:18:00,2010-12-07 15:48:00,13,4480.31
12840,2010-02-03 14:51:00,2010-09-28 17:58:00,3,1315.2
12841,2010-07-08 15:38:00,2010-12-05 12:15:00,17,3518.33
12842,2009-12-02 08:15:00,2010-10-31 10:45:00,2,799.0
12843,2009-12-13 11:41:00,2010-11-22 13:31:00,22,4886.15
12844,2010-04-25 11:51:00,2010-09-23 16:23:00,2,322.64
12849,2010-04-27 13:44:00,2010-11-23 11:41:00,4,2039.67
12853,2010-02-05 11:57:00,2010-10-08 14:51:00,5,1950.4
12854,2009-12-11 12:55:00,2010-05-27 16:54:00,4,1669.52
12855,2010-11-02 18:16:00,2010-12-02 09:37:00,4,612.84
12857,2010-01-25 15:37:00,2010-09-29 16:49:00,4,2581.6
12862,2010-08-01 15:20:00,2010-10-10 11:47:00,2,1008.32
12863,2010-04-29 13:54:00,2010-11-25 17:47:00,5,2271.35
12865,2010-08-20 12:20:00,2010-11-26 15:37:00,2,1755.24
12866,2010-07-25 11:37:00,2010-08-22 15:48:00,2,668.23
12867,2009-12-16 16:25:00,2010-11-07 15:31:00,6,3876.47
12868,2010-11-12 10:05:00,2010-12-01 12:50:00,3,640.0
12870,2010-03-25 14:32:00,2010-11-29 13:42:00,3,1676.95
12872,2009-12-03 20:03:00,2010-12-09 14:44:00,11,3085.52
12873,2010-01-27 09:50:00,2010-11-07 11:15:00,2,1653.3
12874,2010-06-03 12:51:00,2010-11-19 15:23:00,2,948.42
12875,2010-01-11 12:37:00,2010-08-25 14:35:00,3,1013.76
12876,2010-04-28 13:26:00,2010-11-10 12:21:00,2,1863.77
12877,2010-01-18 10:23:00,2010-11-03 13:53:00,8,1419.4
12880,2010-05-14 11:57:00,2010-11-23 10:50:00,2,640.13
12889,2010-07-25 14:32:00,2010-11-23 16:08:00,4,385.46
12891,2010-02-18 14:32:00,2010-09-07 15:31:00,8,509.5
12897,2010-06-14 11:58:00,2010-11-23 13:29:00,2,297.75
12898,2010-02-18 12:36:00,2010-09-02 08:08:00,2,310.96
12905,2010-01-26 14:06:00,2010-05-12 10:05:00,2,1018.42
12907,2010-08-02 14:33:00,2010-11-09 12:08:00,2,508.91
12908,2010-03-19 15:59:00,2010-11-24 09:29:00,3,1026.0
12909,2010-02-24 12:14:00,2010-10-11 09:44:00,3,924.52
12910,2010-03-28 13:10:00,2010-11-25 12:27:00,5,2721.48
12913,2009-12-01 12:18:00,2010-12-06 16:36:00,9,4217.23
12915,2010-04-29 19:36:00,2010-12-02 12:33:00,3,811.1
12916,2010-01-24 11:26:00,2010-09-23 11:57:00,3,1647.87
12917,2009-12-09 14:22:00,2010-11-04 15:56:00,5,3765.2
12920,2009-12-14 15:58:00,2010-05-17 12:57:00,3,323.86
12921,2009-12-01 13:43:00,2010-12-08 10:14:00,39,19333.95
12923,2010-05-13 14:55:00,2010-11-14 13:16:00,2,612.9
12924,2009-12-09 12:40:00,2010-11-11 15:21:00,8,1535.7
12926,2009-12-14 14:35:00,2010-10-24 15:57:00,4,1548.46
12928,2010-06-08 10:16:00,2010-11-26 15:53:00,7,2242.19
12931,2009-12-01 11:46:00,2010-11-24 10:09:00,42,50291.38
12932,2010-02-10 08:46:00,2010-06-18 14:22:00,8,1698.56
12933,2009-12-10 16:39:00,2010-11-24 17:11:00,5,1079.5
12935,2010-04-11 15:59:00,2010-11-29 13:55:00,8,2083.16
12937,2009-12-03 15:43:00,2010-09-02 16:01:00,5,1593.34
12939,2010-01-12 11:27:00,2010-11-25 14:50:00,12,13683.0
12943,2010-04-13 11:03:00,2010-05-30 13:52:00,2,496.5
12948,2009-12-02 12:28:00,2009-12-09 11:46:00,2,252.48
12949,2009-12-03 15:56:00,2010-11-22 15:45:00,14,11359.48
12951,2010-01-10 12:43:00,2010-11-18 12:11:00,9,2149.65
12956,2009-12-15 19:03:00,2010-01-24 10:33:00,3,413.82
12957,2009-12-11 12:01:00,2010-06-16 08:55:00,5,4689.43
12958,2010-05-05 16:22:00,2010-11-04 16:16:00,2,539.49
12960,2010-02-16 13:32:00,2010-10-22 09:31:00,4,1322.07
12963,2010-07-08 14:45:00,2010-12-09 09:14:00,5,1744.96
12967,2010-11-21 11:03:00,2010-12-03 09:49:00,2,2646.02
12970,2009-12-04 14:19:00,2010-11-24 13:08:00,6,1072.73
12971,2009-12-15 19:04:00,2010-12-08 16:21:00,33,4782.88
12972,2010-02-16 14:30:00,2010-10-22 08:41:00,4,1161.2
12975,2009-12-06 10:38:00,2010-09-29 09:46:00,6,2100.09
12976,2010-02-12 15:46:00,2010-11-26 14:51:00,7,2417.78
12977,2010-07-16 16:25:00,2010-07-26 12:34:00,3,478.39
12978,2009-12-10 12:10:00,2010-11-19 14:29:00,5,2502.82
12980,2009-12-02 11:26:00,2010-11-18 14:31:00,12,8870.88
12982,2010-04-12 13:50:00,2010-11-10 08:50:00,7,2354.27
12986,2010-01-21 10:45:00,2010-10-07 11:57:00,10,2729.84
12987,2010-01-20 09:57:00,2010-10-15 13:48:00,3,753.51
12989,2009-12-10 13:27:00,2010-10-11 12:36:00,18,6627.64
12990,2010-03-30 11:36:00,2010-10-18 08:56:00,4,546.0
12993,2010-02-18 10:35:00,2010-09-20 13:09:00,4,844.87
12997,2010-04-06 11:06:00,2010-11-10 12:16:00,4,884.02
12998,2010-02-24 11:55:00,2010-08-04 08:05:00,3,920.08
13001,2009-12-03 16:21:00,2010-10-31 13:14:00,20,14353.28
13002,2010-10-01 11:58:00,2010-10-19 12:23:00,2,293.18
13004,2009-12-15 09:44:00,2010-11-18 19:08:00,18,5994.94
13005,2010-09-08 12:52:00,2010-10-04 11:07:00,2,485.98
13008,2009-12-16 16:07:00,2010-11-07 10:34:00,2,382.66
13010,2010-03-01 11:28:00,2010-11-30 15:09:00,2,330.12
13012,2010-04-26 14:14:00,2010-10-06 10:40:00,3,1310.99
13013,2009-12-14 10:34:00,2010-12-03 12:29:00,18,7814.83
13015,2010-04-15 16:35:00,2010-09-27 10:39:00,6,3240.14
13018,2010-03-01 12:34:00,2010-10-22 13:11:00,7,2485.46
13019,2009-12-06 15:40:00,2010-11-25 14:56:00,6,1229.95
13020,2010-02-18 10:35:00,2010-05-26 11:12:00,2,618.96
13021,2009-12-05 12:02:00,2010-11-30 13:31:00,8,2270.86
13024,2010-05-06 14:25:00,2010-08-26 09:42:00,2,555.87
13026,2009-12-13 11:34:00,2010-08-08 10:43:00,4,757.72
13027,2010-01-20 10:41:00,2010-11-19 15:51:00,13,10423.2
13029,2010-07-04 13:46:00,2010-11-30 08:59:00,2,679.8
13031,2010-06-03 14:57:00,2010-10-28 15:34:00,5,3419.27
13032,2010-09-05 14:01:00,2010-11-12 12:49:00,7,1833.37
13034,2010-11-03 15:22:00,2010-12-05 14:52:00,2,279.91
13037,2009-12-03 17:04:00,2010-11-05 10:39:00,9,3033.88
13039,2009-12-17 16:43:00,2010-05-04 16:45:00,4,1010.73
13041,2010-04-29 08:43:00,2010-09-15 11:44:00,4,799.13
13042,2009-12-07 15:42:00,2010-04-20 13:43:00,3,1556.54
13044,2010-01-08 14:46:00,2010-08-04 16:27:00,10,4293.43
13045,2010-08-10 13:02:00,2010-11-03 12:49:00,2,503.64
13047,2009-12-16 11:43:00,2010-12-01 08:35:00,17,5557.62
13048,2010-01-27 12:55:00,2010-09-29 13:49:00,5,2248.3
13049,2010-11-03 15:39:00,2010-11-15 14:44:00,2,751.56
13050,2009-12-15 15:06:00,2010-12-08 09:30:00,19,6507.67
13051,2010-03-30 11:11:00,2010-05-10 09:14:00,2,155.8
13052,2010-02-23 12:31:00,2010-10-15 14:47:00,6,2820.38
13057,2010-03-18 12:14:00,2010-06-27 15:44:00,3,722.09
13059,2010-03-31 12:23:00,2010-10-22 16:11:00,9,2119.77
13064,2010-04-27 10:08:00,2010-06-07 16:28:00,2,561.25
13065,2010-06-10 11:44:00,2010-12-01 16:52:00,5,1055.05
13067,2010-09-19 13:43:00,2010-10-26 12:15:00,2,393.05
13069,2010-06-14 14:27:00,2010-12-05 11:03:00,16,5247.01
13070,2009-12-07 14:44:00,2010-09-06 12:37:00,3,522.9
13073,2010-09-28 09:27:00,2010-10-24 14:06:00,2,418.08
13074,2009-12-16 11:46:00,2010-07-16 16:53:00,4,1378.74
13077,2009-12-11 11:17:00,2010-12-08 14:59:00,8,2335.4
13078,2009-12-01 09:06:00,2010-12-08 09:07:00,32,16904.51
13080,2010-04-09 13:07:00,2010-11-03 14:34:00,3,222.65
13081,2009-12-08 13:58:00,2010-12-03 17:21:00,19,30867.77
13082,2009-12-22 15:37:00,2010-10-11 14:19:00,12,3722.12
13085,2009-12-01 07:45:00,2010-01-29 11:42:00,6,2017.2
13089,2009-12-02 15:44:00,2010-12-06 14:00:00,109,57912.03
13090,2010-08-02 13:58:00,2010-12-09 16:11:00,13,5192.27
13091,2009-12-10 11:50:00,2009-12-10 12:44:00,2,1976.0
13092,2010-02-10 08:44:00,2010-10-21 13:02:00,7,1662.45
13093,2009-12-04 10:32:00,2010-12-01 15:00:00,48,47111.18
13094,2010-11-15 14:15:00,2010-12-06 10:34:00,2,505.8
13097,2009-12-01 13:31:00,2010-11-16 09:50:00,18,7378.8
13101,2010-01-27 15:49:00,2010-07-29 14:45:00,3,594.21
13102,2010-05-06 13:12:00,2010-12-09 13:38:00,14,5272.83
13103,2010-05-11 14:41:00,2010-09-28 11:48:00,2,465.7
13104,2010-02-24 15:06:00,2010-10-20 14:38:00,3,610.62
13107,2010-02-04 10:50:00,2010-10-22 10:35:00,5,3721.45
13108,2010-09-30 17:09:00,2010-12-02 10:35:00,2,748.46
13110,2009-12-01 14:14:00,2010-09-28 15:23:00,5,1468.8
13113,2010-03-28 16:13:00,2010-12-08 13:21:00,14,6379.77
13115,2010-04-19 13:29:00,2010-11-25 18:49:00,6,3199.92
13117,2010-03-26 13:50:00,2010-12-09 14:50:00,12,1658.9
13118,2010-09-26 15:46:00,2010-11-28 13:53:00,4,1217.6
13123,2010-06-28 12:43:00,2010-08-24 10:18:00,2,506.75
13126,2010-03-02 12:24:00,2010-12-08 11:43:00,7,1898.61
13129,2010-06-28 11:54:00,2010-09-13 13:47:00,2,233.25
13131,2010-02-09 09:47:00,2010-10-17 15:13:00,4,2240.47
13134,2010-10-19 13:21:00,2010-11-02 13:58:00,2,681.65
13136,2009-12-08 18:30:00,2010-11-29 12:43:00,8,3666.95
13137,2010-07-25 15:40:00,2010-11-18 13:27:00,8,4062.29
13138,2010-11-08 11:45:00,2010-12-02 15:03:00,2,504.85
13140,2010-08-05 19:05:00,2010-12-08 15:12:00,3,791.96
13141,2009-12-09 13:34:00,2010-11-19 10:51:00,12,5279.83
13145,2010-04-19 11:11:00,2010-12-02 18:06:00,4,805.0
13148,2009-12-07 15:26:00,2010-11-15 17:43:00,14,4914.69
13150,2010-03-19 09:03:00,2010-08-12 12:59:00,3,449.97
13151,2010-03-22 10:26:00,2010-03-24 09:31:00,2,1322.87
13152,2010-01-14 10:01:00,2010-10-18 13:44:00,7,2146.38
13154,2009-12-04 08:46:00,2010-11-05 16:00:00,3,1624.84
13155,2010-08-05 09:30:00,2010-12-06 12:44:00,3,778.42
13156,2010-02-01 13:45:00,2010-11-19 13:09:00,3,1586.54
13157,2010-03-08 11:59:00,2010-10-26 14:42:00,5,3946.14
13162,2009-12-04 13:59:00,2010-11-24 15:35:00,12,7587.2
13164,2010-02-10 11:52:00,2010-05-19 13:52:00,2,372.2
13173,2009-12-10 12:52:00,2010-12-07 14:30:00,10,2285.7
13174,2009-12-04 15:40:00,2010-12-05 16:24:00,10,6677.81
13175,2009-12-04 12:11:00,2010-05-06 13:13:00,2,831.45
13178,2009-12-16 14:00:00,2010-11-07 15:50:00,10,8333.72
13183,2010-03-14 12:32:00,2010-11-10 13:49:00,6,3078.4
13187,2010-03-25 17:18:00,2010-03-25 19:06:00,3,130.99
13190,2009-12-07 12:13:00,2010-06-13 15:47:00,3,570.66
13192,2010-01-22 08:37:00,2010-06-22 09:52:00,4,1646.64
13196,2010-04-01 12:54:00,2010-09-22 14:01:00,3,1271.06
13198,2010-10-01 13:27:00,2010-11-17 14:25:00,2,1572.99
13199,2009-12-05 10:11:00,2010-12-08 10:51:00,30,6615.77
13201,2010-03-07 11:01:00,2010-07-25 14:30:00,4,1240.61
13202,2009-12-09 10:48:00,2010-11-10 16:24:00,7,1580.3
13203,2009-12-17 14:15:00,2010-11-18 10:08:00,6,1778.79
13206,2009-12-07 13:48:00,2010-11-04 16:50:00,13,8377.32
13207,2010-04-06 16:37:00,2010-09-14 15:44:00,2,285.6
13208,2009-12-03 13:25:00,2010-09-16 19:43:00,3,764.6
13209,2010-01-24 14:30:00,2010-07-13 15:50:00,5,2617.9
13211,2009-12-06 15:24:00,2010-11-23 15:17:00,7,1531.9
13213,2010-05-20 14:50:00,2010-11-21 14:34:00,6,2330.94
13214,2010-03-03 14:10:00,2010-10-18 10:00:00,7,3264.23
13223,2010-02-12 13:27:00,2010-10-12 11:07:00,4,805.92
13225,2009-12-17 09:09:00,2010-10-14 16:26:00,9,9796.23
13230,2010-03-18 20:02:00,2010-12-09 19:28:00,17,3553.81
13233,2010-01-14 14:10:00,2010-10-15 11:49:00,2,571.34
13234,2009-12-07 12:32:00,2010-02-05 11:41:00,2,356.95
13238,2010-04-28 15:02:00,2010-10-05 12:38:00,2,305.9
13239,2010-07-25 13:34:00,2010-09-28 17:21:00,4,1265.13
13240,2010-02-25 13:17:00,2010-12-09 12:49:00,5,1074.87
13242,2010-02-09 13:12:00,2010-09-14 13:53:00,4,429.0
13243,2010-03-18 13:10:00,2010-09-16 13:18:00,4,677.97
13246,2010-07-02 13:36:00,2010-11-11 12:54:00,5,1400.13
13249,2010-01-24 12:11:00,2010-11-03 14:05:00,6,897.52
13250,2010-07-25 14:01:00,2010-09-05 11:33:00,2,256.04
13252,2010-03-24 10:30:00,2010-11-10 16:00:00,2,399.3
13253,2010-01-05 12:13:00,2010-10-05 13:33:00,2,1920.71
13255,2010-07-15 13:20:00,2010-12-01 11:58:00,2,504.95
13258,2010-11-04 12:45:00,2010-11-25 10:54:00,2,336.6
13259,2010-01-10 10:26:00,2010-11-07 10:56:00,8,1141.06
13262,2010-04-18 12:14:00,2010-11-15 12:20:00,2,373.16
13263,2010-10-22 17:07:00,2010-11-11 15:49:00,4,1250.62
13266,2009-12-17 10:52:00,2010-10-22 12:13:00,7,2300.78
13267,2009-12-07 16:56:00,2010-12-08 09:20:00,18,5236.77
13269,2009-12-02 11:47:00,2010-12-05 11:51:00,14,3545.47
13275,2010-03-17 14:05:00,2010-11-21 12:09:00,2,241.66
13276,2010-03-07 14:05:00,2010-11-07 14:17:00,3,1348.33
13277,2010-06-18 08:45:00,2010-11-24 15:34:00,3,264.9
13278,2010-04-08 11:59:00,2010-11-05 11:42:00,3,893.12
13280,2010-03-05 09:07:00,2010-11-25 14:51:00,4,1507.77
13283,2010-03-09 14:36:00,2010-05-21 13:56:00,2,279.7
13285,2010-03-25 14:26:00,2010-04-18 13:38:00,2,655.47
13287,2010-01-04 10:43:00,2010-04-15 15:26:00,3,781.59
13288,2010-02-11 14:59:00,2010-09-22 16:32:00,5,927.61
13291,2010-02-11 18:36:00,2010-10-21 19:01:00,10,2959.73
13292,2010-07-01 14:36:00,2010-10-20 13:15:00,3,415.57
13293,2010-02-09 12:05:00,2010-11-12 13:28:00,6,1192.94
13295,2010-05-12 09:13:00,2010-11-28 14:14:00,3,900.77
13296,2010-05-11 14:29:00,2010-10-12 12:41:00,5,705.11
13297,2010-06-15 12:35:00,2010-11-19 13:49:00,3,2278.77
13299,2010-06-29 11:30:00,2010-10-12 10:53:00,2,1076.2
13300,2010-05-14 15:56:00,2010-11-16 17:10:00,2,913.62
13304,2010-02-08 12:42:00,2010-09-10 10:09:00,3,917.57
13305,2010-03-10 14:49:00,2010-12-02 12:10:00,7,1753.85
13307,2010-04-26 13:28:00,2010-08-09 12:56:00,2,258.34
13310,2010-11-02 17:03:00,2010-11-24 09:14:00,2,409.17
13313,2009-12-02 16:18:00,2010-08-17 11:45:00,7,1890.0
13316,2010-03-10 10:01:00,2010-11-12 10:14:00,6,7213.84
13317,2009-12-13 11:11:00,2010-11-19 10:06:00,13,4212.41
13319,2009-12-06 14:46:00,2010-12-09 10:05:00,34,11236.95
13320,2010-08-18 10:29:00,2010-10-01 14:59:00,2,679.4
13324,2010-05-25 10:23:00,2010-10-07 12:44:00,8,3391.52
13327,2009-12-18 15:35:00,2010-12-09 15:33:00,14,6251.71
13329,2009-12-04 15:41:00,2010-12-08 10:11:00,7,4323.97
13330,2010-02-23 10:12:00,2010-09-10 14:12:00,3,1665.25
13333,2010-02-19 09:26:00,2010-10-24 13:24:00,3,1015.74
13334,2010-02-25 12:21:00,2010-06-21 13:52:00,2,2726.93
13338,2010-01-05 12:25:00,2010-06-16 10:23:00,3,1958.6
13340,2010-02-22 14:54:00,2010-10-18 10:42:00,5,11364.08
13346,2010-04-22 12:34:00,2010-09-03 11:41:00,6,299.4
13357,2010-03-22 14:30:00,2010-08-02 14:02:00,4,3228.41
13360,2010-01-08 11:16:00,2010-10-04 12:37:00,4,1553.65
13361,2010-04-01 07:49:00,2010-08-24 14:56:00,2,1450.5
13362,2010-10-10 15:27:00,2010-11-26 16:38:00,3,2303.33
13368,2010-10-12 10:43:00,2010-10-21 09:43:00,2,498.1
13371,2010-03-17 15:29:00,2010-07-22 17:33:00,2,2297.66
13373,2009-12-06 12:34:00,2010-10-20 10:09:00,3,4274.94
13374,2010-09-16 10:29:00,2010-10-21 10:04:00,2,422.8
13377,2010-03-04 10:06:00,2010-11-08 12:20:00,2,1552.88
13381,2009-12-01 15:19:00,2010-11-25 13:30:00,6,4585.06
13382,2009-12-08 09:56:00,2010-10-07 09:28:00,4,1164.59
13384,2010-07-27 12:22:00,2010-11-14 13:13:00,4,2528.9
13386,2010-09-28 13:09:00,2010-10-21 12:52:00,2,835.46
13393,2009-12-07 18:12:00,2010-05-05 09:34:00,4,1131.45
13394,2009-12-01 11:58:00,2010-11-25 18:08:00,11,4101.68
13395,2010-10-14 13:00:00,2010-11-04 14:00:00,2,872.51
13397,2010-01-20 09:50:00,2010-09-28 13:10:00,5,1647.74
13399,2010-07-08 17:47:00,2010-09-01 13:59:00,3,275.4
13402,2010-05-24 10:56:00,2010-12-02 17:12:00,3,913.9
13403,2009-12-16 13:23:00,2010-11-17 11:38:00,2,154.5
13405,2009-12-15 14:13:00,2010-08-15 13:28:00,3,641.36
13406,2010-03-18 07:29:00,2010-10-08 14:44:00,2,568.92
13407,2010-02-16 11:13:00,2010-05-10 12:41:00,3,2244.7
13408,2009-12-04 09:31:00,2010-12-03 09:39:00,46,23616.42
13410,2009-12-08 13:43:00,2010-11-11 16:45:00,4,1198.9
13413,2010-01-21 17:43:00,2010-03-10 12:17:00,6,429.44
13414,2010-04-15 17:00:00,2010-09-02 16:55:00,3,1103.64
13415,2009-12-11 14:20:00,2010-08-24 11:38:00,4,800.67
13417,2010-02-08 12:39:00,2010-06-10 10:05:00,4,1028.66
13418,2009-12-11 12:51:00,2010-12-02 10:46:00,15,6106.17
13421,2010-02-14 14:45:00,2010-10-29 17:17:00,6,2252.04
13425,2010-05-09 14:35:00,2010-07-19 12:56:00,2,1779.42
13426,2009-12-09 15:16:00,2010-11-22 11:22:00,12,4526.06
13427,2009-12-17 13:44:00,2010-08-19 11:45:00,3,423.93
13428,2010-07-13 13:20:00,2010-07-13 13:33:00,2,281.51
13431,2010-02-18 11:53:00,2010-10-29 14:09:00,6,2047.14
13432,2010-04-06 14:42:00,2010-05-17 13:18:00,2,439.1
13433,2010-01-12 08:59:00,2010-07-26 16:55:00,4,658.32
13434,2010-02-22 09:54:00,2010-11-19 15:09:00,3,1132.62
13435,2010-07-27 16:56:00,2010-11-28 13:51:00,2,665.34
13439,2010-07-01 14:36:00,2010-11-16 15:24:00,2,702.9
13440,2010-09-14 10:34:00,2010-10-12 13:11:00,7,1295.25
13442,2009-12-01 14:59:00,2010-02-10 14:03:00,3,419.87
13443,2010-01-31 13:30:00,2010-09-17 12:31:00,6,1280.16
13444,2010-07-21 14:34:00,2010-11-30 13:02:00,2,631.68
13446,2010-02-14 11:52:00,2010-10-05 18:51:00,11,3881.89
13448,2009-12-06 12:14:00,2010-12-01 10:53:00,9,5701.5
13450,2010-04-15 19:15:00,2010-11-30 13:20:00,7,2076.32
13451,2010-03-21 16:13:00,2010-11-23 14:50:00,6,4214.77
13455,2009-12-09 08:58:00,2010-12-08 13:11:00,5,1847.59
13457,2009-12-02 12:46:00,2010-01-20 08:48:00,2,148.22
13458,2010-11-16 14:01:00,2010-11-25 15:02:00,2,2312.7
13459,2010-01-26 13:35:00,2010-03-25 10:24:00,2,1160.41
13461,2010-04-21 16:01:00,2010-10-28 17:53:00,3,2715.0
13462,2009-12-14 09:48:00,2010-10-25 10:00:00,4,1002.35
13464,2010-03-31 15:22:00,2010-11-10 12:24:00,5,2422.96
13465,2010-05-02 15:30:00,2010-09-19 15:13:00,2,931.12
13466,2010-03-21 13:50:00,2010-10-27 12:50:00,4,705.45
13468,2009-12-03 13:32:00,2010-12-06 13:34:00,38,7685.54
13472,2010-06-02 09:48:00,2010-09-02 09:41:00,2,592.24
13473,2009-12-15 19:02:00,2010-05-14 10:47:00,6,2235.12
13474,2010-08-01 14:40:00,2010-09-22 09:21:00,2,434.2
13476,2010-03-05 09:39:00,2010-10-29 08:24:00,3,823.0
13477,2010-01-25 11:52:00,2010-09-10 09:08:00,5,1379.59
13478,2010-01-31 15:51:00,2010-08-27 13:23:00,5,2215.78
13479,2010-08-19 16:18:00,2010-09-13 13:29:00,2,550.42
13480,2010-01-29 12:35:00,2010-10-19 11:53:00,2,627.82
13481,2009-12-04 12:37:00,2010-11-30 10:32:00,6,2026.28
13484,2010-03-10 11:46:00,2010-11-21 13:48:00,2,476.92
13485,2009-12-03 13:46:00,2010-11-28 11:04:00,10,2564.98
13487,2009-12-05 10:25:00,2010-07-22 10:41:00,2,271.47
13488,2010-01-25 10:13:00,2010-12-07 13:01:00,11,6619.57
13491,2009-12-07 08:24:00,2010-12-02 14:30:00,18,3350.74
13495,2009-12-07 12:12:00,2010-12-06 15:14:00,6,3329.39
13497,2010-02-08 10:27:00,2010-12-06 11:37:00,5,972.28
13501,2010-05-18 13:24:00,2010-08-10 13:01:00,2,1544.79
13502,2010-06-09 10:52:00,2010-10-20 10:15:00,2,488.5
13503,2010-02-16 13:49:00,2010-08-17 13:17:00,5,1688.54
13506,2010-09-05 12:33:00,2010-12-05 12:15:00,4,1180.68
13510,2009-12-21 11:53:00,2010-11-29 12:26:00,7,2766.73
13512,2010-05-05 13:22:00,2010-11-17 14:55:00,3,462.18
13513,2010-02-22 16:36:00,2010-09-24 16:25:00,2,619.49
13514,2010-01-26 15:11:00,2010-10-07 12:10:00,3,663.7
13515,2010-03-05 11:58:00,2010-09-16 15:07:00,2,374.7
13520,2009-12-17 11:11:00,2010-12-03 10:36:00,6,3285.05
13523,2010-11-02 14:55:00,2010-12-08 14:22:00,2,1136.64
13526,2009-12-01 12:56:00,2009-12-01 13:13:00,2,1182.0
13527,2010-01-21 12:37:00,2010-10-17 12:52:00,5,2396.23
13531,2009-12-03 15:20:00,2010-12-08 15:03:00,5,1254.72
13534,2010-07-07 15:00:00,2010-11-25 15:54:00,10,1850.82
13537,2010-09-14 10:41:00,2010-10-10 12:45:00,2,717.85
13538,2010-02-02 12:47:00,2010-11-08 14:19:00,5,1831.88
13539,2010-04-28 12:04:00,2010-10-15 09:15:00,4,938.02
13540,2010-02-22 09:22:00,2010-08-29 14:20:00,3,632.39
13541,2010-05-18 16:15:00,2010-10-08 16:37:00,2,785.25
13542,2009-12-10 19:53:00,2010-11-28 11:24:00,17,4006.17
13543,2010-01-21 14:30:00,2010-03-15 13:34:00,2,1439.61
13544,2010-03-05 11:31:00,2010-10-24 11:25:00,4,537.59
13545,2010-06-13 11:49:00,2010-11-14 11:27:00,2,374.64
13546,2010-10-11 17:23:00,2010-11-22 17:33:00,2,465.15
13552,2010-02-19 13:28:00,2010-10-07 12:30:00,10,3238.85
13554,2010-09-19 12:39:00,2010-11-24 15:05:00,7,1638.28
13555,2010-01-19 13:20:00,2010-11-26 11:50:00,9,4849.91
13556,2010-09-30 09:01:00,2010-10-06 16:44:00,2,200.82
13557,2009-12-08 17:41:00,2010-10-20 14:06:00,11,2448.2
13559,2010-06-14 11:52:00,2010-07-15 09:52:00,2,990.0
13561,2010-02-28 13:42:00,2010-11-07 14:28:00,10,1678.86
13562,2010-01-14 16:33:00,2010-11-03 10:43:00,5,3038.85
13564,2009-12-02 11:55:00,2010-12-06 17:26:00,35,15500.53
13566,2010-03-10 12:22:00,2010-10-01 12:27:00,3,833.41
13567,2010-06-16 12:48:00,2010-10-07 12:51:00,4,1083.69
13569,2010-10-07 13:05:00,2010-12-07 12:29:00,3,520.03
13571,2009-12-08 13:02:00,2010-11-22 13:09:00,14,2454.22
13573,2010-03-12 16:06:00,2010-11-25 15:01:00,4,622.07
13576,2009-12-08 15:12:00,2010-12-01 17:24:00,11,4834.4
13577,2009-12-14 16:10:00,2010-11-22 08:11:00,7,1801.68
13579,2010-02-18 13:53:00,2010-12-05 16:10:00,4,1072.0
13582,2010-04-01 11:38:00,2010-11-15 11:34:00,2,241.68
13584,2010-02-02 08:40:00,2010-07-29 13:36:00,2,250.05
13585,2009-12-01 14:56:00,2010-06-27 12:33:00,3,684.54
13587,2010-02-14 13:17:00,2010-09-16 13:52:00,3,961.1
13589,2009-12-06 10:26:00,2010-09-16 13:29:00,4,741.09
13590,2009-12-01 13:37:00,2010-11-29 11:40:00,12,4367.67
13591,2009-12-14 15:44:00,2010-09-30 08:59:00,4,976.81
13593,2010-03-02 16:36:00,2010-11-17 13:11:00,9,3486.61
13595,2010-03-03 14:42:00,2010-07-11 12:36:00,3,818.22
13597,2010-11-02 09:30:00,2010-11-04 14:54:00,2,396.71
13598,2010-02-26 11:22:00,2010-08-01 13:21:00,4,609.42
13599,2009-12-01 12:30:00,2010-12-08 10:13:00,14,5013.96
13601,2010-06-11 15:03:00,2010-11-12 15:20:00,2,491.82
13602,2010-05-28 11:49:00,2010-11-23 12:14:00,3,596.28
13605,2010-05-17 15:46:00,2010-11-17 17:16:00,2,522.67
13610,2010-01-05 14:12:00,2010-11-17 15:31:00,7,1044.0
13611,2009-12-03 07:57:00,2010-11-30 16:26:00,7,2147.73
13613,2010-02-17 12:40:00,2010-09-13 12:01:00,5,1039.85
13614,2010-06-06 13:42:00,2010-11-11 12:20:00,2,748.73
13615,2010-01-28 15:43:00,2010-11-05 13:42:00,7,5854.84
13616,2010-01-17 14:56:00,2010-05-20 12:59:00,2,288.1
13617,2010-08-01 15:23:00,2010-10-27 14:00:00,5,734.57
13619,2010-02-03 14:16:00,2010-06-13 11:39:00,2,231.69
13623,2009-12-02 13:57:00,2010-11-24 13:36:00,5,1818.71
13627,2010-03-09 14:03:00,2010-08-08 14:32:00,2,607.43
13629,2010-02-11 17:34:00,2010-10-22 09:48:00,8,5578.5
13632,2010-04-07 10:59:00,2010-11-10 12:03:00,3,1526.88
13634,2010-01-10 14:26:00,2010-11-30 11:57:00,11,3498.31
13635,2009-12-01 09:46:00,2010-09-23 10:06:00,3,1928.13
13641,2009-12-05 13:17:00,2010-03-09 07:37:00,5,1016.47
13642,2010-10-03 12:23:00,2010-10-03 12:33:00,3,159.92
13643,2009-12-08 12:48:00,2010-11-22 15:19:00,7,1637.33
13646,2010-11-05 12:00:00,2010-11-05 12:13:00,2,326.25
13647,2010-04-15 12:55:00,2010-08-02 10:31:00,4,1393.56
13648,2009-12-01 18:13:00,2010-11-04 14:46:00,8,1764.02
13649,2010-06-30 16:35:00,2010-12-08 14:46:00,5,1332.28
13650,2010-01-26 08:44:00,2010-11-30 13:55:00,4,1451.66
13652,2010-02-25 17:37:00,2010-12-06 09:21:00,3,1475.77
13654,2009-12-02 11:43:00,2010-11-24 16:41:00,5,3600.67
13655,2010-04-27 09:59:00,2010-11-30 08:24:00,4,1347.54
13656,2010-04-23 12:50:00,2010-07-28 10:48:00,2,699.2
13658,2010-02-05 13:17:00,2010-11-21 16:10:00,4,3386.33
13659,2010-02-17 09:05:00,2010-10-19 14:09:00,10,3321.68
13662,2010-02-19 13:21:00,2010-11-19 10:58:00,8,1352.35
13663,2010-03-03 10:11:00,2010-11-24 13:55:00,4,1858.04
13665,2010-07-23 13:29:00,2010-11-18 13:06:00,3,1711.66
13666,2009-12-04 10:48:00,2010-10-15 15:46:00,2,43.25
13668,2009-12-11 14:28:00,2010-11-21 11:52:00,14,6726.35
13676,2010-03-30 16:53:00,2010-06-18 17:30:00,2,243.9
13677,2010-07-07 17:25:00,2010-10-31 11:32:00,2,556.19
13679,2009-12-04 16:52:00,2010-08-03 12:13:00,3,281.26
13680,2009-12-04 14:14:00,2010-08-25 13:05:00,8,7713.25
13684,2010-03-28 14:48:00,2010-11-14 11:34:00,3,529.75
13686,2010-11-03 13:44:00,2010-11-24 14:44:00,2,337.04
13692,2010-10-15 13:28:00,2010-10-27 09:57:00,2,1626.08
13693,2009-12-07 11:29:00,2010-11-30 18:21:00,9,2011.82
13694,2009-12-04 15:26:00,2010-12-01 12:12:00,94,131443.19
13696,2010-02-11 14:17:00,2010-10-14 09:44:00,3,2020.4
13698,2010-01-27 09:02:00,2010-04-22 11:52:00,2,465.53
13700,2010-02-07 10:53:00,2010-10-18 11:38:00,3,348.34
13705,2010-03-25 17:19:00,2010-12-01 10:29:00,5,1323.47
13707,2010-06-21 11:57:00,2010-10-06 10:05:00,3,2559.45
13709,2010-01-11 10:40:00,2010-09-19 15:17:00,5,1263.7
13710,2010-04-06 12:54:00,2010-10-12 10:22:00,2,329.04
13711,2009-12-15 19:04:00,2010-10-29 15:05:00,7,1540.2
13713,2010-05-05 16:48:00,2010-10-27 16:18:00,3,743.26
13715,2010-03-11 15:33:00,2010-12-02 08:52:00,13,7403.95
13717,2010-08-11 09:40:00,2010-09-08 16:17:00,2,318.29
13719,2010-05-17 14:36:00,2010-11-11 12:40:00,6,1773.57
13722,2010-03-03 14:13:00,2010-10-15 10:18:00,7,3260.0
13723,2010-04-07 14:32:00,2010-11-12 16:59:00,5,1009.35
13727,2009-12-09 13:25:00,2010-04-07 12:14:00,6,746.57
13728,2009-12-09 17:13:00,2010-11-17 13:50:00,10,1839.03
13729,2010-01-24 14:57:00,2010-09-30 10:44:00,3,724.73
13733,2009-12-04 15:28:00,2010-10-25 12:18:00,2,487.03
13734,2010-04-16 08:42:00,2010-07-19 12:04:00,4,6701.64
13735,2009-12-13 13:31:00,2010-11-28 13:43:00,9,6927.98
13736,2009-12-06 12:07:00,2010-10-10 11:41:00,5,2034.31
13740,2009-12-02 12:22:00,2010-10-20 13:30:00,4,1247.02
13747,2010-10-11 09:15:00,2010-12-01 10:37:00,2,169.8
13748,2009-12-01 16:44:00,2010-12-01 09:00:00,5,1320.1
13750,2010-04-01 14:49:00,2010-11-24 11:07:00,6,1954.92
13753,2009-12-03 10:20:00,2010-04-20 14:08:00,3,1353.31
13756,2009-12-15 15:18:00,2010-12-07 11:41:00,10,4017.98
13758,2009-12-01 10:06:00,2010-12-08 15:39:00,10,6226.43
13760,2010-04-25 13:10:00,2010-10-31 15:18:00,3,1076.85
13761,2010-02-21 11:08:00,2010-07-25 12:50:00,4,881.52
13762,2010-01-10 12:13:00,2010-04-25 15:51:00,4,2165.76
13763,2010-09-30 17:39:00,2010-10-18 13:25:00,2,3502.48
13764,2010-03-07 12:56:00,2010-05-19 15:47:00,3,1431.5
13767,2009-12-01 10:52:00,2010-12-05 13:29:00,39,18320.17
13768,2009-12-09 10:25:00,2009-12-13 10:41:00,2,875.97
13769,2009-12-16 11:59:00,2010-12-07 13:28:00,11,3003.91
13770,2009-12-09 14:44:00,2010-10-13 15:10:00,4,785.37
13771,2010-02-25 12:37:00,2010-06-24 13:42:00,5,3094.37
13772,2010-02-23 13:55:00,2010-11-04 13:14:00,5,1982.09
13773,2010-02-18 10:27:00,2010-11-08 11:49:00,2,301.54
13776,2010-10-07 16:07:00,2010-10-07 16:11:00,2,623.98
13777,2009-12-02 09:47:00,2010-12-08 15:35:00,37,30501.26
13778,2010-05-23 13:34:00,2010-08-05 14:52:00,3,945.79
13781,2009-12-18 15:46:00,2010-04-26 14:30:00,2,650.99
13782,2009-12-06 12:52:00,2010-09-12 10:40:00,7,881.72
13783,2010-02-04 13:47:00,2010-08-09 09:23:00,4,1542.09
13784,2010-09-15 12:27:00,2010-10-01 08:19:00,3,447.44
13785,2010-09-05 16:01:00,2010-10-07 09:25:00,4,542.49
13786,2009-12-03 15:32:00,2010-12-07 13:53:00,6,3128.54
13787,2010-01-14 10:13:00,2010-09-07 11:55:00,4,913.46
13795,2010-03-12 12:44:00,2010-11-16 17:25:00,4,836.3
13797,2010-03-02 12:17:00,2010-09-29 10:34:00,3,1179.45
13798,2009-12-08 16:21:00,2010-12-02 17:24:00,54,38683.02
13799,2010-03-05 16:39:00,2010-09-21 12:02:00,7,2114.71
13800,2009-12-03 10:03:00,2010-10-05 14:19:00,2,1121.24
13802,2010-02-16 10:11:00,2010-11-30 12:28:00,16,21659.69
13803,2010-03-31 10:00:00,2010-10-04 10:52:00,2,1061.84
13804,2010-09-29 10:26:00,2010-09-30 16:20:00,2,572.73
13807,2009-12-04 12:41:00,2010-12-07 15:48:00,3,422.2
13809,2010-09-05 11:42:00,2010-11-10 09:35:00,2,524.65
13813,2009-12-06 10:16:00,2010-06-30 08:50:00,4,1398.61
13815,2010-02-12 10:26:00,2010-10-29 11:42:00,4,3448.38
13819,2009-12-01 16:18:00,2010-02-08 15:30:00,3,1502.0
13820,2010-01-28 12:26:00,2010-10-17 13:46:00,3,660.65
13821,2010-01-04 13:36:00,2010-11-11 13:24:00,4,1025.09
13823,2009-12-15 14:34:00,2010-11-24 13:32:00,5,2445.79
13824,2010-03-12 15:17:00,2010-11-25 17:33:00,7,1615.82
13825,2009-12-09 14:30:00,2010-03-28 11:02:00,2,255.59
13831,2009-12-10 14:50:00,2010-12-05 12:13:00,13,4820.59
13834,2010-02-08 12:52:00,2010-05-12 10:27:00,2,324.19
13835,2010-03-04 08:26:00,2010-07-08 11:50:00,3,260.7
13836,2010-10-21 13:27:00,2010-11-05 13:31:00,2,620.37
13838,2010-05-09 11:40:00,2010-12-05 10:45:00,7,1274.36
13842,2010-02-16 15:54:00,2010-12-08 10:39:00,10,2244.29
13848,2009-12-09 16:17:00,2010-12-08 15:10:00,6,2080.0
13849,2010-03-25 12:03:00,2010-11-07 12:13:00,3,1931.35
13851,2010-01-29 11:54:00,2010-11-25 11:34:00,5,1955.0
13854,2010-01-08 11:28:00,2010-12-09 10:48:00,15,4144.44
13855,2009-12-08 16:56:00,2010-07-27 09:53:00,4,1310.34
13856,2010-03-30 15:40:00,2010-09-02 18:24:00,8,753.53
13857,2010-05-17 14:21:00,2010-11-11 12:54:00,6,1001.01
13861,2010-06-27 11:37:00,2010-10-06 14:20:00,2,273.26
13863,2010-04-25 13:09:00,2010-08-31 12:57:00,3,933.77
13869,2010-01-17 14:53:00,2010-11-23 13:36:00,6,5006.62
13870,2010-02-08 12:08:00,2010-11-17 15:47:00,7,2941.14
13871,2009-12-20 13:09:00,2010-10-07 12:56:00,4,1482.6
13872,2009-12-14 09:56:00,2010-06-30 15:35:00,3,919.57
13873,2010-03-03 12:31:00,2010-11-21 11:47:00,5,649.32
13874,2010-02-04 18:39:00,2010-07-23 12:59:00,6,1508.7
13875,2009-12-17 10:30:00,2010-11-17 13:12:00,9,3027.58
13877,2010-01-19 10:53:00,2010-08-26 17:19:00,2,332.44
13878,2010-04-14 13:50:00,2010-06-10 10:15:00,3,1191.53
13880,2010-05-26 14:29:00,2010-12-07 14:00:00,5,1171.89
13881,2010-03-04 14:41:00,2010-11-29 16:24:00,23,28019.58
13883,2009-12-08 17:26:00,2010-11-01 14:45:00,10,3885.54
13884,2010-08-26 19:57:00,2010-11-28 11:45:00,5,1100.88
13888,2010-05-13 11:57:00,2010-10-31 11:09:00,5,1563.42
13889,2010-01-22 14:32:00,2010-11-22 13:25:00,5,1574.33
13890,2009-12-06 15:15:00,2010-11-30 12:46:00,4,1043.57
13891,2010-05-06 16:02:00,2010-11-26 15:57:00,3,863.56
13892,2010-05-13 10:32:00,2010-08-19 09:07:00,2,634.68
13895,2009-12-03 13:09:00,2010-07-12 10:46:00,2,1415.45
13897,2010-01-31 13:48:00,2010-09-27 13:36:00,2,849.56
13900,2010-03-25 13:46:00,2010-11-15 14:48:00,3,869.64
13901,2010-01-05 09:29:00,2010-11-30 15:21:00,10,2809.14
13902,2009-12-15 10:02:00,2010-03-17 13:09:00,5,34095.26
13909,2010-07-06 16:52:00,2010-10-12 17:22:00,2,286.6
13911,2010-03-01 16:31:00,2010-11-25 16:16:00,11,1654.08
13916,2010-02-02 10:06:00,2010-09-02 10:04:00,4,1275.81
13919,2010-06-17 09:30:00,2010-10-11 11:53:00,2,975.87
13920,2010-05-26 15:48:00,2010-10-04 12:37:00,4,1774.68
13921,2009-12-18 12:19:00,2010-11-02 16:32:00,4,730.7
13922,2010-08-29 14:36:00,2010-09-28 17:26:00,2,692.95
13929,2010-01-14 07:25:00,2010-10-19 09:50:00,9,2651.45
13931,2009-12-03 10:26:00,2010-11-12 12:12:00,9,4019.85
13935,2010-02-25 16:01:00,2010-04-22 11:21:00,3,6116.92
13936,2010-10-21 14:21:00,2010-11-22 10:34:00,2,563.08
13939,2010-04-06 12:43:00,2010-10-04 14:35:00,4,992.41
13941,2009-12-16 16:10:00,2010-12-02 10:17:00,11,6009.34
13945,2010-08-17 09:59:00,2010-11-10 10:00:00,2,854.15
13946,2009-12-04 11:07:00,2010-11-28 16:21:00,3,1314.66
13948,2009-12-04 12:14:00,2010-10-24 13:46:00,3,446.76
13952,2009-12-16 09:41:00,2010-11-24 14:29:00,12,9572.45
13953,2009-12-11 12:58:00,2010-10-26 15:16:00,5,3125.0
13957,2010-02-19 10:32:00,2010-10-18 10:02:00,3,458.25
13958,2009-12-05 13:12:00,2010-11-25 10:11:00,8,4709.23
13959,2010-07-16 15:11:00,2010-11-05 16:52:00,3,477.98
13963,2010-04-21 16:20:00,2010-12-07 09:21:00,14,2347.33
13964,2010-10-05 12:38:00,2010-11-17 13:53:00,2,438.9
13965,2010-01-05 15:21:00,2010-08-20 10:40:00,3,996.61
13969,2010-03-25 13:15:00,2010-12-09 19:32:00,18,4311.93
13970,2010-09-28 11:53:00,2010-11-18 13:21:00,2,846.55
13971,2010-01-26 09:51:00,2010-10-12 08:51:00,6,1909.31
13975,2010-02-02 13:13:00,2010-11-11 16:18:00,6,2832.56
13976,2010-02-09 13:08:00,2010-07-21 09:27:00,3,834.38
13979,2009-12-03 10:02:00,2010-11-11 14:10:00,6,2546.36
13980,2010-02-21 14:18:00,2010-09-26 12:58:00,4,599.78
13982,2010-01-20 14:04:00,2010-12-09 13:57:00,6,2573.78
13983,2009-12-09 13:53:00,2010-12-08 10:38:00,10,4505.02
13984,2009-12-07 11:51:00,2010-12-08 15:58:00,8,1128.09
13985,2010-02-09 13:56:00,2010-11-30 08:58:00,7,2960.73
13987,2010-11-04 09:54:00,2010-11-25 10:20:00,2,682.54
13988,2010-03-24 11:05:00,2010-11-21 12:40:00,2,609.84
13989,2010-05-25 12:13:00,2010-09-01 13:58:00,3,759.98
13992,2010-09-02 17:04:00,2010-11-24 15:42:00,2,142.7
13993,2009-12-03 11:57:00,2010-11-25 11:03:00,10,3309.35
13995,2009-12-18 12:43:00,2010-11-25 16:31:00,9,2508.32
13996,2010-11-05 15:07:00,2010-11-18 16:27:00,2,895.76
13997,2010-06-07 17:33:00,2010-07-08 18:06:00,3,382.31
13998,2010-05-12 13:18:00,2010-09-19 10:20:00,3,566.7
13999,2009-12-05 12:42:00,2010-11-30 09:46:00,17,5600.45
14000,2009-12-02 09:50:00,2010-10-21 15:35:00,4,1410.68
14001,2010-08-03 12:49:00,2010-12-01 12:58:00,7,2487.01
14004,2010-09-30 09:39:00,2010-11-11 13:26:00,4,1675.81
14006,2010-02-25 09:45:00,2010-06-29 12:43:00,4,1234.48
14010,2010-05-23 12:46:00,2010-05-23 13:00:00,2,445.15
14011,2010-04-11 13:40:00,2010-08-16 15:31:00,2,457.82
14013,2010-03-26 10:02:00,2010-11-24 16:16:00,2,611.55
14014,2010-05-12 09:04:00,2010-11-28 14:56:00,2,1443.03
14016,2010-01-08 14:12:00,2010-11-08 15:42:00,7,7062.2
14020,2010-06-28 15:29:00,2010-08-20 13:09:00,2,606.21
14021,2010-04-26 11:22:00,2010-11-30 15:14:00,4,1084.68
14025,2010-05-05 09:56:00,2010-09-01 10:11:00,8,4057.9
14026,2010-03-24 14:10:00,2010-08-26 10:31:00,2,713.11
14028,2010-06-07 12:02:00,2010-06-07 13:33:00,3,10396.5
14030,2009-12-10 17:27:00,2010-12-08 16:29:00,14,5902.2
14031,2009-12-03 15:35:00,2010-12-09 17:34:00,27,23712.31
14032,2009-12-14 12:02:00,2010-12-08 10:53:00,6,1874.68
14035,2010-04-06 12:39:00,2010-10-29 10:10:00,4,1428.7
14037,2009-12-07 11:39:00,2010-08-18 12:52:00,4,689.75
14038,2010-02-04 08:56:00,2010-11-07 14:52:00,2,1509.5
14040,2009-12-01 12:14:00,2010-11-18 13:01:00,23,9030.65
14043,2009-12-10 15:56:00,2010-08-05 18:18:00,2,304.25
14044,2010-01-24 15:14:00,2010-10-17 13:28:00,6,2470.28
14045,2010-01-08 10:08:00,2010-12-01 11:32:00,13,9653.28
14047,2010-02-01 10:05:00,2010-12-02 10:09:00,10,2946.42
14048,2010-11-22 14:08:00,2010-11-22 14:21:00,2,338.76
14049,2010-04-01 14:52:00,2010-11-17 10:44:00,9,7557.31
14051,2009-12-03 11:53:00,2010-12-08 12:49:00,15,6823.61
14053,2010-08-10 11:02:00,2010-11-07 14:50:00,2,312.05
14055,2009-12-16 15:11:00,2010-05-11 10:24:00,2,795.32
14057,2009-12-03 13:17:00,2010-11-23 08:38:00,5,2190.88
14058,2010-06-27 11:29:00,2010-09-03 09:31:00,2,469.19
14060,2010-03-11 09:47:00,2010-12-08 12:40:00,13,3378.66
14061,2009-12-01 18:03:00,2010-07-20 17:22:00,3,917.43
14062,2009-12-10 14:28:00,2010-11-30 11:00:00,12,15139.35
14063,2009-12-08 13:46:00,2010-09-27 16:18:00,9,22710.2
14064,2010-01-21 13:22:00,2010-10-05 13:20:00,10,1978.68
14065,2010-10-04 12:03:00,2010-11-15 16:13:00,3,891.02
14068,2010-01-31 10:10:00,2010-04-15 14:28:00,3,1262.52
14069,2010-05-27 12:30:00,2010-07-13 12:12:00,2,230.06
14075,2010-06-16 14:47:00,2010-11-01 13:15:00,3,792.61
14078,2010-03-28 15:05:00,2010-12-01 12:54:00,4,643.26
14080,2009-12-02 15:01:00,2010-10-22 14:04:00,4,1070.08
14081,2009-12-10 18:27:00,2010-12-05 15:47:00,9,4435.58
14083,2009-12-18 11:34:00,2010-12-03 12:24:00,3,388.83
14085,2009-12-08 13:41:00,2010-12-06 12:39:00,16,5656.43
14087,2009-12-04 15:27:00,2010-10-31 11:22:00,2,651.8
14088,2010-10-14 19:46:00,2010-10-29 10:31:00,3,13544.99
14091,2010-01-10 13:41:00,2010-02-23 15:17:00,2,9530.08
14092,2009-12-16 16:24:00,2010-11-30 14:48:00,10,3152.54
14097,2010-03-04 10:46:00,2010-08-15 14:20:00,2,422.86
14099,2009-12-10 11:55:00,2010-11-29 13:03:00,9,2661.54
14101,2010-03-28 13:36:00,2010-11-16 14:54:00,7,3985.14
14104,2010-05-28 16:11:00,2010-11-15 13:13:00,3,555.37
14105,2009-12-18 16:57:00,2010-10-27 11:53:00,4,4722.6
14107,2009-12-09 14:20:00,2010-09-17 12:25:00,4,2174.07
14108,2009-12-01 18:07:00,2009-12-08 15:25:00,2,447.05
14110,2009-12-01 09:50:00,2010-09-30 17:13:00,21,7304.8
14112,2010-02-23 14:16:00,2010-09-14 13:41:00,6,2919.44
14113,2009-12-08 07:42:00,2010-11-29 15:53:00,12,5252.19
14114,2010-04-12 11:07:00,2010-11-09 09:13:00,5,977.56
14115,2010-02-11 11:44:00,2010-07-26 12:36:00,2,622.67
14119,2009-12-21 14:52:00,2010-11-29 10:33:00,2,183.37
14122,2009-12-02 14:22:00,2010-10-29 15:11:00,3,362.42
14127,2010-10-10 11:53:00,2010-11-24 16:56:00,3,1190.37
14129,2010-05-09 14:54:00,2010-11-05 09:59:00,4,1467.48
14130,2009-12-11 16:33:00,2010-11-29 17:11:00,3,1398.81
14134,2009-12-10 09:25:00,2010-11-22 12:26:00,15,11123.35
14135,2009-12-02 08:58:00,2010-12-07 12:37:00,11,4953.61
14136,2009-12-08 09:19:00,2010-11-04 11:53:00,5,1570.81
14139,2010-06-15 09:17:00,2010-08-06 14:00:00,3,670.98
14142,2010-03-03 15:13:00,2010-12-01 16:33:00,2,671.34
14145,2010-04-08 09:47:00,2010-09-06 09:53:00,3,3857.85
14146,2010-01-13 16:04:00,2010-11-21 15:55:00,7,5259.3
14147,2010-03-09 13:43:00,2010-11-16 08:11:00,7,2106.8
14151,2009-12-23 10:54:00,2010-02-04 15:35:00,2,679.45
14152,2010-02-18 13:57:00,2010-11-17 14:20:00,5,1376.05
14154,2010-01-13 12:47:00,2010-11-23 17:53:00,6,5115.08
14156,2009-12-01 12:30:00,2010-12-03 11:48:00,102,196566.74
14157,2010-03-03 16:49:00,2010-11-15 15:10:00,3,569.9
14159,2009-12-03 12:31:00,2010-11-25 13:32:00,9,3245.0
14160,2010-01-10 12:06:00,2010-04-08 14:30:00,7,8421.47
14161,2009-12-13 11:46:00,2010-12-05 13:18:00,5,2208.36
14166,2010-03-23 15:10:00,2010-07-22 19:42:00,2,256.85
14167,2010-01-27 16:07:00,2010-09-01 17:15:00,4,721.65
14168,2010-05-24 12:28:00,2010-10-15 10:49:00,2,370.45
14169,2010-09-21 13:39:00,2010-10-05 08:45:00,2,624.43
14170,2010-11-09 14:06:00,2010-11-29 13:10:00,3,597.33
14172,2010-03-07 10:58:00,2010-04-13 13:26:00,3,402.72
14173,2009-12-09 12:46:00,2010-03-08 13:24:00,2,135.16
14175,2010-03-22 10:43:00,2010-10-17 13:59:00,5,4456.58
14176,2010-11-23 13:21:00,2010-12-07 11:45:00,2,339.11
14177,2010-02-26 11:59:00,2010-11-23 14:23:00,9,1669.93
14180,2010-06-09 14:56:00,2010-12-02 13:08:00,9,1570.73
14181,2010-05-26 12:32:00,2010-10-25 08:27:00,2,310.55
14182,2010-04-22 15:36:00,2010-09-22 11:45:00,4,678.77
14183,2010-08-15 15:36:00,2010-10-24 14:45:00,2,286.29
14186,2010-03-05 11:17:00,2010-10-08 13:30:00,5,1550.63
14189,2010-11-16 09:28:00,2010-12-06 11:42:00,2,1160.31
14191,2009-12-11 10:48:00,2010-11-10 12:27:00,2,132.9
14194,2010-01-06 12:16:00,2010-11-12 12:26:00,15,7321.07
14195,2010-03-15 17:12:00,2010-09-26 14:06:00,4,1603.6
14198,2010-01-05 10:07:00,2010-11-04 13:50:00,5,868.33
14199,2010-06-27 12:13:00,2010-10-12 08:25:00,3,906.3
14201,2010-04-30 13:00:00,2010-10-26 18:51:00,3,446.1
14202,2010-03-25 10:36:00,2010-11-23 17:13:00,3,847.76
14204,2009-12-02 13:26:00,2010-10-13 13:32:00,3,901.93
14205,2010-03-07 12:20:00,2010-11-10 14:37:00,7,1947.5
14206,2010-11-02 11:37:00,2010-11-16 18:20:00,2,856.85
14209,2010-01-22 10:28:00,2010-11-19 13:58:00,9,2919.84
14210,2010-01-06 10:17:00,2010-12-03 12:43:00,11,3955.68
14211,2009-12-09 12:48:00,2010-10-24 12:54:00,9,2161.19
14215,2009-12-08 09:35:00,2010-12-06 15:34:00,4,1626.61
14217,2010-06-30 12:54:00,2010-12-08 13:28:00,7,1411.91
14219,2010-08-03 14:42:00,2010-10-26 10:34:00,2,543.89
14220,2010-05-19 13:26:00,2010-05-21 13:29:00,2,882.6
14221,2010-04-06 14:10:00,2010-09-16 14:41:00,8,3084.69
14224,2010-06-13 13:46:00,2010-11-14 13:53:00,5,847.78
14225,2010-01-12 15:02:00,2010-10-01 10:32:00,4,2037.02
14227,2010-02-08 09:38:00,2010-10-21 10:49:00,5,3017.75
14228,2010-06-11 12:29:00,2010-09-28 09:45:00,3,745.5
14229,2010-08-25 11:47:00,2010-11-01 13:04:00,4,1046.84
14230,2010-06-09 13:56:00,2010-09-30 09:07:00,3,979.8
14233,2010-03-05 16:35:00,2010-08-31 15:03:00,3,1441.55
14235,2010-03-30 13:36:00,2010-07-29 17:24:00,4,1573.13
14236,2010-07-22 14:27:00,2010-12-02 18:49:00,4,1253.78
14237,2010-04-28 10:04:00,2010-12-01 13:20:00,2,471.14
14238,2009-12-05 10:58:00,2010-02-15 11:39:00,2,287.38
14239,2009-12-05 12:36:00,2010-10-04 15:01:00,10,1882.32
14243,2010-08-20 13:41:00,2010-12-09 08:34:00,8,4842.28
14247,2010-06-06 15:07:00,2010-10-31 13:58:00,4,635.89
14248,2010-07-12 14:27:00,2010-09-06 14:04:00,2,730.37
14249,2010-01-29 14:21:00,2010-10-25 12:34:00,12,5625.46
14253,2010-03-26 15:08:00,2010-08-03 14:55:00,2,363.4
14256,2010-01-14 10:35:00,2010-08-05 09:30:00,3,1504.93
14257,2010-03-01 15:36:00,2010-11-24 16:00:00,4,2854.73
14258,2009-12-04 08:36:00,2010-11-09 10:08:00,16,19381.36
14260,2010-06-09 11:23:00,2010-08-25 14:55:00,3,824.28
14264,2010-04-07 13:21:00,2010-11-25 17:42:00,4,1183.39
14265,2010-04-06 14:39:00,2010-09-01 12:20:00,2,843.17
14272,2010-05-06 14:01:00,2010-05-26 09:49:00,2,482.85
14275,2010-04-11 12:32:00,2010-11-09 09:06:00,6,1189.38
14276,2010-02-17 13:10:00,2010-10-28 17:13:00,4,982.94
14277,2009-12-13 15:43:00,2010-10-24 12:44:00,6,13009.61
14279,2010-01-27 16:34:00,2010-07-07 08:42:00,2,191.86
14282,2010-02-15 11:22:00,2010-12-07 12:21:00,11,4120.32
14283,2010-05-19 12:22:00,2010-09-02 14:46:00,4,628.44
14285,2009-12-08 14:13:00,2010-07-14 14:07:00,4,1374.41
14286,2009-12-04 08:40:00,2010-10-31 15:39:00,4,3851.01
14290,2009-12-08 11:44:00,2010-10-22 12:03:00,3,2201.91
14291,2009-12-09 10:46:00,2010-11-24 09:47:00,12,4020.85
14292,2010-03-19 11:10:00,2010-10-25 12:18:00,7,4354.32
14293,2009-12-10 10:57:00,2010-12-06 10:18:00,6,2221.37
14295,2009-12-08 09:49:00,2010-09-27 09:48:00,4,2196.71
14296,2010-05-14 14:34:00,2010-10-14 14:14:00,2,456.4
14298,2009-12-11 13:49:00,2010-11-29 13:35:00,38,39667.19
14299,2009-12-02 10:58:00,2010-12-09 10:30:00,19,10533.87
14301,2010-02-11 13:07:00,2010-10-19 14:09:00,3,1352.04
14302,2009-12-02 08:16:00,2010-10-05 08:10:00,3,742.9
14303,2010-10-01 10:31:00,2010-10-28 15:37:00,2,277.94
14304,2010-05-18 10:50:00,2010-11-25 10:20:00,2,1341.56
14306,2010-01-31 13:42:00,2010-11-26 10:44:00,4,1058.08
14307,2009-12-07 13:06:00,2010-12-01 11:41:00,5,2075.31
14308,2010-06-08 16:39:00,2010-06-08 16:48:00,2,1147.02
14309,2010-06-07 10:24:00,2010-10-22 13:18:00,2,1428.28
14312,2010-07-23 15:05:00,2010-11-26 11:40:00,5,1478.7
14315,2010-03-15 12:49:00,2010-05-24 13:56:00,2,716.69
14316,2010-03-19 15:18:00,2010-10-13 16:31:00,5,1370.34
14320,2010-01-21 11:44:00,2010-06-11 12:45:00,3,868.96
14321,2010-08-23 12:56:00,2010-10-04 12:48:00,2,687.31
14322,2010-02-18 08:49:00,2010-10-06 15:17:00,4,474.1
14324,2010-01-15 13:31:00,2010-10-26 11:44:00,2,701.61
14326,2010-06-25 12:10:00,2010-09-02 13:29:00,2,757.13
14327,2010-01-08 14:04:00,2010-11-22 15:24:00,5,1583.28
14329,2009-12-16 15:31:00,2010-11-29 15:53:00,8,4912.38
14332,2010-10-19 13:01:00,2010-11-23 15:24:00,2,1077.2
14334,2010-05-20 10:04:00,2010-10-10 10:33:00,4,1766.27
14341,2009-12-01 12:20:00,2010-10-15 15:52:00,10,2285.04
14342,2010-08-24 13:03:00,2010-10-03 12:46:00,2,249.88
14343,2010-01-18 16:47:00,2010-10-14 13:05:00,4,1088.91
14344,2010-03-23 15:47:00,2010-12-07 10:51:00,14,2443.77
14346,2010-07-30 10:44:00,2010-10-10 14:19:00,3,1294.17
14350,2010-10-05 15:52:00,2010-11-24 12:01:00,2,689.1
14353,2010-10-04 12:38:00,2010-10-25 14:46:00,2,285.9
14355,2010-03-22 15:08:00,2010-12-09 12:16:00,3,840.05
14358,2010-10-07 17:26:00,2010-11-15 15:51:00,2,400.06
14363,2010-09-14 14:39:00,2010-11-02 17:01:00,2,227.47
14365,2010-01-27 09:44:00,2010-11-10 09:52:00,2,634.68
14369,2010-02-16 10:28:00,2010-03-07 15:47:00,2,469.13
14370,2010-02-01 08:35:00,2010-09-15 10:53:00,6,1175.78
14372,2010-04-19 15:57:00,2010-09-22 16:17:00,2,860.08
14375,2010-06-16 14:34:00,2010-09-15 14:45:00,2,875.31
14379,2010-08-16 15:31:00,2010-11-11 16:29:00,2,920.81
14388,2010-01-20 11:54:00,2010-12-02 11:02:00,9,3488.16
14389,2010-04-28 14:57:00,2010-10-11 10:04:00,3,854.55
14390,2010-10-10 14:30:00,2010-12-02 11:57:00,5,1747.01
14395,2010-04-18 13:12:00,2010-12-02 18:15:00,12,4700.3
14396,2009-12-02 14:21:00,2010-12-03 15:19:00,6,1633.94
14398,2010-06-30 11:57:00,2010-11-03 13:46:00,2,707.79
14399,2010-02-03 13:09:00,2010-11-10 13:23:00,8,2113.16
14400,2010-03-18 12:11:00,2010-10-27 13:59:00,2,1157.77
14401,2009-12-14 13:22:00,2010-10-11 15:25:00,9,2744.42
14403,2010-03-10 14:00:00,2010-04-29 08:47:00,2,404.7
14404,2009-12-20 14:40:00,2010-12-05 16:00:00,8,1424.79
14408,2009-12-07 12:18:00,2010-08-25 13:08:00,4,1503.24
14409,2010-05-21 16:45:00,2010-12-06 15:06:00,5,1696.64
14410,2010-09-28 15:46:00,2010-11-28 14:57:00,2,1546.07
14413,2010-01-19 14:27:00,2010-10-25 14:41:00,3,647.67
14415,2009-12-16 14:08:00,2010-11-25 13:51:00,10,6191.32
14420,2010-01-17 12:41:00,2010-11-08 10:49:00,3,1251.65
14421,2010-01-17 11:30:00,2010-07-15 12:30:00,4,1656.26
14422,2009-12-17 12:12:00,2010-11-30 10:43:00,13,6007.88
14423,2010-01-14 11:49:00,2010-09-28 10:42:00,2,651.41
14425,2009-12-02 11:31:00,2010-10-01 10:24:00,3,661.39
14426,2010-03-04 14:36:00,2010-11-01 16:24:00,7,7246.27
14427,2010-03-18 09:49:00,2010-08-02 11:25:00,2,900.18
14430,2010-04-11 15:59:00,2010-07-16 11:35:00,3,1220.9
14431,2010-01-21 10:49:00,2010-11-25 14:03:00,3,2143.84
14437,2010-05-05 12:20:00,2010-12-09 09:27:00,5,895.84
14439,2010-01-21 14:01:00,2010-09-22 14:47:00,4,6781.8
14440,2009-12-02 12:13:00,2010-12-09 12:49:00,9,4281.05
14441,2010-01-18 10:40:00,2010-11-30 19:35:00,7,2898.8
14442,2010-01-18 12:59:00,2010-10-21 15:39:00,5,3777.2
14443,2010-11-25 14:18:00,2010-12-06 11:03:00,2,966.27
14449,2010-09-29 13:15:00,2010-12-02 14:09:00,5,1575.7
14450,2010-04-08 12:09:00,2010-11-25 11:58:00,4,645.19
14451,2010-01-17 10:35:00,2010-11-15 14:09:00,10,2646.18
14452,2010-07-06 13:13:00,2010-11-09 14:13:00,2,401.15
14454,2009-12-06 12:56:00,2010-11-28 13:26:00,5,977.3
14455,2010-08-01 13:26:00,2010-10-03 15:48:00,4,628.21
14460,2009-12-15 19:06:00,2010-11-08 15:00:00,6,659.16
14461,2010-01-18 12:48:00,2010-11-22 12:33:00,10,4610.44
14464,2010-03-22 15:20:00,2010-05-20 18:00:00,2,111.0
14465,2010-01-07 15:03:00,2010-10-07 15:09:00,8,2887.41
14466,2009-12-13 15:44:00,2010-12-02 13:36:00,7,2374.5
14467,2009-12-02 12:44:00,2010-11-15 11:01:00,8,1622.23
14469,2010-01-29 11:12:00,2010-10-19 14:30:00,4,2112.21
14471,2009-12-07 12:26:00,2010-04-27 17:12:00,2,400.95
14477,2010-01-04 15:41:00,2010-09-29 14:05:00,3,660.0
14478,2009-12-01 13:20:00,2010-11-22 15:29:00,4,1276.66
14479,2009-12-06 13:48:00,2010-12-09 12:59:00,3,982.86
14480,2009-12-21 16:32:00,2010-11-02 12:35:00,3,1020.47
14481,2010-01-31 12:43:00,2010-10-28 19:20:00,3,1674.98
14482,2010-08-26 14:13:00,2010-11-25 15:26:00,6,2289.76
14484,2009-12-17 10:57:00,2010-11-03 13:50:00,3,749.06
14486,2010-06-04 10:30:00,2010-07-16 09:42:00,2,175.5
14487,2010-11-25 13:36:00,2010-12-06 13:22:00,2,257.28
14489,2010-04-06 09:52:00,2010-09-28 15:26:00,3,1111.55
14490,2010-10-07 11:36:00,2010-10-29 15:04:00,2,1273.47
14492,2010-03-30 14:23:00,2010-10-05 13:21:00,7,1921.91
14493,2010-03-08 08:33:00,2010-11-14 16:16:00,5,2746.91
14494,2009-12-08 13:25:00,2010-11-03 13:13:00,2,261.9
14496,2010-03-16 13:15:00,2010-12-01 15:35:00,6,2129.42
14498,2010-06-07 16:05:00,2010-11-03 11:11:00,5,1953.95
14499,2010-08-27 11:57:00,2010-11-30 14:28:00,4,1323.65
14505,2009-12-09 14:48:00,2010-10-31 16:16:00,11,6096.2
14506,2010-04-19 08:27:00,2010-12-05 14:25:00,3,1278.5
14507,2009-12-10 17:04:00,2010-11-26 11:24:00,5,1901.25
14508,2010-06-17 13:02:00,2010-11-28 13:21:00,3,598.52
14510,2010-09-29 13:35:00,2010-11-29 12:46:00,3,1007.28
14512,2009-12-07 13:49:00,2010-11-21 13:00:00,5,948.19
14513,2010-05-20 17:57:00,2010-09-29 12:11:00,3,332.42
14514,2009-12-13 13:21:00,2010-09-29 13:14:00,6,3543.63
14515,2010-06-07 12:37:00,2010-11-17 12:24:00,6,1647.17
14519,2009-12-11 10:40:00,2010-01-25 11:18:00,2,206.09
14522,2010-01-24 13:55:00,2010-04-23 10:45:00,4,784.08
14524,2010-10-19 11:44:00,2010-10-26 11:21:00,4,1066.03
14525,2009-12-13 14:01:00,2010-10-07 19:03:00,8,3908.44
14527,2009-12-02 12:06:00,2010-12-09 12:32:00,69,19283.48
14530,2010-01-21 11:25:00,2010-11-08 13:05:00,10,3271.49
14532,2010-01-10 11:47:00,2010-10-24 12:24:00,7,2926.33
14533,2010-04-08 12:13:00,2010-10-28 16:42:00,4,1516.65
14534,2010-03-15 14:16:00,2010-11-07 10:44:00,8,1824.06
14535,2010-02-24 15:03:00,2010-11-09 16:03:00,6,3166.54
14538,2010-01-25 15:42:00,2010-06-27 10:23:00,3,982.59
14540,2009-12-07 13:00:00,2010-11-25 10:51:00,8,2799.08
14541,2010-01-07 11:59:00,2010-10-19 15:07:00,6,1038.03
14543,2009-12-01 13:47:00,2010-11-24 10:20:00,23,11276.44
14546,2009-12-06 13:10:00,2010-11-28 12:15:00,6,2619.81
14548,2009-12-06 14:00:00,2010-08-12 15:48:00,7,1974.69
14549,2009-12-02 14:06:00,2010-10-15 08:26:00,3,627.31
14550,2010-08-13 12:05:00,2010-11-16 14:05:00,2,587.69
14551,2010-01-27 12:06:00,2010-10-24 14:45:00,5,693.81
14552,2010-04-26 13:44:00,2010-11-24 12:36:00,2,346.21
14553,2010-07-18 12:07:00,2010-10-24 12:00:00,4,982.27
14555,2009-12-18 11:39:00,2010-11-23 11:35:00,4,1991.49
14556,2010-01-20 11:49:00,2010-04-22 14:57:00,3,835.34
14558,2009-12-08 10:41:00,2010-02-23 12:51:00,3,655.5
14560,2009-12-02 10:15:00,2010-11-25 09:50:00,22,3876.26
14562,2010-02-07 14:10:00,2010-11-14 11:10:00,8,1654.63
14563,2010-04-26 12:51:00,2010-07-18 12:01:00,2,679.44
14564,2009-12-04 09:27:00,2010-10-01 09:02:00,2,2605.62
14566,2010-06-24 10:34:00,2010-10-18 14:57:00,3,2660.0
14569,2010-04-15 11:49:00,2010-09-13 10:51:00,3,371.59
14572,2010-03-28 13:47:00,2010-10-18 17:11:00,4,2782.34
14573,2010-01-08 16:34:00,2010-12-02 19:59:00,5,968.0
14577,2009-12-11 12:09:00,2010-11-10 12:19:00,3,514.54
14583,2010-03-28 15:16:00,2010-11-21 15:28:00,3,728.48
14584,2010-02-17 14:01:00,2010-10-14 13:48:00,4,705.65
14585,2010-10-19 12:17:00,2010-11-22 12:44:00,4,986.22
14590,2009-12-07 14:10:00,2010-10-11 12:06:00,20,3006.62
14593,2009-12-09 12:57:00,2010-11-07 12:51:00,9,3094.02
14595,2010-01-20 13:59:00,2010-09-12 12:47:00,2,423.85
14597,2010-09-28 13:17:00,2010-11-25 13:38:00,4,1318.39
14599,2010-07-18 15:54:00,2010-11-14 14:49:00,2,474.54
14605,2009-12-08 13:59:00,2010-11-30 14:07:00,4,937.16
14606,2009-12-03 12:40:00,2010-12-08 12:08:00,102,18704.41
14607,2009-12-15 11:25:00,2010-08-29 13:35:00,8,7568.13
14608,2009-12-06 12:34:00,2010-11-25 15:52:00,7,1567.79
14609,2010-02-09 09:48:00,2010-11-14 10:14:00,6,884.64
14610,2010-07-13 16:06:00,2010-11-09 10:58:00,2,24.35
14611,2010-04-20 10:19:00,2010-09-22 09:19:00,2,604.33
14615,2010-06-09 13:59:00,2010-11-10 13:36:00,5,951.76
14616,2010-06-09 09:42:00,2010-11-19 16:33:00,2,121.7
14617,2010-10-20 10:40:00,2010-11-02 11:41:00,2,190.47
14618,2010-06-11 10:11:00,2010-11-28 10:24:00,4,788.88
14621,2010-01-25 09:08:00,2010-07-16 07:50:00,4,1212.21
14623,2010-04-16 17:12:00,2010-11-24 15:26:00,5,1170.33
14624,2010-04-14 10:44:00,2010-10-20 15:16:00,4,588.22
14625,2009-12-16 13:23:00,2010-11-30 12:33:00,9,3598.25
14626,2009-12-10 14:57:00,2010-11-09 09:23:00,7,2619.65
14628,2010-01-25 14:40:00,2010-09-23 18:24:00,3,1326.04
14631,2010-08-09 14:45:00,2010-11-18 10:37:00,3,1018.71
14634,2010-06-16 09:48:00,2010-09-28 10:40:00,4,2124.46
14639,2010-02-16 12:35:00,2010-10-27 13:47:00,3,1994.47
14640,2010-01-22 15:44:00,2010-10-26 09:45:00,4,1541.98
14643,2009-12-11 11:52:00,2010-04-01 08:33:00,3,986.08
14644,2009-12-03 16:24:00,2010-10-21 10:10:00,5,1416.96
14646,2009-12-02 16:52:00,2010-11-30 16:28:00,78,248396.5
14648,2009-12-10 13:59:00,2010-10-19 13:12:00,15,4546.86
14649,2010-01-20 13:10:00,2010-11-22 13:59:00,5,2358.02
14651,2010-03-18 11:39:00,2010-11-10 16:05:00,7,1379.52
14653,2009-12-02 11:51:00,2010-07-14 12:19:00,5,1666.99
14655,2010-04-22 14:29:00,2010-11-16 12:28:00,3,1946.28
14656,2010-04-15 12:10:00,2010-10-20 13:26:00,3,523.6
14657,2010-09-30 19:57:00,2010-10-06 15:33:00,2,612.65
14662,2009-12-03 16:47:00,2010-10-08 13:31:00,3,645.16
14663,2010-10-05 13:12:00,2010-10-05 13:21:00,2,490.6
14665,2010-04-26 11:17:00,2010-10-08 14:40:00,2,913.95
14667,2009-12-02 12:38:00,2010-12-09 14:19:00,31,12685.94
14669,2009-12-02 13:06:00,2010-03-16 09:39:00,4,1973.94
14671,2010-05-20 18:21:00,2010-06-08 13:39:00,2,1127.45
14672,2010-01-28 11:33:00,2010-07-12 10:23:00,2,347.59
14673,2010-10-26 10:14:00,2010-12-07 12:49:00,3,1674.41
14676,2010-03-10 09:30:00,2010-11-10 12:32:00,6,5808.55
14679,2009-12-08 17:13:00,2010-11-23 11:51:00,3,1289.44
14680,2009-12-04 12:36:00,2010-12-03 12:05:00,43,28658.66
14681,2010-02-24 08:54:00,2010-11-17 15:42:00,3,376.2
14682,2010-02-05 14:47:00,2010-10-07 09:53:00,4,1462.81
14685,2009-12-13 11:32:00,2010-05-12 13:08:00,8,4619.79
14686,2010-02-18 18:29:00,2010-10-21 18:31:00,5,885.83
14687,2010-06-06 10:36:00,2010-11-04 18:56:00,2,773.68
14688,2010-09-09 12:35:00,2010-12-01 09:37:00,8,2082.7
14690,2010-10-25 12:20:00,2010-11-12 14:51:00,2,422.63
14692,2010-04-01 14:04:00,2010-11-24 12:40:00,8,1153.54
14693,2010-07-02 08:28:00,2010-10-10 13:26:00,6,992.46
14695,2009-12-07 11:05:00,2010-07-08 14:18:00,3,1620.07
14696,2010-10-14 11:43:00,2010-12-01 15:37:00,2,688.95
14699,2010-07-02 12:04:00,2010-09-30 15:14:00,3,593.47
14700,2010-08-11 12:19:00,2010-10-20 12:26:00,2,880.96
14701,2010-01-24 12:15:00,2010-09-23 11:46:00,6,2012.72
14702,2009-12-10 20:22:00,2010-12-09 19:23:00,13,3462.08
14704,2010-03-25 17:21:00,2010-10-11 11:53:00,2,266.66
14707,2010-05-12 11:07:00,2010-09-30 11:37:00,2,139.2
14708,2010-09-10 10:26:00,2010-12-06 12:23:00,3,1085.91
14709,2009-12-05 15:26:00,2010-11-25 11:28:00,12,3965.29
14710,2009-12-03 17:12:00,2010-11-25 13:29:00,9,1316.46
14713,2009-12-03 19:22:00,2010-12-09 18:58:00,11,2752.51
14714,2010-01-21 11:51:00,2010-10-28 17:46:00,3,746.05
14715,2010-01-19 12:18:00,2010-09-23 13:04:00,4,973.07
14722,2010-08-10 13:28:00,2010-08-19 14:34:00,2,325.45
14723,2009-12-04 11:22:00,2010-12-03 14:26:00,7,934.76
14725,2010-06-23 11:34:00,2010-11-10 11:47:00,3,597.16
14727,2010-06-11 13:23:00,2010-06-11 13:30:00,2,199.35
14729,2010-03-24 13:30:00,2010-12-01 12:43:00,3,593.89
14732,2009-12-09 10:48:00,2010-11-12 16:42:00,11,2814.58
14733,2010-11-02 15:42:00,2010-12-07 11:30:00,4,6599.06
14734,2010-06-06 15:15:00,2010-10-10 12:04:00,4,1056.42
14735,2009-12-04 11:32:00,2010-11-16 13:39:00,24,6174.47
14736,2010-08-11 15:13:00,2010-08-11 15:21:00,2,401.08
14738,2009-12-07 10:21:00,2010-05-27 20:31:00,2,507.45
14739,2009-12-02 13:23:00,2010-12-07 14:58:00,19,8385.22
14740,2010-02-25 11:40:00,2010-10-26 09:47:00,8,2712.85
14741,2010-10-18 09:33:00,2010-12-02 08:43:00,2,497.25
14744,2010-05-18 14:06:00,2010-12-08 10:21:00,8,2785.1
14745,2010-03-12 10:33:00,2010-07-26 13:07:00,7,1351.55
14746,2010-10-12 11:06:00,2010-10-29 14:44:00,4,593.5
14748,2010-03-04 17:08:00,2010-12-06 10:24:00,7,1736.57
14751,2009-12-13 14:08:00,2010-01-24 13:37:00,2,126.45
14754,2010-01-18 11:04:00,2010-10-10 10:22:00,4,912.43
14755,2009-12-03 16:51:00,2010-11-23 14:42:00,14,4962.27
14756,2010-10-11 11:50:00,2010-11-22 09:22:00,2,1914.8
14758,2010-04-08 08:27:00,2010-11-08 09:42:00,3,1380.91
14766,2010-06-06 11:11:00,2010-12-08 15:33:00,6,4082.76
14769,2009-12-16 09:17:00,2010-11-14 13:39:00,9,5097.13
14770,2010-02-25 18:58:00,2010-08-29 10:45:00,6,2761.22
14771,2009-12-03 09:44:00,2010-03-28 12:52:00,2,594.62
14776,2010-09-19 14:12:00,2010-11-17 09:53:00,4,1170.0
14790,2009-12-11 14:37:00,2010-11-30 17:45:00,6,1781.56
14794,2010-08-09 15:44:00,2010-11-02 09:06:00,3,633.99
14796,2009-12-14 15:06:00,2010-12-08 10:40:00,11,2867.15
14798,2010-03-01 08:38:00,2010-11-23 15:59:00,5,550.57
14800,2010-09-30 14:38:00,2010-12-05 11:10:00,6,3434.58
14802,2010-09-27 16:32:00,2010-09-27 16:34:00,2,1502.98
14805,2010-03-28 12:34:00,2010-10-31 14:50:00,3,549.99
14807,2010-02-28 11:33:00,2010-11-14 12:47:00,2,519.29
14809,2010-03-28 15:42:00,2010-03-28 15:44:00,2,686.76
14810,2010-10-06 13:12:00,2010-12-05 12:08:00,3,449.14
14813,2010-04-08 11:49:00,2010-12-05 11:57:00,4,935.44
14817,2010-03-22 12:10:00,2010-11-09 12:15:00,5,2849.52
14818,2010-03-02 12:48:00,2010-09-07 14:16:00,3,512.61
14819,2009-12-21 15:54:00,2010-08-02 17:19:00,2,198.09
14820,2010-01-31 12:49:00,2010-11-24 17:15:00,5,767.47
14821,2010-02-01 13:33:00,2010-12-08 08:43:00,7,1237.65
14824,2010-03-12 13:07:00,2010-11-25 12:40:00,6,2895.2
14825,2010-04-06 14:14:00,2010-12-06 12:30:00,13,2698.17
14826,2010-01-13 13:08:00,2010-05-07 09:00:00,2,385.2
14828,2009-12-07 11:19:00,2010-11-16 17:23:00,10,7699.7
14829,2010-09-29 13:14:00,2010-12-02 16:12:00,4,995.29
14831,2009-12-02 09:21:00,2010-01-28 14:31:00,3,1676.57
14835,2010-04-01 19:34:00,2010-06-29 10:08:00,2,297.0
14837,2010-01-24 10:20:00,2010-09-23 09:11:00,5,1810.82
14838,2009-12-03 09:52:00,2010-10-12 15:46:00,2,773.67
14839,2010-01-04 16:29:00,2010-10-17 13:01:00,3,915.28
14841,2009-12-02 16:49:00,2010-11-30 13:01:00,8,3867.24
14844,2010-04-12 12:50:00,2010-10-05 11:54:00,6,3512.62
14847,2010-05-24 12:29:00,2010-10-28 09:45:00,2,1039.55
14849,2010-01-10 11:40:00,2010-12-01 12:23:00,21,7832.91
14850,2010-05-20 13:28:00,2010-10-18 15:52:00,6,1468.26
14852,2010-03-05 14:51:00,2010-10-11 14:46:00,12,3310.49
14853,2010-04-13 09:26:00,2010-10-12 17:17:00,3,901.07
14854,2010-01-22 09:48:00,2010-11-14 14:37:00,4,1563.03
14855,2010-04-08 10:30:00,2010-08-22 13:37:00,5,5874.65
14857,2010-03-15 11:00:00,2010-09-23 14:09:00,5,2478.73
14861,2009-12-08 12:12:00,2010-11-24 11:18:00,9,1254.94
14865,2009-12-01 16:05:00,2010-12-02 18:23:00,3,77.52
14866,2010-08-26 11:54:00,2010-12-08 14:58:00,8,6460.32
14867,2009-12-05 15:47:00,2010-11-09 10:31:00,13,2241.78
14868,2010-10-15 14:52:00,2010-11-24 13:53:00,4,1230.42
14869,2009-12-16 11:43:00,2010-11-16 14:09:00,4,2078.54
14870,2010-01-25 09:05:00,2010-10-22 14:58:00,5,1511.7
14871,2009-12-01 11:57:00,2010-08-03 14:18:00,5,736.59
14872,2010-03-16 14:41:00,2010-08-13 12:34:00,3,816.6
14876,2010-05-27 13:49:00,2010-07-06 14:57:00,2,256.7
14877,2010-03-07 12:25:00,2010-10-17 13:09:00,2,437.0
14878,2010-02-21 11:14:00,2010-11-28 14:13:00,16,2619.7
14882,2010-03-30 15:02:00,2010-11-14 13:04:00,12,3038.45
14885,2010-08-31 10:11:00,2010-10-08 12:08:00,2,832.8
14890,2010-02-18 09:00:00,2010-03-31 09:40:00,2,691.6
14891,2010-09-29 12:41:00,2010-10-19 12:10:00,2,552.35
14894,2009-12-02 10:42:00,2010-09-22 15:23:00,2,837.06
14895,2009-12-10 14:22:00,2010-11-21 13:51:00,18,13980.83
14896,2009-12-06 12:42:00,2010-12-09 12:24:00,7,1623.65
14897,2009-12-15 17:05:00,2010-10-26 11:17:00,4,1774.16
14898,2009-12-03 16:40:00,2010-12-03 15:25:00,9,2204.29
14901,2010-07-29 11:11:00,2010-12-08 10:46:00,5,868.36
14902,2010-06-04 12:35:00,2010-11-09 10:29:00,2,702.96
14904,2010-10-08 12:48:00,2010-10-27 15:40:00,2,615.2
14905,2009-12-03 14:36:00,2010-11-30 11:07:00,6,1355.24
14907,2010-04-16 13:40:00,2010-12-07 10:14:00,10,2664.69
14909,2010-02-14 15:47:00,2010-09-28 16:56:00,3,1404.68
14911,2009-12-01 11:41:00,2010-12-09 12:17:00,205,152147.57
14912,2010-01-26 16:29:00,2010-11-03 09:51:00,4,1021.4
14913,2010-08-11 08:40:00,2010-11-16 16:50:00,4,2845.7
14915,2009-12-03 10:17:00,2010-11-29 08:23:00,9,1503.77
14916,2010-04-01 10:57:00,2010-10-04 14:33:00,4,1773.97
14917,2010-04-22 09:44:00,2010-04-22 11:28:00,2,1123.75
14918,2010-04-08 11:18:00,2010-10-31 12:41:00,7,4345.66
14922,2010-07-20 09:45:00,2010-11-11 11:14:00,2,843.74
14924,2010-03-10 12:51:00,2010-04-08 15:40:00,2,620.96
14926,2010-04-20 09:59:00,2010-11-23 07:13:00,2,359.4
14930,2010-04-12 11:22:00,2010-08-26 11:43:00,3,2873.77
14932,2010-11-19 09:16:00,2010-12-09 11:48:00,2,666.13
14933,2010-09-21 17:29:00,2010-09-22 10:47:00,4,1770.0
14934,2010-09-24 12:08:00,2010-11-26 11:24:00,3,1612.56
14936,2010-05-05 12:26:00,2010-11-14 11:32:00,4,4273.79
14938,2010-05-26 13:35:00,2010-05-26 13:38:00,2,2322.43
14940,2009-12-06 15:46:00,2010-10-18 10:47:00,2,531.49
14942,2009-12-10 10:32:00,2010-11-03 10:51:00,4,746.56
14944,2010-02-17 08:47:00,2010-11-15 10:46:00,7,3884.42
14947,2010-03-25 11:29:00,2010-11-16 18:30:00,4,758.97
14949,2009-12-18 15:28:00,2010-08-27 15:38:00,4,515.0
14952,2009-12-03 15:34:00,2010-11-08 12:21:00,21,9529.86
14953,2010-09-30 12:16:00,2010-10-17 12:52:00,3,723.95
14958,2009-12-03 16:02:00,2010-04-23 14:31:00,3,458.26
14961,2009-12-04 11:32:00,2010-11-25 09:46:00,13,9365.47
14962,2010-05-04 14:57:00,2010-06-18 15:57:00,3,240.21
14963,2010-07-02 12:43:00,2010-11-25 11:19:00,7,1676.68
14966,2009-12-15 13:48:00,2010-11-17 13:14:00,5,924.52
14967,2009-12-03 14:07:00,2010-09-24 11:11:00,5,1518.81
14970,2010-02-14 13:37:00,2010-10-26 16:35:00,8,3327.29
14978,2010-04-28 10:50:00,2010-10-05 13:52:00,5,1210.72
14984,2010-01-11 13:22:00,2010-11-16 10:36:00,4,1058.14
14986,2010-01-24 15:54:00,2010-11-28 15:25:00,2,566.9
14987,2009-12-02 14:56:00,2010-12-09 12:13:00,7,1387.45
14988,2010-04-16 13:34:00,2010-11-24 12:53:00,6,1732.06
14990,2009-12-09 13:31:00,2010-04-06 13:54:00,2,305.42
14994,2010-03-26 14:16:00,2010-11-22 12:59:00,5,960.63
14996,2010-08-15 13:41:00,2010-08-15 13:44:00,2,442.29
14998,2010-04-13 16:07:00,2010-10-07 18:48:00,2,340.86
15001,2010-11-10 13:31:00,2010-11-10 13:51:00,2,230.86
15002,2010-01-12 11:40:00,2010-12-07 13:16:00,6,3175.52
15003,2010-01-26 13:04:00,2010-08-23 15:44:00,6,1060.7
15005,2009-12-01 14:19:00,2010-12-08 14:36:00,29,7789.63
15008,2010-03-12 11:13:00,2010-08-16 13:09:00,2,360.0
15011,2010-10-19 12:05:00,2010-11-09 11:10:00,2,416.6
15012,2010-05-12 11:49:00,2010-12-01 12:49:00,2,437.58
15013,2010-01-31 12:15:00,2010-08-09 12:05:00,10,1641.3
15015,2009-12-14 14:46:00,2010-07-26 13:50:00,13,2365.02
15016,2010-06-14 13:06:00,2010-11-11 16:30:00,4,460.26
15021,2010-07-29 16:35:00,2010-12-08 12:17:00,4,869.01
15023,2010-02-03 15:45:00,2010-12-05 13:49:00,10,5367.92
15024,2010-10-11 16:14:00,2010-12-07 17:05:00,8,2414.18
15026,2010-09-17 13:52:00,2010-11-29 13:50:00,2,592.61
15027,2010-03-25 14:39:00,2010-11-09 16:53:00,6,2129.45
15028,2010-11-10 14:32:00,2010-12-06 12:47:00,3,530.58
15030,2010-03-04 17:10:00,2010-11-24 14:57:00,6,1461.63
15031,2009-12-08 13:38:00,2010-11-10 16:14:00,10,2488.44
15032,2009-12-10 15:27:00,2010-12-08 13:30:00,7,8821.55
15034,2010-05-11 13:30:00,2010-11-18 14:07:00,6,4004.79
15037,2010-11-28 12:14:00,2010-11-28 13:05:00,2,402.51
15038,2010-10-10 14:35:00,2010-12-05 10:54:00,4,604.37
15039,2009-12-10 11:39:00,2010-12-06 11:26:00,47,20116.99
15043,2010-06-24 15:50:00,2010-09-02 15:09:00,5,2336.8
15044,2009-12-16 15:13:00,2010-11-25 13:13:00,18,8504.1
15046,2010-01-14 14:29:00,2010-10-10 12:09:00,10,2598.62
15050,2010-08-16 12:00:00,2010-10-14 14:18:00,2,2411.7
15051,2009-12-01 13:29:00,2010-11-25 16:46:00,6,2543.55
15055,2009-12-16 15:48:00,2010-08-22 11:06:00,3,560.07
15057,2009-12-05 15:27:00,2010-09-22 14:22:00,3,1766.46
15058,2010-02-24 14:07:00,2010-11-28 10:42:00,5,1285.04
15059,2009-12-06 12:17:00,2010-11-28 11:14:00,10,2185.85
15061,2009-12-01 12:18:00,2010-12-07 13:50:00,86,83284.38
15062,2010-04-08 15:41:00,2010-10-12 10:38:00,4,1597.76
15064,2009-12-22 16:17:00,2010-10-25 14:32:00,4,1254.41
15067,2010-04-11 15:54:00,2010-10-22 14:30:00,2,2133.12
15068,2010-03-28 13:18:00,2010-10-17 16:08:00,2,623.49
15070,2009-12-15 13:49:00,2010-12-02 11:23:00,3,737.05
15071,2010-05-18 12:45:00,2010-11-18 13:30:00,2,473.49
15073,2010-01-27 08:48:00,2010-11-04 10:26:00,5,1744.61
15074,2010-08-29 11:47:00,2010-10-06 15:49:00,2,817.46
15076,2010-07-05 14:11:00,2010-08-04 13:37:00,2,566.89
15077,2009-12-09 17:10:00,2010-08-02 11:13:00,2,2428.08
15078,2009-12-04 12:03:00,2010-12-06 12:39:00,23,8018.77
15079,2009-12-08 11:22:00,2010-12-09 09:25:00,8,2871.74
15080,2010-07-26 10:03:00,2010-10-08 11:52:00,2,546.25
15081,2010-06-22 10:25:00,2010-12-07 16:20:00,8,1460.92
15084,2010-03-04 10:45:00,2010-11-25 11:58:00,2,965.2
15086,2010-03-24 13:56:00,2010-05-24 12:27:00,2,218.53
15091,2010-02-03 11:46:00,2010-02-03 11:50:00,2,565.9
15093,2009-12-08 12:46:00,2010-12-02 18:25:00,18,9729.09
15094,2010-03-05 12:56:00,2010-09-02 16:55:00,2,83.0
15095,2010-01-21 09:37:00,2010-10-15 11:47:00,6,1771.04
15097,2010-05-05 14:22:00,2010-05-05 14:33:00,2,660.27
15100,2010-01-07 14:33:00,2010-12-08 12:09:00,6,2018.7
15101,2010-04-28 15:00:00,2010-07-12 10:46:00,4,1160.41
15102,2010-06-11 10:16:00,2010-06-27 12:16:00,2,554.67
15105,2010-03-23 12:18:00,2010-10-05 14:12:00,2,795.98
15107,2010-09-14 10:47:00,2010-12-02 13:45:00,4,620.85
15109,2009-12-04 12:33:00,2010-05-09 13:44:00,2,498.15
15110,2010-08-11 15:49:00,2010-11-01 10:31:00,2,509.75
15111,2010-04-26 13:12:00,2010-12-02 11:45:00,3,1163.39
15114,2010-10-14 16:44:00,2010-11-21 16:14:00,2,639.56
15117,2010-03-15 13:39:00,2010-09-17 14:45:00,3,934.19
15122,2010-03-30 14:05:00,2010-10-13 09:42:00,8,2863.69
15123,2010-03-16 09:49:00,2010-10-14 16:30:00,3,2456.86
15124,2010-02-26 10:49:00,2010-08-20 12:31:00,2,266.63
15125,2010-03-31 13:29:00,2010-08-17 09:54:00,9,5496.39
15126,2010-01-21 17:09:00,2010-06-21 12:31:00,2,449.49
15129,2010-04-08 17:15:00,2010-11-19 11:48:00,12,3412.78
15133,2010-07-07 12:31:00,2010-11-22 15:16:00,2,824.48
15134,2010-10-13 12:44:00,2010-11-23 14:59:00,2,208.3
15137,2010-01-28 15:45:00,2010-07-07 09:41:00,2,823.4
15141,2010-03-28 15:58:00,2010-09-08 11:33:00,7,1388.47
15142,2010-07-27 09:05:00,2010-10-25 15:36:00,5,2121.18
15144,2009-12-13 11:35:00,2010-11-25 18:50:00,12,5579.87
15149,2010-02-28 11:13:00,2010-05-12 16:04:00,4,1033.81
15150,2010-06-14 12:01:00,2010-09-09 17:19:00,3,3686.61
15151,2010-07-18 12:19:00,2010-10-12 16:37:00,2,2085.61
15154,2010-08-18 17:41:00,2010-08-18 17:43:00,2,1091.99
15157,2009-12-10 14:44:00,2010-05-19 13:29:00,2,718.04
15159,2010-10-04 09:31:00,2010-11-09 11:11:00,4,3475.72
15160,2010-10-14 15:26:00,2010-11-30 15:41:00,3,431.11
15164,2010-01-18 13:34:00,2010-11-15 17:11:00,6,1225.87
15167,2010-02-04 14:13:00,2010-10-28 14:19:00,4,1496.67
15169,2009-12-13 11:16:00,2010-11-22 13:04:00,2,569.22
15173,2010-04-01 12:26:00,2010-11-24 10:21:00,7,1494.6
15179,2009-12-03 12:27:00,2010-11-12 15:35:00,8,5284.97
15180,2010-04-29 15:27:00,2010-12-07 14:57:00,3,816.93
15181,2009-12-08 19:02:00,2010-10-15 11:47:00,2,510.72
15182,2010-02-21 12:03:00,2010-11-19 10:31:00,9,2376.1
15183,2010-05-04 11:31:00,2010-06-10 10:43:00,3,639.93
15184,2009-12-16 12:06:00,2010-11-17 12:41:00,2,283.19
15186,2010-01-12 10:14:00,2010-08-22 15:00:00,3,991.79
15189,2010-07-18 13:37:00,2010-11-23 18:47:00,5,1298.99
15191,2010-01-20 12:35:00,2010-09-02 15:37:00,3,588.05
15192,2010-01-29 10:13:00,2010-12-09 14:56:00,3,937.07
15194,2009-12-03 10:37:00,2010-12-06 15:00:00,14,4811.16
15196,2009-12-13 11:14:00,2010-10-03 10:50:00,2,316.25
15197,2009-12-11 12:56:00,2010-11-10 11:55:00,3,797.9
15198,2010-01-19 10:01:00,2010-10-27 10:32:00,3,377.71
15199,2010-05-13 10:14:00,2010-11-30 10:56:00,6,1853.7
15201,2010-04-07 14:50:00,2010-09-26 10:50:00,2,606.41
15202,2010-10-15 12:39:00,2010-10-15 13:05:00,3,6001.49
15203,2009-12-08 18:06:00,2010-11-14 12:14:00,9,2572.38
15207,2010-06-10 17:29:00,2010-10-19 13:29:00,3,683.92
15210,2010-05-13 14:42:00,2010-11-26 09:09:00,2,845.01
15215,2010-04-06 11:21:00,2010-11-11 10:50:00,4,1687.49
15218,2010-01-26 11:33:00,2010-11-15 11:39:00,11,5759.68
15221,2010-03-12 10:40:00,2010-12-08 13:08:00,4,2062.2
15222,2009-12-16 13:49:00,2010-08-24 10:39:00,10,2965.91
15223,2009-12-05 11:19:00,2010-04-09 11:34:00,3,662.2
15224,2010-01-15 16:14:00,2010-07-15 09:08:00,3,549.28
15227,2010-03-16 08:23:00,2010-11-08 13:31:00,4,1269.09
15228,2010-07-28 10:21:00,2010-10-07 14:24:00,2,2193.56
15235,2010-11-16 12:48:00,2010-12-05 15:02:00,6,690.3
15240,2009-12-05 14:57:00,2010-11-30 11:51:00,7,2753.41
15241,2010-02-23 13:59:00,2010-10-05 08:50:00,3,1293.72
15245,2010-04-23 14:23:00,2010-11-02 12:58:00,5,2095.0
15247,2010-06-20 14:08:00,2010-08-19 10:13:00,2,620.06
15248,2010-06-23 14:34:00,2010-10-24 13:09:00,3,1893.93
15249,2010-03-26 14:51:00,2010-10-05 16:34:00,5,2577.54
15251,2010-01-29 12:42:00,2010-10-21 14:29:00,10,9839.55
15252,2010-04-07 10:24:00,2010-10-14 12:05:00,3,1362.63
15253,2010-05-02 11:17:00,2010-11-01 13:46:00,3,1136.89
15254,2010-05-28 10:08:00,2010-06-11 10:30:00,2,787.99
15255,2009-12-03 09:10:00,2010-11-08 15:12:00,8,2838.57
15259,2010-01-26 09:41:00,2010-07-15 08:47:00,4,1182.38
15260,2009-12-06 11:45:00,2010-12-02 12:09:00,20,7377.46
15261,2010-10-01 11:59:00,2010-11-23 09:13:00,3,1253.18
15262,2010-08-08 15:55:00,2010-11-24 13:21:00,2,239.87
15265,2009-12-01 17:08:00,2010-04-14 11:20:00,2,1839.52
15266,2010-01-07 12:19:00,2010-11-25 16:36:00,4,732.91
15268,2010-04-13 11:27:00,2010-08-18 10:33:00,3,961.9
15269,2010-11-14 12:58:00,2010-11-24 15:32:00,2,816.56
15270,2009-12-17 15:02:00,2010-11-04 11:48:00,14,6145.37
15271,2010-08-05 14:57:00,2010-12-09 13:47:00,10,2202.47
15272,2010-02-14 13:39:00,2010-09-15 17:07:00,4,1363.54
15276,2010-10-01 12:24:00,2010-11-10 16:07:00,3,514.22
15278,2010-02-12 14:53:00,2010-05-27 10:03:00,4,496.16
15279,2010-02-02 10:15:00,2010-11-24 13:03:00,4,1290.03
15280,2010-05-17 14:17:00,2010-08-08 12:21:00,2,293.1
15281,2010-10-08 12:14:00,2010-11-26 16:31:00,7,6211.42
15283,2010-07-09 15:46:00,2010-11-14 14:54:00,3,148.33
15287,2009-12-02 12:13:00,2010-11-25 10:29:00,3,369.34
15288,2010-02-12 15:27:00,2010-12-09 13:59:00,6,1576.61
15289,2010-03-28 11:45:00,2010-09-07 12:38:00,2,653.31
15290,2010-02-24 10:15:00,2010-11-11 12:04:00,8,2553.06
15291,2009-12-03 11:09:00,2010-12-01 09:32:00,26,9178.26
15296,2010-01-21 13:48:00,2010-10-15 09:33:00,6,6669.97
15298,2009-12-08 17:04:00,2010-12-08 13:55:00,12,4659.47
15299,2010-01-12 11:34:00,2010-12-02 16:51:00,6,3484.53
15301,2010-09-15 15:41:00,2010-12-06 12:21:00,6,2533.09
15303,2010-01-25 09:42:00,2010-05-23 12:14:00,2,650.16
15304,2010-10-14 10:24:00,2010-12-06 11:42:00,2,225.15
15306,2010-02-18 17:12:00,2010-07-27 14:39:00,6,2310.38
15309,2009-12-04 13:01:00,2010-04-08 11:11:00,4,797.96
15311,2009-12-01 11:21:00,2010-12-09 14:15:00,121,56003.26
15312,2009-12-16 09:23:00,2010-11-21 15:10:00,8,2005.34
15314,2010-10-07 15:41:00,2010-10-22 12:19:00,2,492.48
15321,2010-02-03 09:47:00,2010-09-28 18:11:00,9,3961.42
15323,2010-02-16 09:21:00,2010-05-26 10:01:00,3,434.6
15325,2010-02-16 13:30:00,2010-11-09 13:14:00,7,1439.72
15326,2009-12-01 13:19:00,2010-04-09 15:22:00,4,1388.81
15329,2009-12-14 12:18:00,2010-11-30 11:24:00,8,1934.63
15331,2010-04-09 14:26:00,2010-07-28 09:42:00,3,767.91
15332,2010-07-14 13:01:00,2010-12-08 14:43:00,6,4892.68
15339,2010-02-08 13:38:00,2010-10-14 14:04:00,5,1253.77
15346,2010-10-04 15:11:00,2010-10-10 13:55:00,2,343.7
15347,2010-09-28 12:50:00,2010-12-08 15:25:00,4,1162.0
15350,2010-11-21 15:14:00,2010-12-01 13:33:00,2,547.6
15351,2010-10-03 12:18:00,2010-12-05 11:49:00,4,1778.18
15353,2009-12-02 11:33:00,2010-12-07 11:49:00,6,2398.93
15354,2010-04-15 16:17:00,2010-04-15 16:24:00,3,284.4
15356,2010-10-13 13:12:00,2010-12-06 14:05:00,4,698.45
15358,2009-12-07 12:19:00,2010-12-09 10:04:00,22,8703.21
15359,2010-01-15 11:30:00,2010-02-15 10:47:00,8,181.35
15361,2010-06-14 13:27:00,2010-07-01 14:15:00,3,270.15
15362,2009-12-01 09:08:00,2010-09-17 10:37:00,2,613.08
15363,2010-08-04 08:41:00,2010-12-02 12:28:00,2,678.11
15365,2010-02-04 16:43:00,2010-11-01 10:44:00,6,2242.81
15366,2010-02-26 10:10:00,2010-10-26 09:52:00,5,1786.57
15367,2009-12-10 14:20:00,2010-10-17 15:05:00,7,3203.74
15369,2009-12-08 07:43:00,2010-08-04 13:54:00,11,6251.26
15372,2010-02-14 11:24:00,2010-09-15 14:52:00,7,4009.66
15373,2010-05-02 11:57:00,2010-12-03 14:40:00,6,1005.48
15377,2010-10-20 11:42:00,2010-11-22 08:55:00,4,1211.75
15378,2010-07-26 08:47:00,2010-09-03 11:30:00,2,246.5
15380,2009-12-01 13:50:00,2010-12-09 15:01:00,7,1788.8
15381,2010-05-05 14:35:00,2010-10-12 13:32:00,3,1293.72
15382,2009-12-04 14:13:00,2010-11-30 09:46:00,6,7777.84
15384,2010-04-26 12:38:00,2010-11-23 12:04:00,2,1385.38
15385,2010-01-31 13:02:00,2010-11-12 12:28:00,2,625.2
15389,2010-01-27 12:44:00,2010-11-04 19:23:00,4,2233.8
15390,2010-10-26 17:23:00,2010-11-08 15:19:00,2,1216.66
15392,2010-10-04 12:50:00,2010-11-30 09:50:00,3,1376.09
15393,2009-12-15 17:56:00,2010-05-21 11:34:00,3,659.48
15394,2009-12-15 19:05:00,2010-11-09 12:26:00,7,3103.26
15400,2010-05-28 08:33:00,2010-10-15 12:00:00,3,586.1
15401,2010-05-20 10:56:00,2010-09-13 13:42:00,2,216.95
15402,2010-04-27 12:12:00,2010-11-17 12:58:00,4,1203.77
15403,2009-12-09 12:45:00,2010-08-05 12:21:00,2,170.88
15406,2010-09-12 13:06:00,2010-09-12 13:10:00,2,465.16
15410,2010-04-19 08:57:00,2010-05-20 09:53:00,2,1234.88
15413,2009-12-01 10:18:00,2010-01-17 11:33:00,5,6798.72
15416,2010-02-01 11:55:00,2010-08-18 09:48:00,3,588.5
15418,2010-05-02 11:31:00,2010-10-10 13:38:00,2,452.32
15420,2009-12-05 13:29:00,2010-10-01 15:46:00,6,743.0
15421,2009-12-07 15:10:00,2010-11-19 13:21:00,6,2854.98
15422,2010-02-07 11:52:00,2010-11-25 17:00:00,5,1522.27
15423,2010-03-28 13:42:00,2010-05-07 09:21:00,2,223.39
15425,2010-02-14 12:36:00,2010-11-04 18:13:00,4,1944.57
15426,2010-05-02 15:10:00,2010-12-05 13:55:00,5,1168.0
15428,2009-12-17 17:46:00,2010-11-17 13:46:00,3,668.97
15430,2010-06-29 15:04:00,2010-08-29 10:42:00,2,954.75
15434,2010-01-24 15:35:00,2010-11-30 15:46:00,6,1525.58
15439,2010-02-24 12:05:00,2010-10-31 10:38:00,4,1269.05
15441,2009-12-09 14:55:00,2010-11-08 15:50:00,3,1254.21
15443,2010-03-07 12:10:00,2010-08-22 12:45:00,7,1939.02
15446,2009-12-13 13:53:00,2010-11-28 11:59:00,3,406.95
15447,2010-03-24 14:40:00,2010-06-30 13:06:00,4,337.71
15451,2010-04-19 14:08:00,2010-10-01 13:40:00,2,233.21
15452,2010-07-16 14:23:00,2010-11-14 15:14:00,3,1260.38
15456,2009-12-08 12:54:00,2010-11-01 17:05:00,7,1672.05
15459,2010-07-30 14:31:00,2010-10-18 15:25:00,2,202.83
15461,2010-03-18 12:40:00,2010-09-05 12:31:00,2,429.7
15465,2009-12-10 09:42:00,2010-12-05 10:12:00,15,5301.03
15466,2009-12-03 12:28:00,2010-11-15 12:50:00,3,1236.48
15471,2010-06-07 12:17:00,2010-11-24 14:39:00,2,847.08
15476,2010-09-23 14:00:00,2010-11-24 15:17:00,4,2209.98
15480,2010-02-01 14:52:00,2010-08-31 11:04:00,4,5373.5
15482,2009-12-02 16:59:00,2010-11-18 11:02:00,7,3537.6
15483,2010-01-24 15:42:00,2010-11-19 13:24:00,6,628.39
15484,2009-12-05 15:18:00,2010-06-17 16:16:00,2,1061.69
15485,2009-12-01 17:31:00,2010-12-01 13:23:00,5,3196.51
15488,2010-05-05 13:03:00,2010-09-09 11:59:00,4,340.6
15489,2010-01-15 16:58:00,2010-11-04 11:48:00,5,1285.33
15493,2010-02-23 11:14:00,2010-11-15 12:43:00,4,2313.18
15494,2009-12-10 20:16:00,2010-08-18 16:54:00,3,2480.82
15497,2009-12-18 15:08:00,2010-11-22 13:15:00,7,7395.19
15498,2009-12-16 17:27:00,2010-12-08 14:46:00,19,12723.18
15501,2010-10-20 12:47:00,2010-10-31 11:15:00,2,402.5
15502,2010-06-03 11:12:00,2010-12-06 14:55:00,5,3608.54
15504,2010-02-12 12:34:00,2010-07-07 12:02:00,3,371.02
15506,2010-08-19 12:38:00,2010-11-23 12:48:00,3,1060.77
15512,2010-02-01 13:23:00,2010-11-14 12:39:00,2,210.58
15513,2010-01-13 14:59:00,2010-12-09 09:23:00,18,12992.33
15514,2009-12-04 16:37:00,2010-11-25 14:53:00,7,2459.09
15518,2009-12-20 12:21:00,2010-11-25 19:36:00,7,2276.49
15519,2010-09-19 13:57:00,2010-11-21 14:35:00,2,344.61
15521,2010-01-05 10:19:00,2010-11-04 18:40:00,8,4106.49
15523,2009-12-02 15:16:00,2010-11-16 15:27:00,15,16947.98
15525,2010-11-22 12:10:00,2010-12-01 13:17:00,2,469.78
15527,2009-12-15 17:31:00,2010-11-10 12:13:00,15,3145.86
15529,2010-11-10 14:26:00,2010-12-08 12:24:00,2,1116.72
15532,2010-06-08 14:52:00,2010-11-28 15:18:00,6,2190.97
15535,2010-09-16 20:04:00,2010-10-31 14:09:00,2,551.42
15538,2010-02-14 12:38:00,2010-06-20 10:49:00,6,3358.4
15542,2009-12-02 11:53:00,2010-07-15 13:32:00,3,918.45
15544,2010-01-28 14:39:00,2010-12-02 12:47:00,12,4615.72
15546,2010-04-12 11:45:00,2010-04-12 11:51:00,2,1079.1
15547,2009-12-06 13:40:00,2010-11-28 13:56:00,12,5199.55
15549,2010-01-11 13:16:00,2010-10-14 16:54:00,5,652.7
15550,2009-12-03 15:15:00,2010-11-26 11:14:00,8,1643.17
15551,2010-06-07 15:05:00,2010-11-10 14:04:00,6,1274.02
15555,2009-12-06 11:58:00,2010-12-09 16:53:00,22,7307.18
15560,2010-11-07 10:14:00,2010-11-07 10:15:00,2,153.52
15561,2010-02-14 12:22:00,2010-11-21 10:40:00,4,1133.8
15562,2009-12-13 15:17:00,2010-10-11 10:33:00,2,538.83
15563,2010-01-28 11:36:00,2010-07-13 11:57:00,3,1466.56
15564,2010-02-01 15:58:00,2010-09-02 15:52:00,2,70.74
15566,2009-12-15 14:53:00,2010-11-12 12:11:00,2,227.87
15569,2010-02-28 10:55:00,2010-11-14 10:46:00,5,2210.64
15570,2010-03-28 14:04:00,2010-12-05 12:57:00,14,5145.52
15571,2009-12-06 12:10:00,2010-11-18 14:25:00,10,3401.2
15572,2010-04-14 14:38:00,2010-11-24 13:16:00,3,1515.81
15573,2009-12-10 14:19:00,2010-03-31 13:40:00,3,599.73
15574,2010-09-01 14:37:00,2010-12-02 15:46:00,3,816.45
15577,2009-12-13 16:17:00,2009-12-16 14:54:00,2,139.1
15579,2010-10-03 14:37:00,2010-11-21 15:38:00,3,953.9
15580,2010-02-07 11:21:00,2010-11-28 11:00:00,8,1381.19
15581,2009-12-02 12:19:00,2010-12-08 14:38:00,26,4114.62
15584,2010-02-07 12:16:00,2010-11-05 11:34:00,2,552.39
15586,2010-01-08 10:02:00,2010-04-26 11:00:00,3,1139.1
15587,2010-08-05 08:44:00,2010-11-12 12:07:00,3,608.4
15590,2010-04-12 10:09:00,2010-11-22 14:49:00,5,1496.6
15591,2010-02-04 09:20:00,2010-05-06 09:23:00,3,217.9
15596,2010-07-28 11:46:00,2010-12-09 16:10:00,5,1723.45
15600,2010-04-25 11:50:00,2010-10-07 14:30:00,4,1199.31
15601,2009-12-01 14:53:00,2010-12-02 10:39:00,17,8183.56
15602,2009-12-02 09:35:00,2010-12-06 15:35:00,8,1932.64
15605,2010-01-14 14:03:00,2010-12-01 13:38:00,5,738.57
15606,2010-03-02 14:48:00,2010-11-14 15:27:00,8,2310.83
15607,2010-01-08 12:16:00,2010-06-14 11:55:00,8,1604.21
15611,2010-01-25 14:50:00,2010-11-21 11:35:00,13,1405.83
15614,2010-03-23 11:13:00,2010-09-28 10:46:00,4,3147.36
15615,2009-12-02 15:28:00,2010-11-14 12:07:00,24,10974.23
15617,2010-07-20 13:16:00,2010-11-08 16:07:00,3,828.55
15622,2010-03-04 10:29:00,2010-10-08 14:35:00,8,4143.05
15623,2009-12-10 14:46:00,2010-11-11 10:19:00,7,2136.02
15625,2010-06-15 15:23:00,2010-11-28 12:23:00,5,1702.14
15627,2010-07-05 11:56:00,2010-09-08 14:14:00,2,566.9
15628,2009-12-13 13:39:00,2010-12-08 09:51:00,9,2782.02
15629,2010-06-25 11:39:00,2010-09-15 13:46:00,4,2240.9
15633,2009-12-08 17:51:00,2010-07-18 13:54:00,13,4352.46
15636,2010-05-19 11:37:00,2010-09-28 15:10:00,2,719.82
15637,2009-12-15 17:54:00,2010-10-22 08:24:00,4,574.23
15638,2010-04-08 14:37:00,2010-11-26 11:52:00,6,2265.2
15639,2010-04-13 13:11:00,2010-09-14 09:05:00,2,639.76
15640,2009-12-14 16:36:00,2010-12-02 15:40:00,15,11441.92
15641,2009-12-06 15:31:00,2010-11-08 14:05:00,8,3458.35
15645,2010-10-10 12:51:00,2010-10-21 18:36:00,2,443.16
15646,2010-10-25 13:06:00,2010-12-02 16:59:00,3,526.97
15649,2010-11-17 16:22:00,2010-12-07 10:06:00,3,1354.35
15650,2010-03-21 11:46:00,2010-07-06 10:41:00,2,553.88
15651,2010-04-22 13:26:00,2010-10-15 13:42:00,2,612.76
15652,2010-08-11 16:58:00,2010-11-17 15:14:00,4,1082.6
15658,2009-12-03 11:19:00,2010-12-02 10:53:00,4,1399.37
15659,2010-02-24 13:32:00,2010-11-18 10:51:00,2,226.04
15660,2010-02-05 16:01:00,2010-12-09 09:49:00,7,1212.13
15661,2010-05-10 07:59:00,2010-11-25 08:21:00,6,906.15
15662,2009-12-01 13:49:00,2010-02-16 16:47:00,2,283.73
15664,2010-02-28 12:50:00,2010-09-16 18:09:00,3,867.6
15665,2010-03-14 15:07:00,2010-10-24 14:08:00,3,1773.11
15666,2010-08-01 15:41:00,2010-08-24 16:14:00,2,632.94
15673,2010-02-22 14:28:00,2010-09-14 11:08:00,5,3533.77
15674,2009-12-08 17:08:00,2010-10-18 12:46:00,8,4501.63
15677,2010-09-02 12:08:00,2010-10-14 15:19:00,2,648.4
15678,2010-07-05 12:49:00,2010-11-09 14:38:00,2,1541.19
15680,2009-12-02 12:15:00,2010-12-08 14:43:00,8,3173.9
15681,2010-05-24 14:18:00,2010-11-25 15:07:00,9,1563.54
15682,2010-01-21 14:37:00,2010-04-19 15:30:00,2,318.24
15684,2009-12-04 16:13:00,2010-06-10 18:51:00,3,173.95
15691,2009-12-06 16:01:00,2010-11-10 12:26:00,3,434.5
15694,2009-12-07 15:43:00,2010-12-09 09:30:00,12,4331.41
15695,2010-01-27 10:56:00,2010-04-21 10:36:00,2,721.06
15696,2010-01-24 14:36:00,2010-10-12 10:24:00,5,1170.11
15702,2010-01-26 17:23:00,2010-08-20 14:50:00,2,140.39
15704,2010-05-05 14:51:00,2010-07-25 15:00:00,2,1524.34
15708,2010-10-10 11:33:00,2010-12-05 11:12:00,3,1014.48
15711,2010-01-24 12:13:00,2010-06-01 12:14:00,2,420.25
15712,2009-12-01 11:17:00,2010-11-25 18:04:00,7,2400.05
15713,2009-12-16 09:41:00,2010-12-08 15:16:00,3,654.09
15714,2010-06-02 12:08:00,2010-09-12 14:22:00,3,453.93
15715,2010-03-30 12:17:00,2010-06-02 09:56:00,5,658.02
15716,2009-12-07 12:42:00,2010-12-05 12:26:00,8,1938.0
15717,2010-04-26 10:41:00,2010-10-14 18:02:00,4,456.7
15719,2009-12-01 12:47:00,2010-11-23 13:07:00,18,5177.45
15722,2010-03-09 15:05:00,2010-09-20 16:48:00,6,3035.54
15723,2010-05-14 12:55:00,2010-10-24 12:44:00,3,744.55
15727,2010-01-24 12:12:00,2010-11-17 13:49:00,8,4266.55
15728,2010-09-21 14:46:00,2010-11-25 10:39:00,2,544.6
15729,2010-11-01 13:44:00,2010-11-04 16:07:00,2,107.55
15730,2010-10-04 14:15:00,2010-11-23 10:41:00,2,605.7
15732,2010-02-04 10:10:00,2010-12-02 15:00:00,9,1387.95
15734,2010-06-10 14:25:00,2010-09-29 11:40:00,2,923.85
15736,2010-09-30 14:19:00,2010-09-30 14:20:00,2,1815.72
15738,2009-12-10 15:52:00,2010-12-02 12:50:00,26,8560.55
15741,2010-03-31 11:55:00,2010-09-07 16:21:00,2,208.62
15747,2010-01-18 11:21:00,2010-11-29 10:50:00,6,1588.57
15748,2010-09-16 16:52:00,2010-09-16 16:55:00,2,465.45
15750,2009-12-01 17:19:00,2010-12-08 12:11:00,12,4331.71
15751,2009-12-06 13:08:00,2010-09-05 12:44:00,11,1380.44
15752,2010-09-08 11:56:00,2010-12-02 09:43:00,3,1570.16
15754,2010-02-22 13:31:00,2010-08-03 09:15:00,6,2579.04
15755,2009-12-04 08:24:00,2010-11-25 14:25:00,11,3628.87
15757,2010-06-10 13:47:00,2010-11-18 10:45:00,4,2225.94
15759,2009-12-02 10:08:00,2010-07-16 10:37:00,4,577.89
15760,2010-03-19 11:35:00,2010-03-19 11:45:00,2,13916.34
15764,2010-08-18 13:58:00,2010-10-01 14:07:00,2,1223.11
15766,2010-01-26 15:55:00,2010-09-09 13:51:00,2,516.0
15768,2009-12-03 12:10:00,2010-08-20 15:58:00,31,14979.26
15769,2009-12-11 09:58:00,2010-12-03 15:16:00,21,32451.6
15771,2010-01-15 12:14:00,2010-04-14 13:56:00,3,1006.54
15774,2010-02-21 12:57:00,2010-10-17 12:59:00,5,1059.14
15777,2010-05-20 10:37:00,2010-11-08 14:37:00,3,715.5
15779,2010-06-25 15:55:00,2010-09-02 16:40:00,2,124.08
15784,2010-02-05 14:42:00,2010-08-29 10:38:00,2,848.33
15785,2009-12-15 16:28:00,2010-11-25 16:55:00,11,3640.96
15786,2010-06-21 10:13:00,2010-10-18 08:11:00,2,3582.62
15789,2010-03-26 11:21:00,2010-10-04 14:42:00,5,1610.71
15791,2010-03-08 09:41:00,2010-06-28 12:04:00,3,1995.65
15792,2010-03-31 09:42:00,2010-11-05 08:21:00,2,933.84
15793,2009-12-01 12:54:00,2010-11-26 10:36:00,5,1433.96
15794,2009-12-02 15:10:00,2009-12-03 13:04:00,2,777.0
15795,2010-01-18 11:31:00,2010-10-05 15:17:00,7,1369.86
15796,2010-03-31 13:10:00,2010-11-30 10:40:00,9,2464.27
15797,2010-01-27 13:12:00,2010-05-07 15:09:00,2,613.68
15798,2010-01-27 11:55:00,2010-08-04 09:13:00,3,1535.37
15800,2010-03-31 13:17:00,2010-09-12 16:17:00,5,543.5
15803,2010-02-01 16:29:00,2010-09-20 13:08:00,3,1513.84
15805,2009-12-10 12:57:00,2010-11-19 11:27:00,13,4660.75
15807,2010-02-11 15:32:00,2010-10-27 13:04:00,2,913.62
15808,2009-12-01 16:30:00,2010-12-05 13:05:00,18,14674.96
15809,2010-06-22 14:23:00,2010-09-06 13:20:00,2,758.67
15810,2010-02-04 18:18:00,2010-11-18 10:44:00,4,1607.06
15811,2010-11-16 16:46:00,2010-12-09 15:29:00,2,1671.9
15812,2009-12-15 13:40:00,2010-09-30 13:30:00,7,3400.33
15814,2010-04-15 14:31:00,2010-11-11 17:55:00,2,689.11
15816,2010-06-15 12:54:00,2010-06-15 13:36:00,2,144.15
15817,2010-06-14 13:31:00,2010-10-15 11:07:00,3,2766.4
15819,2010-03-18 11:08:00,2010-10-04 15:14:00,6,2029.34
15822,2009-12-06 15:12:00,2010-08-03 16:08:00,4,954.59
15823,2009-12-08 15:12:00,2010-12-02 15:08:00,3,3882.17
15824,2010-06-25 15:10:00,2010-09-12 13:20:00,2,890.94
15827,2010-01-08 11:25:00,2010-12-02 13:08:00,16,1957.98
15834,2010-10-11 14:05:00,2010-11-28 12:05:00,3,1539.24
15838,2009-12-15 09:51:00,2010-12-07 11:26:00,16,40519.92
15841,2009-12-10 08:29:00,2010-11-18 18:14:00,5,1518.35
15842,2010-06-30 09:06:00,2010-11-11 14:08:00,2,548.8
15845,2010-01-26 14:44:00,2010-06-21 11:40:00,3,714.51
15847,2010-03-08 08:47:00,2010-10-07 18:19:00,3,433.3
15850,2009-12-13 13:27:00,2010-11-28 12:32:00,4,819.87
15854,2009-12-10 12:08:00,2010-11-28 10:42:00,9,2609.16
15856,2009-12-03 14:02:00,2010-12-09 13:34:00,26,17832.77
15858,2009-12-10 11:42:00,2010-12-07 14:31:00,9,2521.52
15860,2009-12-06 12:31:00,2010-12-06 11:38:00,10,1528.0
15861,2010-01-28 19:41:00,2010-09-09 19:56:00,4,1236.43
15862,2009-12-17 11:33:00,2010-12-01 11:21:00,10,2095.41
15863,2009-12-17 10:20:00,2010-04-01 15:40:00,3,289.86
15865,2010-01-05 13:58:00,2010-10-22 15:24:00,2,1353.79
15867,2009-12-14 15:16:00,2010-12-05 14:17:00,17,5251.31
15870,2010-09-19 16:22:00,2010-11-08 10:57:00,3,508.52
15872,2010-06-07 14:53:00,2010-11-26 12:05:00,2,434.75
15873,2010-07-27 11:58:00,2010-07-28 12:41:00,4,313.92
15874,2010-01-07 13:56:00,2010-11-17 10:32:00,14,6878.88
15876,2010-09-17 15:26:00,2010-10-26 18:58:00,2,1449.14
15878,2009-12-06 12:28:00,2010-05-27 12:17:00,2,330.77
15879,2009-12-17 19:54:00,2010-10-31 16:21:00,4,1157.3
15882,2009-12-10 15:33:00,2010-12-06 13:12:00,6,979.62
15884,2009-12-03 18:23:00,2010-10-03 15:55:00,2,249.7
15885,2010-01-21 12:47:00,2010-11-21 11:40:00,12,1572.47
15886,2010-04-20 15:03:00,2010-10-19 12:01:00,3,871.78
15887,2010-06-02 11:53:00,2010-10-29 08:36:00,3,1027.15
15888,2010-07-01 11:51:00,2010-11-04 09:59:00,2,260.85
15889,2009-12-10 12:21:00,2010-12-05 15:12:00,7,1359.41
15890,2010-04-14 08:43:00,2010-11-10 12:46:00,5,535.65
15898,2009-12-11 16:11:00,2010-12-07 13:30:00,22,4207.43
15900,2010-05-26 11:27:00,2010-10-22 10:44:00,3,549.29
15901,2010-06-14 12:39:00,2010-09-14 14:16:00,4,339.34
15903,2010-01-14 10:57:00,2010-11-26 12:44:00,5,3813.08
15906,2010-09-15 12:17:00,2010-11-30 13:26:00,3,987.95
15908,2010-07-15 19:21:00,2010-08-06 11:56:00,2,764.57
15910,2010-01-21 11:51:00,2010-11-04 12:18:00,7,1449.62
15911,2009-12-09 13:26:00,2010-03-26 12:06:00,8,1702.34
15912,2009-12-10 12:58:00,2010-09-29 13:20:00,7,810.08
15914,2010-11-26 16:09:00,2010-11-26 16:10:00,2,205.99
15916,2009-12-10 16:21:00,2010-12-08 13:14:00,7,1899.08
15917,2009-12-02 14:55:00,2010-04-12 15:01:00,4,437.53
15920,2009-12-14 13:09:00,2010-10-11 13:57:00,5,404.14
15921,2010-03-09 11:03:00,2010-11-08 10:24:00,3,466.08
15934,2010-10-06 12:08:00,2010-10-18 10:13:00,2,2190.66
15936,2010-08-29 11:42:00,2010-11-25 16:39:00,2,282.79
15938,2010-06-01 09:42:00,2010-09-09 17:07:00,4,330.23
15943,2010-01-31 11:04:00,2010-02-28 12:49:00,2,271.29
15944,2009-12-13 12:57:00,2010-11-11 09:55:00,3,1839.14
15945,2009-12-01 13:47:00,2010-12-09 13:14:00,4,646.27
15946,2010-03-16 10:49:00,2010-07-25 12:18:00,3,2304.18
15950,2010-01-26 11:39:00,2010-11-29 17:00:00,6,5415.2
15953,2009-12-03 14:00:00,2010-12-05 15:15:00,11,2010.17
15955,2010-02-23 16:36:00,2010-12-02 11:22:00,9,4242.1
15956,2009-12-13 11:16:00,2010-06-06 13:06:00,2,617.6
15957,2010-10-15 12:11:00,2010-10-15 12:22:00,2,501.21
15958,2010-06-07 10:59:00,2010-11-01 12:22:00,3,388.64
15959,2010-01-26 16:19:00,2010-01-26 16:38:00,3,579.49
15960,2010-09-30 15:50:00,2010-11-30 15:57:00,4,410.95
15965,2009-12-03 11:45:00,2010-12-07 13:18:00,10,2167.45
15967,2009-12-01 13:29:00,2010-11-25 13:42:00,10,2622.77
15969,2010-07-05 13:10:00,2010-10-10 12:01:00,2,460.95
15971,2009-12-08 09:46:00,2010-11-19 10:43:00,6,1702.98
15972,2010-04-18 14:06:00,2010-09-09 13:20:00,5,1810.27
15973,2010-10-06 15:00:00,2010-12-08 11:42:00,3,680.62
15976,2010-06-06 14:01:00,2010-10-25 11:33:00,4,1315.7
15978,2010-03-05 14:39:00,2010-10-03 14:08:00,2,2180.64
15980,2010-06-01 14:40:00,2010-08-06 12:35:00,4,4194.82
15981,2010-03-29 10:07:00,2010-11-03 09:51:00,13,5954.29
15983,2009-12-06 12:52:00,2010-12-09 10:45:00,6,2483.8
15984,2009-12-01 13:38:00,2010-12-06 13:21:00,21,5921.65
15985,2010-05-27 15:51:00,2010-09-29 14:43:00,5,1572.86
15987,2010-11-25 12:56:00,2010-12-06 08:34:00,2,230.85
15988,2010-02-21 11:36:00,2010-06-06 12:45:00,2,612.06
15989,2009-12-02 15:51:00,2010-11-29 12:03:00,2,372.51
15990,2010-02-28 12:30:00,2010-08-02 12:42:00,5,1217.94
15992,2010-09-12 11:52:00,2010-11-08 14:51:00,2,854.61
15994,2010-03-14 11:55:00,2010-10-24 12:14:00,2,775.11
15996,2010-11-07 15:49:00,2010-12-08 15:59:00,2,626.22
15998,2009-12-01 11:45:00,2010-11-11 16:27:00,11,5218.37
16003,2009-12-03 18:51:00,2010-11-23 16:30:00,5,2878.46
16004,2010-01-25 13:56:00,2010-08-22 11:48:00,5,2146.39
16005,2010-09-15 13:21:00,2010-11-29 11:48:00,6,1820.83
16007,2010-06-14 13:18:00,2010-11-21 12:29:00,3,1373.2
16008,2010-03-19 11:07:00,2010-11-22 13:22:00,12,4905.35
16010,2010-10-24 10:54:00,2010-11-28 11:19:00,8,1316.56
16011,2009-12-01 12:02:00,2010-12-08 16:34:00,14,2517.75
16012,2010-06-28 11:39:00,2010-11-03 13:47:00,2,1574.5
16013,2009-12-08 10:24:00,2010-12-03 13:10:00,39,20315.84
16014,2010-01-31 12:43:00,2010-10-27 16:04:00,2,467.89
16016,2010-11-02 13:27:00,2010-12-08 12:36:00,4,1025.18
16017,2010-01-05 12:06:00,2010-10-18 12:58:00,4,1341.95
16018,2009-12-07 13:57:00,2010-11-08 15:36:00,2,289.23
16019,2009-12-14 14:12:00,2010-11-23 13:14:00,18,13679.61
16021,2010-06-13 11:05:00,2010-11-09 14:48:00,2,532.25
16024,2010-10-24 11:40:00,2010-10-24 11:42:00,2,232.96
16027,2010-01-08 13:21:00,2010-09-08 12:44:00,9,1113.74
16029,2009-12-08 11:23:00,2010-12-02 17:40:00,47,41184.3
16032,2010-07-04 13:31:00,2010-09-09 18:00:00,6,1970.45
16033,2010-08-11 16:44:00,2010-12-05 10:36:00,8,2019.73
16034,2010-10-26 13:00:00,2010-11-10 11:32:00,3,491.02
16036,2010-03-29 14:47:00,2010-10-11 15:08:00,2,1797.92
16037,2010-03-01 12:31:00,2010-06-13 11:32:00,2,654.32
16039,2010-03-21 15:17:00,2010-10-12 10:44:00,2,456.4
16040,2010-04-09 10:12:00,2010-10-05 11:09:00,4,1103.35
16042,2010-09-12 12:00:00,2010-11-25 18:16:00,3,1067.85
16043,2010-08-15 11:26:00,2010-11-25 15:40:00,4,1082.6
16045,2010-07-29 12:50:00,2010-10-19 10:23:00,4,2094.23
16048,2010-06-08 12:36:00,2010-12-01 15:28:00,4,818.79
16049,2010-07-11 13:53:00,2010-11-29 14:36:00,3,787.89
16050,2010-11-03 15:55:00,2010-11-21 14:52:00,2,162.8
16053,2010-04-08 11:11:00,2010-10-22 11:42:00,4,2122.89
16054,2010-04-01 18:37:00,2010-10-17 11:38:00,3,1327.98
16057,2010-01-07 17:11:00,2010-07-08 11:33:00,3,1591.73
16059,2010-05-19 13:04:00,2010-12-07 10:36:00,7,1757.91
16060,2010-08-02 15:26:00,2010-11-04 12:10:00,3,541.95
16062,2010-06-21 13:32:00,2010-11-25 19:06:00,4,1709.83
16065,2010-09-02 13:27:00,2010-12-09 13:03:00,8,2010.53
16067,2010-02-02 18:01:00,2010-05-26 12:33:00,3,3395.29
16071,2010-02-22 14:48:00,2010-06-30 13:41:00,3,750.56
16072,2010-06-08 16:47:00,2010-10-07 16:48:00,3,3744.57
16075,2010-05-24 15:57:00,2010-07-25 11:31:00,2,736.93
16080,2010-09-15 14:19:00,2010-11-19 08:18:00,2,385.4
16081,2010-02-03 12:46:00,2010-12-08 11:16:00,4,1653.28
16083,2010-11-16 11:53:00,2010-11-22 12:55:00,2,1033.8
16085,2010-01-20 14:03:00,2010-11-24 14:21:00,7,1362.02
16086,2009-12-02 13:20:00,2010-12-07 13:45:00,6,1743.6
16087,2010-01-19 12:30:00,2010-11-15 16:44:00,5,1739.92
16088,2010-04-27 10:56:00,2010-05-13 10:16:00,2,1437.43
16089,2010-07-18 15:51:00,2010-11-18 13:51:00,2,271.44
16092,2010-05-09 16:10:00,2010-07-23 11:30:00,3,770.08
16094,2010-04-16 14:00:00,2010-11-29 15:54:00,7,2617.33
16096,2010-03-04 15:44:00,2010-10-19 15:03:00,3,1264.35
16098,2009-12-15 09:40:00,2010-12-01 09:45:00,8,2442.47
16099,2010-03-03 11:13:00,2010-10-18 14:48:00,4,841.3
16101,2010-05-27 12:50:00,2010-10-01 10:45:00,3,1938.46
16103,2010-01-08 12:08:00,2010-11-15 16:44:00,16,4762.07
16104,2009-12-06 10:41:00,2010-10-17 10:34:00,8,2476.25
16105,2010-04-14 13:27:00,2010-09-27 11:38:00,4,2049.23
16108,2010-03-18 14:14:00,2010-10-01 15:10:00,3,1393.42
16115,2010-05-14 11:59:00,2010-11-07 11:27:00,4,907.17
16117,2010-04-27 11:50:00,2010-11-02 12:02:00,2,422.19
16119,2009-12-16 11:56:00,2010-11-10 13:40:00,6,1297.45
16120,2010-10-13 15:07:00,2010-10-13 15:22:00,2,1747.77
16121,2010-05-23 10:52:00,2010-11-14 11:41:00,3,609.98
16122,2010-10-10 15:26:00,2010-12-08 11:41:00,3,316.92
16124,2009-12-07 10:33:00,2010-10-17 12:56:00,3,1523.49
16125,2009-12-14 15:38:00,2010-12-07 15:48:00,14,4298.3
16126,2009-12-02 13:34:00,2010-11-25 13:41:00,11,8359.03
16128,2010-07-16 16:30:00,2010-11-24 15:26:00,6,1920.83
16129,2010-07-20 12:32:00,2010-10-28 14:29:00,3,1396.05
16130,2010-04-01 13:58:00,2010-10-13 15:14:00,4,987.48
16131,2009-12-02 10:09:00,2010-11-29 13:20:00,6,6450.88
16132,2010-03-22 10:25:00,2010-06-13 13:49:00,2,664.2
16133,2010-03-31 12:21:00,2010-11-28 12:08:00,23,8403.22
16134,2010-06-17 09:48:00,2010-10-12 10:44:00,3,1527.25
16138,2010-04-28 09:51:00,2010-11-26 12:13:00,3,910.35
16139,2009-12-03 13:51:00,2009-12-17 11:24:00,2,475.74
16140,2010-09-24 12:03:00,2010-12-03 14:40:00,2,832.42
16143,2009-12-10 09:44:00,2010-12-05 15:18:00,7,2485.89
16145,2010-05-04 13:31:00,2010-11-16 15:58:00,8,3005.95
16147,2010-02-05 12:26:00,2010-11-04 14:56:00,4,2023.91
16150,2009-12-17 15:33:00,2010-12-02 18:27:00,6,2342.57
16153,2010-05-26 12:41:00,2010-10-15 09:29:00,6,3309.26
16155,2010-06-18 11:23:00,2010-11-23 12:03:00,5,796.9
16156,2009-12-02 17:06:00,2010-11-22 09:57:00,11,3096.14
16158,2009-12-05 15:00:00,2010-07-05 13:55:00,9,628.32
16159,2009-12-03 11:51:00,2010-08-26 13:40:00,3,884.59
16161,2010-02-08 11:06:00,2010-12-06 10:03:00,25,7256.24
16163,2009-12-02 10:00:00,2010-12-09 16:28:00,5,1992.98
16166,2010-01-17 14:16:00,2010-10-07 15:44:00,2,435.83
16167,2009-12-01 10:46:00,2010-10-21 15:33:00,5,1386.12
16168,2009-12-03 12:38:00,2010-12-05 11:38:00,40,6848.87
16170,2010-02-18 13:50:00,2010-11-09 10:13:00,14,4983.95
16172,2010-07-14 15:34:00,2010-08-23 13:53:00,3,744.34
16174,2010-04-15 15:12:00,2010-08-05 12:33:00,4,1237.2
16175,2010-05-25 12:01:00,2010-08-25 11:58:00,3,798.85
16176,2010-03-29 14:52:00,2010-10-14 13:54:00,4,2052.69
16177,2010-03-02 14:03:00,2010-09-29 10:12:00,7,1915.36
16180,2010-06-23 13:19:00,2010-08-18 16:18:00,5,5995.69
16182,2010-03-09 09:34:00,2010-09-27 09:41:00,5,3354.0
16183,2010-10-28 14:43:00,2010-11-10 11:12:00,3,739.1
16186,2009-12-09 15:36:00,2010-12-02 14:40:00,15,5019.17
16190,2009-12-14 11:59:00,2010-11-10 09:43:00,7,2508.47
16191,2009-12-11 12:24:00,2010-11-29 11:45:00,11,10507.5
16197,2009-12-16 11:44:00,2010-08-27 12:56:00,9,2016.71
16199,2010-03-18 18:47:00,2010-11-12 12:55:00,7,942.75
16200,2009-12-02 15:04:00,2010-11-22 11:57:00,10,4562.83
16202,2009-12-02 10:48:00,2010-10-18 14:10:00,8,2136.72
16203,2010-07-23 13:09:00,2010-12-02 15:39:00,3,521.64
16204,2009-12-08 17:44:00,2010-11-24 15:03:00,2,538.53
16205,2010-06-15 11:58:00,2010-11-08 12:17:00,3,1069.23
16206,2010-01-24 15:25:00,2010-11-17 10:06:00,9,2065.26
16208,2010-02-24 14:24:00,2010-11-10 13:09:00,8,2776.19
16209,2010-06-11 11:58:00,2010-11-22 14:39:00,4,1884.16
16210,2009-12-02 12:54:00,2010-12-06 11:06:00,19,17403.21
16211,2010-09-27 15:24:00,2010-10-14 13:20:00,2,543.57
16212,2010-02-07 15:26:00,2010-03-31 12:16:00,2,603.37
16218,2010-05-27 16:09:00,2010-12-01 11:29:00,7,1355.29
16221,2010-08-10 13:32:00,2010-12-07 13:13:00,7,1370.65
16223,2010-11-09 12:07:00,2010-11-30 11:50:00,2,1102.35
16225,2010-02-07 12:41:00,2010-11-02 15:39:00,10,1771.09
16226,2010-10-22 11:19:00,2010-11-26 13:36:00,2,417.05
16227,2010-06-22 13:28:00,2010-08-02 14:16:00,2,713.0
16228,2010-11-04 18:54:00,2010-11-19 14:20:00,3,890.81
16229,2010-05-24 12:59:00,2010-11-23 12:01:00,4,1857.26
16231,2010-04-21 12:06:00,2010-11-25 15:00:00,4,1078.22
16232,2010-06-07 14:04:00,2010-10-15 16:00:00,3,1722.09
16233,2009-12-02 13:23:00,2010-12-08 12:51:00,7,1429.03
16234,2010-05-27 10:39:00,2010-08-20 14:33:00,3,333.18
16235,2010-08-26 12:10:00,2010-11-29 09:22:00,4,1186.4
16239,2010-09-02 19:17:00,2010-11-22 16:27:00,4,1078.0
16241,2010-10-25 13:40:00,2010-12-05 11:04:00,4,1721.44
16242,2010-03-15 16:02:00,2010-11-23 16:41:00,7,3871.19
16246,2010-02-08 12:32:00,2010-09-06 12:04:00,2,827.25
16250,2010-11-18 10:43:00,2010-12-01 09:59:00,2,401.94
16253,2009-12-08 17:24:00,2010-10-15 14:51:00,5,3626.29
16254,2010-03-17 15:43:00,2010-11-26 13:22:00,3,985.14
16255,2010-01-24 12:21:00,2010-12-09 14:25:00,8,2286.89
16256,2010-04-21 10:34:00,2010-08-03 08:58:00,2,876.94
16258,2010-03-10 14:19:00,2010-11-17 11:48:00,10,6739.01
16259,2010-04-13 16:57:00,2010-10-25 14:27:00,3,361.94
16261,2010-09-23 16:40:00,2010-11-18 19:22:00,2,312.62
16264,2010-09-19 16:14:00,2010-09-27 15:00:00,2,837.53
16265,2010-10-28 15:18:00,2010-11-18 10:06:00,3,1488.17
16266,2010-02-04 16:21:00,2010-10-12 17:20:00,7,896.06
16271,2010-03-07 12:03:00,2010-09-08 15:00:00,5,2033.78
16273,2010-02-21 16:02:00,2010-03-01 13:24:00,2,336.04
16275,2010-03-08 14:41:00,2010-08-22 11:28:00,2,1591.24
16276,2010-04-11 12:02:00,2010-08-17 13:40:00,2,1818.79
16278,2010-07-28 15:40:00,2010-08-16 13:38:00,2,551.46
16279,2010-04-22 14:09:00,2010-11-19 11:48:00,6,4195.5
16281,2010-01-26 13:41:00,2010-10-12 09:01:00,2,1361.96
16282,2009-12-21 11:52:00,2010-08-09 10:27:00,2,1139.28
16283,2010-02-28 14:12:00,2010-10-17 16:17:00,3,2833.01
16286,2010-03-26 09:58:00,2010-08-19 14:48:00,2,328.95
16287,2010-01-19 09:46:00,2010-11-28 14:43:00,4,864.48
16290,2010-05-23 11:46:00,2010-09-01 11:52:00,4,2069.3
16292,2010-04-14 13:29:00,2010-11-24 13:21:00,4,951.51
16293,2009-12-11 09:58:00,2010-12-07 15:02:00,6,2408.96
16296,2009-12-18 12:03:00,2010-03-23 13:11:00,4,1313.67
16298,2010-09-23 15:23:00,2010-11-07 14:32:00,4,487.5
16300,2010-02-02 11:40:00,2010-10-05 13:14:00,3,1392.43
16303,2010-03-18 14:12:00,2010-11-12 15:05:00,4,2567.64
16306,2010-10-01 09:36:00,2010-12-07 15:18:00,2,560.55
16307,2010-05-11 14:40:00,2010-10-06 14:31:00,3,1194.92
16308,2009-12-15 15:48:00,2010-10-29 12:09:00,3,2560.0
16310,2010-03-07 15:41:00,2010-10-21 14:47:00,2,460.08
16314,2010-08-24 11:52:00,2010-11-15 12:06:00,3,1491.4
16316,2010-08-03 14:38:00,2010-11-24 08:35:00,5,2806.0
16317,2010-05-04 10:17:00,2010-06-07 14:24:00,2,850.86
16320,2010-01-27 13:29:00,2010-09-12 13:51:00,4,4590.53
16321,2009-12-01 10:36:00,2010-03-23 16:01:00,2,230.9
16325,2009-12-04 13:21:00,2010-10-11 09:40:00,9,3003.26
16326,2010-01-28 13:23:00,2010-11-21 11:03:00,10,1716.03
16327,2009-12-14 13:06:00,2010-12-05 12:43:00,11,6887.12
16329,2009-12-01 11:34:00,2010-10-08 12:44:00,4,1703.07
16330,2010-02-15 12:36:00,2010-10-11 14:59:00,4,382.42
16331,2010-03-07 10:55:00,2010-10-03 13:47:00,6,2037.7
16332,2010-04-29 13:41:00,2010-10-04 13:13:00,4,417.21
16335,2009-12-04 10:18:00,2010-06-06 11:35:00,7,2774.0
16336,2010-03-18 08:05:00,2010-10-15 12:32:00,4,3517.69
16340,2010-06-06 13:26:00,2010-09-26 12:51:00,2,976.99
16341,2010-04-09 10:30:00,2010-09-28 17:55:00,3,1878.92
16344,2010-02-09 12:16:00,2010-07-18 11:31:00,3,741.32
16347,2010-03-12 12:41:00,2010-11-16 14:15:00,9,2621.76
16350,2010-10-07 16:33:00,2010-11-30 12:31:00,5,1137.42
16351,2009-12-04 16:12:00,2010-10-24 11:21:00,12,3176.13
16353,2009-12-07 13:55:00,2010-12-05 12:09:00,16,3323.75
16354,2010-04-27 13:33:00,2010-11-25 12:18:00,3,733.71
16356,2010-06-06 11:26:00,2010-11-28 15:25:00,3,204.1
16359,2010-02-16 10:39:00,2010-11-28 12:49:00,7,946.83
16365,2009-12-11 12:41:00,2010-12-07 17:19:00,7,1766.78
16366,2009-12-16 10:39:00,2010-05-06 13:28:00,3,1220.83
16369,2010-04-07 16:52:00,2010-09-29 13:47:00,4,1111.15
16372,2010-04-11 15:20:00,2010-10-26 12:54:00,3,960.68
16373,2010-10-24 13:10:00,2010-11-22 15:50:00,2,309.49
16374,2010-04-30 13:10:00,2010-11-02 13:27:00,3,1298.42
16375,2010-08-26 14:12:00,2010-08-26 14:25:00,2,104.0
16381,2010-10-17 13:06:00,2010-11-09 09:56:00,2,258.7
16382,2010-06-07 12:42:00,2010-10-27 16:23:00,2,353.1
16383,2010-02-04 13:18:00,2010-11-08 14:48:00,5,2306.48
16384,2010-04-28 14:01:00,2010-10-06 12:49:00,2,774.45
16385,2010-03-18 12:45:00,2010-12-08 12:56:00,3,474.72
16387,2010-03-11 12:22:00,2010-11-09 09:02:00,4,824.19
16390,2010-01-29 15:25:00,2010-06-21 10:11:00,3,467.5
16391,2010-05-27 11:27:00,2010-11-04 12:27:00,4,1103.61
16392,2010-05-27 11:17:00,2010-10-22 11:40:00,2,541.86
16393,2009-12-01 12:13:00,2010-12-05 13:10:00,11,2515.45
16395,2009-12-06 12:26:00,2010-11-11 12:18:00,9,2050.95
16400,2009-12-08 12:38:00,2010-11-09 14:11:00,8,2855.51
16401,2010-06-02 13:13:00,2010-11-25 08:20:00,11,2750.83
16406,2010-02-24 11:51:00,2010-09-15 11:53:00,2,389.61
16407,2010-10-03 13:56:00,2010-11-15 16:56:00,4,694.72
16409,2009-12-13 15:38:00,2010-11-24 13:25:00,7,3680.16
16411,2010-10-07 15:09:00,2010-12-05 13:26:00,3,695.54
16412,2010-02-04 13:46:00,2010-11-11 11:52:00,4,495.4
16414,2010-01-14 10:21:00,2010-10-04 12:19:00,3,433.46
16415,2010-02-01 12:30:00,2010-05-05 11:51:00,2,509.09
16416,2010-02-23 12:00:00,2010-11-14 13:24:00,6,1921.48
16418,2010-10-13 12:31:00,2010-10-27 12:55:00,2,426.67
16419,2010-02-09 13:26:00,2010-05-11 12:18:00,2,515.19
16421,2010-08-27 12:02:00,2010-11-28 13:31:00,3,526.27
16422,2010-01-12 11:57:00,2010-12-05 15:35:00,59,28967.07
16428,2010-07-30 12:10:00,2010-10-22 12:22:00,3,660.28
16430,2010-01-27 12:45:00,2010-11-23 14:53:00,6,817.09
16434,2010-01-17 14:51:00,2010-09-19 13:36:00,5,1219.49
16435,2010-07-13 13:29:00,2010-07-15 18:22:00,3,1011.57
16436,2009-12-06 16:02:00,2010-02-09 13:19:00,3,329.34
16437,2010-10-06 12:34:00,2010-11-23 16:59:00,2,301.25
16441,2010-03-22 18:00:00,2010-10-18 12:57:00,3,653.23
16442,2009-12-13 11:05:00,2010-04-14 13:35:00,2,282.68
16444,2010-03-24 14:06:00,2010-11-14 10:21:00,13,3001.91
16445,2010-10-24 12:39:00,2010-11-18 11:37:00,3,372.22
16447,2010-02-17 14:09:00,2010-04-28 13:21:00,2,516.13
16450,2010-02-21 15:46:00,2010-05-04 13:43:00,2,1193.81
16451,2009-12-04 15:11:00,2010-05-27 17:56:00,2,746.18
16452,2010-01-15 12:22:00,2010-03-19 12:39:00,2,332.17
16453,2010-06-09 13:15:00,2010-06-27 12:46:00,2,251.71
16454,2010-04-07 15:54:00,2010-04-12 09:52:00,2,24.05
16455,2010-03-30 10:31:00,2010-12-03 16:45:00,6,2543.19
16456,2010-03-29 11:16:00,2010-12-01 14:11:00,9,4704.54
16458,2010-05-26 14:38:00,2010-11-29 12:42:00,12,2232.6
16461,2010-03-03 13:57:00,2010-04-28 11:54:00,2,1463.8
16465,2010-09-21 10:46:00,2010-10-15 09:27:00,2,746.24
16466,2010-03-07 14:31:00,2010-11-21 11:30:00,8,2235.13
16467,2009-12-02 11:59:00,2010-07-19 11:49:00,7,2869.16
16468,2010-08-15 13:10:00,2010-08-26 16:36:00,2,712.62
16470,2009-12-11 12:21:00,2010-11-08 12:28:00,7,1696.21
16471,2010-02-25 10:07:00,2010-11-11 15:47:00,3,966.03
16472,2010-04-21 11:48:00,2010-10-01 13:56:00,2,789.6
16477,2010-08-12 09:43:00,2010-12-03 12:48:00,5,1825.56
16485,2009-12-06 12:28:00,2010-10-03 15:30:00,4,1931.03
16487,2010-02-18 17:36:00,2010-05-11 13:38:00,2,209.4
16489,2010-09-29 15:02:00,2010-11-24 14:40:00,2,303.7
16493,2010-03-26 13:05:00,2010-09-21 12:37:00,3,780.46
16496,2010-07-18 13:42:00,2010-10-04 12:34:00,3,731.25
16497,2009-12-03 14:11:00,2010-10-22 11:00:00,17,3729.59
16499,2010-06-11 12:22:00,2010-11-30 12:19:00,6,2212.89
16500,2010-06-14 14:54:00,2010-11-30 09:46:00,3,443.05
16502,2010-03-29 13:39:00,2010-03-29 13:44:00,2,266.5
16503,2010-06-21 14:07:00,2010-11-09 09:34:00,7,2182.41
16510,2010-01-17 12:30:00,2010-12-02 13:39:00,6,1851.9
16511,2010-03-01 12:21:00,2010-11-07 15:30:00,3,868.76
16515,2010-06-17 12:17:00,2010-11-25 12:34:00,5,1589.17
16518,2010-06-01 13:31:00,2010-10-14 12:14:00,2,475.05
16519,2010-03-01 13:51:00,2010-12-09 14:08:00,3,341.18
16520,2010-03-02 16:50:00,2010-12-09 13:08:00,4,1436.05
16521,2010-03-01 13:22:00,2010-10-20 13:09:00,3,1148.01
16522,2010-09-15 13:32:00,2010-09-30 10:54:00,2,433.36
16523,2010-01-24 13:14:00,2010-10-20 12:42:00,7,2497.86
16524,2010-01-17 13:16:00,2010-09-19 13:37:00,2,308.14
16525,2009-12-02 13:53:00,2010-12-08 11:31:00,23,11555.19
16529,2010-06-27 13:29:00,2010-08-19 12:48:00,3,1556.75
16531,2010-09-24 09:49:00,2010-11-23 15:33:00,4,1053.74
16532,2010-03-29 10:26:00,2010-10-04 11:52:00,2,2007.84
16535,2010-01-28 15:26:00,2010-11-19 13:01:00,2,407.84
16538,2010-04-23 16:25:00,2010-06-16 16:59:00,3,399.62
16539,2010-06-25 15:24:00,2010-12-01 15:40:00,7,2343.2
16544,2010-02-15 13:20:00,2010-07-08 11:11:00,4,376.7
16546,2010-09-23 15:43:00,2010-12-02 12:07:00,4,4819.32
16549,2010-03-28 15:45:00,2010-11-07 16:29:00,24,9027.55
16550,2009-12-02 11:24:00,2010-12-06 13:53:00,14,7136.16
16551,2009-12-13 16:12:00,2010-10-12 15:09:00,4,1315.0
16553,2010-02-11 18:46:00,2010-11-08 14:14:00,21,10924.19
16554,2009-12-15 09:42:00,2010-11-18 11:59:00,5,2004.62
16555,2010-07-22 13:39:00,2010-07-22 13:43:00,4,1629.79
16556,2009-12-07 10:51:00,2010-11-29 16:25:00,10,4698.79
16558,2009-12-03 18:11:00,2010-12-08 12:01:00,19,5535.02
16560,2009-12-08 12:05:00,2010-11-07 12:04:00,6,2206.97
16563,2009-12-01 18:35:00,2010-11-04 14:11:00,5,3345.02
16565,2010-06-02 12:47:00,2010-10-29 15:31:00,3,599.35
16568,2010-03-08 14:51:00,2010-10-08 10:54:00,2,1020.9
16569,2009-12-16 15:05:00,2010-03-18 15:19:00,4,1331.03
16570,2010-03-30 09:32:00,2010-11-25 13:03:00,10,3695.91
16571,2010-03-18 09:12:00,2010-11-09 17:41:00,7,2827.05
16574,2010-02-19 11:46:00,2010-10-12 09:25:00,2,850.34
16576,2010-07-06 10:42:00,2010-10-15 13:37:00,2,540.87
16583,2010-02-04 12:18:00,2010-12-01 12:03:00,2,297.95
16584,2010-02-16 10:41:00,2010-10-03 14:32:00,3,2227.59
16585,2010-01-13 13:31:00,2010-04-25 10:34:00,2,341.59
16586,2010-03-14 11:24:00,2010-09-21 10:11:00,2,998.83
16588,2010-05-14 13:43:00,2010-11-18 17:56:00,4,1361.28
16590,2010-10-21 12:09:00,2010-11-04 09:06:00,2,605.9
16592,2009-12-18 15:57:00,2010-11-29 15:19:00,12,3694.23
16593,2009-12-05 10:44:00,2010-11-14 13:11:00,5,741.11
16595,2010-01-17 12:12:00,2010-11-28 14:15:00,4,1450.02
16596,2009-12-10 13:09:00,2010-12-08 16:18:00,3,329.48
16600,2009-12-18 12:59:00,2010-11-30 13:34:00,7,1339.89
16601,2010-03-26 13:39:00,2010-11-14 11:30:00,2,439.45
16604,2010-05-20 16:34:00,2010-05-26 09:10:00,2,432.45
16606,2010-10-01 13:21:00,2010-10-31 13:57:00,2,357.66
16607,2010-04-29 14:01:00,2010-11-05 12:57:00,11,2359.16
16608,2010-02-14 11:57:00,2010-09-12 11:44:00,2,1288.72
16611,2010-03-10 16:07:00,2010-11-01 09:33:00,5,1655.64
16612,2009-12-03 15:54:00,2010-11-25 13:14:00,5,2057.77
16614,2010-05-10 15:18:00,2010-11-02 18:08:00,2,673.6
16619,2010-02-22 12:05:00,2010-11-21 16:02:00,3,1712.12
16620,2009-12-01 14:35:00,2010-11-15 09:14:00,4,1579.97
16623,2010-04-26 14:04:00,2010-11-03 12:05:00,3,885.79
16625,2010-06-14 11:56:00,2010-10-13 09:32:00,4,1320.95
16628,2010-03-08 12:24:00,2010-10-28 08:38:00,2,130.05
16631,2010-02-26 10:49:00,2010-08-15 11:20:00,7,1892.52
16632,2010-05-07 16:46:00,2010-08-11 11:39:00,2,406.4
16634,2010-01-21 09:30:00,2010-12-02 17:41:00,5,1596.71
16636,2010-03-03 14:06:00,2010-09-27 13:13:00,4,3802.04
16638,2010-08-18 13:33:00,2010-12-06 10:19:00,6,749.81
16647,2010-06-13 15:52:00,2010-09-23 14:33:00,2,327.84
16648,2010-04-28 14:58:00,2010-09-10 11:59:00,2,382.14
16650,2010-07-08 14:18:00,2010-10-15 15:28:00,6,1397.69
16652,2010-03-17 10:22:00,2010-10-31 15:33:00,9,10776.42
16654,2010-04-06 13:29:00,2010-12-06 15:09:00,5,1110.2
16655,2010-01-31 15:40:00,2010-10-24 14:59:00,7,2753.85
16656,2009-12-04 12:59:00,2010-10-15 13:15:00,15,8207.37
16658,2010-03-30 16:24:00,2010-12-06 13:47:00,6,690.83
16660,2010-01-14 11:09:00,2010-10-13 11:38:00,3,611.9
16661,2009-12-17 15:39:00,2010-06-17 15:24:00,4,986.63
16668,2010-03-18 18:25:00,2010-11-17 11:12:00,7,555.7
16670,2009-12-10 15:28:00,2010-11-11 17:07:00,9,3934.25
16675,2010-08-18 13:11:00,2010-09-24 12:15:00,2,608.86
16676,2010-10-17 13:07:00,2010-11-02 19:19:00,2,769.78
16677,2010-02-25 16:11:00,2010-10-24 14:53:00,2,880.62
16679,2010-06-10 18:35:00,2010-12-08 13:51:00,3,663.31
16680,2010-06-23 09:30:00,2010-06-29 14:52:00,2,637.75
16684,2009-12-07 12:56:00,2010-11-25 11:04:00,27,80489.21
16686,2009-12-06 15:48:00,2010-11-15 14:49:00,9,2008.09
16690,2010-09-14 15:00:00,2010-11-11 16:15:00,2,127.45
16691,2010-05-27 14:55:00,2010-10-17 15:03:00,2,178.83
16692,2010-09-24 11:31:00,2010-10-27 10:29:00,2,638.7
16693,2010-02-21 12:42:00,2010-10-24 11:35:00,3,717.45
16695,2010-05-27 12:24:00,2010-05-27 12:36:00,2,193.15
16699,2009-12-04 13:31:00,2010-11-24 14:38:00,7,994.6
16700,2009-12-02 10:51:00,2010-12-08 16:34:00,13,4091.16
16701,2009-12-01 19:19:00,2010-10-12 18:16:00,13,4518.43
16702,2009-12-07 16:40:00,2010-10-20 14:10:00,4,1110.83
16704,2010-02-05 14:14:00,2010-03-31 14:02:00,2,695.66
16705,2009-12-09 13:34:00,2010-11-04 14:46:00,22,29480.06
16707,2010-03-09 15:16:00,2010-11-04 14:39:00,4,551.11
16709,2009-12-09 13:16:00,2010-11-25 12:28:00,9,6057.59
16710,2009-12-04 13:41:00,2010-12-06 13:13:00,13,3866.05
16711,2009-12-02 13:22:00,2010-11-25 13:53:00,4,1217.45
16712,2010-11-03 15:45:00,2010-11-03 15:54:00,2,621.56
16713,2009-12-15 12:49:00,2010-12-08 13:01:00,18,7637.56
16717,2009-12-07 15:55:00,2010-12-08 16:48:00,9,3127.85
16718,2009-12-06 13:07:00,2010-12-05 13:03:00,5,3023.78
16719,2009-12-13 10:59:00,2010-12-06 12:06:00,8,2182.88
16720,2009-12-17 17:54:00,2010-11-28 14:49:00,2,640.24
16722,2009-12-03 19:23:00,2010-12-08 15:38:00,11,4258.27
16723,2009-12-04 13:23:00,2010-09-22 11:05:00,2,712.48
16725,2009-12-13 15:54:00,2010-12-03 16:02:00,8,1101.09
16726,2010-10-24 16:09:00,2010-11-21 14:04:00,2,706.39
16727,2010-01-20 10:48:00,2010-11-12 14:05:00,3,1164.6
16732,2009-12-08 13:04:00,2010-11-01 13:33:00,3,3783.89
16735,2009-12-08 09:24:00,2010-11-11 15:25:00,9,3970.0
16736,2009-12-03 16:12:00,2010-07-22 10:09:00,5,2956.56
16742,2009-12-16 17:22:00,2010-08-04 10:52:00,13,2387.71
16743,2010-04-22 13:21:00,2010-09-09 12:34:00,7,2015.17
16746,2009-12-04 13:00:00,2010-11-21 10:38:00,24,11368.74
16748,2009-12-10 12:28:00,2010-11-16 18:07:00,9,2121.43
16749,2009-12-15 14:05:00,2010-04-27 13:06:00,2,4387.08
16754,2010-03-08 11:32:00,2010-12-02 17:38:00,29,65500.07
16755,2009-12-09 14:25:00,2010-08-29 15:45:00,4,1403.75
16756,2010-03-09 15:56:00,2010-10-31 10:03:00,6,1072.97
16767,2010-04-28 16:49:00,2010-10-17 10:46:00,4,2493.2
16768,2009-12-07 11:47:00,2010-11-21 11:06:00,6,1230.03
16769,2009-12-14 11:10:00,2010-08-18 14:43:00,3,761.36
16770,2010-08-22 16:08:00,2010-12-02 15:49:00,5,1162.03
16771,2009-12-09 11:52:00,2010-09-08 12:46:00,5,1720.79
16772,2009-12-18 10:50:00,2010-10-12 13:19:00,3,3723.55
16773,2009-12-06 15:01:00,2010-09-29 15:47:00,2,249.65
16774,2010-02-16 16:53:00,2010-10-12 14:42:00,4,932.93
16775,2010-09-23 17:34:00,2010-12-07 15:15:00,6,1361.23
16777,2010-03-17 12:42:00,2010-10-22 09:06:00,3,1081.41
16779,2009-12-03 13:03:00,2010-12-08 09:56:00,32,22638.52
16781,2010-02-08 13:56:00,2010-12-02 14:26:00,2,623.0
16782,2009-12-09 11:58:00,2010-12-09 11:28:00,26,8158.51
16784,2010-03-28 12:55:00,2010-11-28 11:57:00,4,788.93
16787,2010-01-10 11:12:00,2010-11-07 11:01:00,4,1035.43
16788,2010-02-07 12:40:00,2010-10-31 13:35:00,3,1352.82
16791,2009-12-03 18:08:00,2010-11-21 12:21:00,8,2316.91
16792,2010-01-04 13:47:00,2010-11-21 12:11:00,3,513.08
16794,2010-03-25 15:17:00,2010-11-24 12:45:00,5,868.2
16795,2010-01-25 13:14:00,2010-12-09 14:08:00,3,2077.51
16797,2009-12-02 13:33:00,2010-11-11 19:14:00,5,1827.77
16798,2009-12-10 19:35:00,2010-06-03 19:01:00,3,848.71
16799,2010-09-12 12:46:00,2010-10-03 14:28:00,2,495.98
16802,2009-12-09 13:00:00,2010-01-29 13:44:00,2,582.61
16805,2009-12-08 14:29:00,2010-05-11 15:03:00,3,636.65
16807,2010-03-26 14:38:00,2010-08-26 14:29:00,3,1002.29
16809,2010-04-13 15:34:00,2010-10-03 15:55:00,4,812.74
16812,2010-11-22 14:36:00,2010-11-26 10:24:00,3,1912.65
16814,2010-04-11 12:45:00,2010-12-05 11:45:00,16,5990.61
16815,2010-06-21 12:05:00,2010-09-12 10:59:00,2,410.97
16817,2010-10-04 09:06:00,2010-12-06 14:19:00,5,1200.15
16819,2010-08-31 17:31:00,2010-08-31 17:37:00,2,182.59
16823,2009-12-02 09:57:00,2010-11-17 16:46:00,6,1901.71
16825,2010-06-23 13:14:00,2010-11-26 16:22:00,3,1051.71
16827,2010-04-29 19:07:00,2010-11-11 14:04:00,5,392.13
16830,2009-12-13 12:11:00,2010-09-23 12:37:00,3,881.59
16832,2010-09-07 12:35:00,2010-10-07 08:35:00,2,218.46
16833,2010-03-26 15:31:00,2010-09-26 11:23:00,2,1302.51
16835,2010-05-19 08:41:00,2010-12-01 17:15:00,5,1357.56
16836,2010-05-14 12:52:00,2010-10-29 12:48:00,2,530.5
16838,2010-02-14 15:27:00,2010-06-27 14:49:00,2,570.76
16839,2010-02-11 15:02:00,2010-12-05 11:15:00,11,5716.14
16840,2010-02-03 12:42:00,2010-04-15 15:48:00,2,139.85
16841,2010-01-12 11:32:00,2010-10-07 15:45:00,6,2136.24
16843,2009-12-10 11:40:00,2010-10-13 10:31:00,19,9374.86
16844,2010-05-06 09:16:00,2010-05-26 10:29:00,2,614.34
16846,2010-03-10 12:03:00,2010-05-11 13:45:00,2,628.09
16848,2010-10-03 11:01:00,2010-11-28 12:38:00,3,1130.2
16854,2010-03-09 14:32:00,2010-10-18 16:31:00,2,1408.96
16856,2010-09-23 13:11:00,2010-10-18 11:54:00,2,323.09
16858,2009-12-15 11:09:00,2010-12-06 09:52:00,10,4292.59
16859,2010-03-04 12:37:00,2010-10-19 09:07:00,5,1184.6
16860,2010-02-15 13:46:00,2010-09-13 10:05:00,3,1610.62
16861,2010-07-19 11:44:00,2010-11-14 13:54:00,3,772.83
16862,2010-01-07 12:57:00,2010-06-10 13:05:00,4,662.33
16863,2010-10-26 10:03:00,2010-12-08 08:58:00,2,495.72
16864,2010-04-20 11:56:00,2010-10-01 16:16:00,2,409.25
16868,2010-04-25 11:31:00,2010-11-10 13:17:00,3,393.39
16872,2010-09-02 17:36:00,2010-10-08 15:20:00,3,533.11
16873,2010-02-09 14:17:00,2010-10-06 15:34:00,6,7493.77
16875,2010-01-05 09:16:00,2010-09-28 17:11:00,6,2139.0
16883,2009-12-04 12:07:00,2010-12-03 10:33:00,18,2119.86
16884,2010-05-18 12:00:00,2010-06-01 12:45:00,2,644.08
16887,2009-12-01 13:41:00,2010-11-04 11:29:00,2,465.84
16888,2010-01-07 13:07:00,2010-11-04 12:39:00,3,437.15
16889,2010-05-23 10:46:00,2010-11-07 10:46:00,3,952.23
16890,2010-05-06 16:27:00,2010-08-20 11:23:00,3,285.41
16891,2009-12-04 12:37:00,2010-12-03 11:35:00,7,1247.12
16892,2009-12-08 14:20:00,2010-06-03 15:17:00,2,236.56
16893,2010-11-28 15:14:00,2010-12-08 12:06:00,2,255.84
16894,2010-06-22 14:21:00,2010-07-25 15:43:00,3,1324.06
16895,2010-02-12 11:07:00,2010-09-27 11:13:00,4,902.28
16898,2010-05-12 12:18:00,2010-12-06 12:23:00,3,507.56
16899,2010-11-07 15:00:00,2010-11-26 11:28:00,2,439.46
16903,2010-10-20 14:42:00,2010-11-24 14:55:00,2,689.04
16904,2010-10-24 16:03:00,2010-12-07 13:30:00,7,1378.1
16905,2009-12-10 20:04:00,2010-12-03 10:43:00,11,1931.72
16906,2010-05-13 13:23:00,2010-10-07 15:01:00,3,869.03
16907,2010-07-01 17:30:00,2010-12-09 16:52:00,5,726.25
16911,2010-02-16 16:12:00,2010-03-14 12:18:00,2,255.25
16912,2009-12-09 12:32:00,2010-10-14 14:11:00,4,1904.93
16913,2010-02-26 12:06:00,2010-02-26 12:09:00,2,310.47
16915,2010-05-19 13:32:00,2010-11-18 08:31:00,5,921.5
16916,2010-10-20 12:56:00,2010-12-02 13:14:00,3,547.14
16918,2009-12-03 12:27:00,2010-10-13 15:37:00,10,2144.47
16919,2010-08-19 15:28:00,2010-12-06 12:52:00,14,2529.46
16921,2010-04-18 15:34:00,2010-09-23 14:08:00,2,276.88
16923,2010-01-31 11:14:00,2010-11-29 13:59:00,13,6130.75
16926,2010-07-01 12:57:00,2010-12-03 13:42:00,5,1191.1
16928,2010-02-03 12:30:00,2010-12-01 15:21:00,13,1265.63
16931,2010-11-07 13:24:00,2010-12-05 11:40:00,3,629.4
16932,2010-05-17 14:15:00,2010-10-12 14:14:00,2,278.77
16933,2009-12-09 15:03:00,2010-11-15 14:36:00,7,2618.02
16934,2010-03-28 12:43:00,2010-11-21 11:39:00,4,1160.06
16935,2010-10-14 13:09:00,2010-11-23 09:16:00,3,535.1
16938,2010-02-17 14:47:00,2010-11-23 13:01:00,5,4306.8
16939,2010-02-28 13:33:00,2010-08-08 12:24:00,3,449.0
16940,2009-12-08 13:08:00,2010-09-15 12:53:00,5,3377.78
16943,2010-03-25 13:34:00,2010-06-18 11:16:00,2,482.76
16945,2009-12-09 11:33:00,2010-11-11 12:19:00,14,4202.66
16946,2010-03-02 10:49:00,2010-11-21 14:06:00,5,1222.04
16947,2010-03-03 10:54:00,2010-09-03 12:22:00,4,548.73
16948,2010-02-21 13:48:00,2010-10-06 13:08:00,4,433.75
16950,2010-01-24 11:26:00,2010-12-07 15:20:00,8,2605.81
16952,2009-12-11 13:52:00,2010-09-24 15:35:00,3,631.17
16954,2010-01-18 14:49:00,2010-11-25 14:57:00,11,3996.8
16955,2010-01-31 11:38:00,2010-12-06 10:38:00,4,790.74
16960,2010-03-02 13:36:00,2010-11-14 12:17:00,5,1536.38
16961,2010-06-25 14:36:00,2010-11-16 16:37:00,2,560.39
16964,2009-12-06 12:51:00,2009-12-06 12:53:00,2,207.85
16972,2010-09-09 11:20:00,2010-11-22 10:59:00,2,786.25
16974,2010-05-24 10:43:00,2010-07-05 10:18:00,2,365.5
16975,2010-07-22 11:38:00,2010-10-12 17:53:00,3,926.12
16977,2010-03-18 11:06:00,2010-11-09 13:17:00,4,496.0
16978,2010-02-11 16:27:00,2010-02-11 16:33:00,2,424.55
16979,2010-09-15 14:30:00,2010-11-21 13:23:00,3,1007.74
16983,2010-09-19 12:38:00,2010-12-05 12:34:00,5,1778.97
16984,2010-03-07 15:34:00,2010-10-31 16:26:00,7,6273.45
16985,2009-12-10 13:34:00,2010-11-28 12:12:00,13,5459.04
16986,2010-02-04 14:46:00,2010-09-20 15:00:00,9,3015.55
16987,2009-12-02 14:34:00,2010-11-28 15:24:00,4,910.85
16992,2010-02-11 12:36:00,2010-11-17 15:21:00,8,3862.19
16993,2010-05-12 13:55:00,2010-09-02 12:16:00,2,1950.95
16996,2010-10-18 12:24:00,2010-11-22 14:33:00,3,666.65
17000,2010-10-27 14:16:00,2010-11-08 13:35:00,2,406.3
17001,2010-03-25 12:41:00,2010-11-28 12:25:00,8,2651.23
17002,2010-03-08 15:46:00,2010-09-22 13:51:00,4,1077.82
17003,2010-05-10 11:20:00,2010-11-02 13:15:00,4,830.16
17004,2010-10-11 15:43:00,2010-11-12 13:17:00,2,1012.22
17005,2010-04-30 10:55:00,2010-08-26 10:57:00,2,742.36
17006,2010-03-05 13:33:00,2010-11-12 13:43:00,4,854.54
17011,2010-02-26 09:47:00,2010-03-02 13:50:00,2,400.8
17017,2009-12-03 13:22:00,2010-12-09 15:35:00,13,5416.35
17018,2009-12-05 10:27:00,2010-11-17 14:23:00,4,1367.6
17019,2009-12-02 11:52:00,2010-12-06 12:55:00,8,2739.59
17020,2010-03-03 12:27:00,2010-06-15 13:06:00,2,935.62
17021,2010-04-29 20:05:00,2010-09-23 20:01:00,6,1182.22
17023,2010-01-11 15:09:00,2010-10-18 15:37:00,3,800.18
17025,2010-03-08 13:37:00,2010-12-01 15:46:00,4,1152.87
17026,2010-10-18 15:22:00,2010-12-05 12:47:00,2,54.15
17027,2009-12-10 12:10:00,2010-09-19 14:11:00,3,436.82
17028,2009-12-18 14:28:00,2010-05-07 15:33:00,3,1593.83
17029,2010-02-14 10:19:00,2010-11-22 10:46:00,5,1421.3
17031,2010-05-07 14:52:00,2010-11-26 15:17:00,4,2393.5
17032,2009-12-10 15:36:00,2010-06-10 12:16:00,8,3004.6
17034,2010-07-14 12:55:00,2010-10-26 14:00:00,2,538.4
17035,2009-12-03 10:37:00,2010-04-27 14:11:00,2,180.06
17041,2010-04-18 14:25:00,2010-11-07 12:56:00,3,604.71
17043,2009-12-09 15:20:00,2010-11-29 15:06:00,4,881.37
17044,2009-12-07 12:25:00,2010-11-30 10:48:00,11,11013.82
17045,2010-10-06 14:52:00,2010-11-28 13:09:00,2,488.24
17046,2010-03-29 13:46:00,2010-09-21 13:40:00,4,1264.05
17047,2009-12-08 08:48:00,2010-10-04 09:14:00,3,1188.33
17048,2010-01-18 13:55:00,2010-09-28 16:50:00,4,1146.33
17049,2010-03-04 10:23:00,2010-11-29 13:00:00,10,4287.5
17050,2010-01-26 14:54:00,2010-11-29 17:20:00,5,1462.95
17051,2010-03-21 14:55:00,2010-09-19 15:09:00,3,467.25
17059,2010-01-26 14:43:00,2010-12-05 12:35:00,5,2507.49
17062,2010-09-26 11:57:00,2010-12-09 12:37:00,4,669.85
17063,2009-12-01 12:36:00,2010-10-28 15:59:00,6,2177.39
17065,2010-03-12 11:40:00,2010-03-12 11:41:00,2,194.7
17067,2009-12-08 12:03:00,2009-12-15 08:39:00,3,454.54
17068,2010-03-28 14:26:00,2010-12-06 13:58:00,27,4608.94
17069,2009-12-03 12:27:00,2010-12-01 16:49:00,6,3084.58
17071,2010-01-24 13:05:00,2010-11-23 11:47:00,4,1372.17
17075,2009-12-14 11:24:00,2010-10-06 13:24:00,6,1407.61
17076,2009-12-04 12:12:00,2010-11-12 10:51:00,3,401.67
17080,2010-07-01 16:03:00,2010-11-25 17:55:00,5,669.91
17081,2010-02-22 13:19:00,2010-11-09 12:44:00,4,674.23
17082,2009-12-15 11:25:00,2010-11-10 09:19:00,4,2728.18
17083,2010-02-09 11:46:00,2010-10-26 08:41:00,6,2644.01
17085,2009-12-06 12:16:00,2010-11-28 11:49:00,23,6324.76
17090,2010-07-19 16:02:00,2010-11-30 10:49:00,6,1105.53
17091,2009-12-16 15:45:00,2010-12-07 09:55:00,11,3983.34
17092,2010-02-02 16:42:00,2010-09-28 14:27:00,7,3817.18
17095,2009-12-15 12:32:00,2010-10-05 09:45:00,4,1248.09
17096,2010-06-02 14:48:00,2010-11-21 12:59:00,7,2737.05
17097,2010-10-05 14:09:00,2010-12-09 14:55:00,2,386.03
17098,2010-06-17 10:30:00,2010-11-23 12:13:00,3,591.07
17101,2010-06-07 15:12:00,2010-11-10 10:15:00,3,885.32
17107,2010-01-31 15:47:00,2010-11-07 13:50:00,4,5259.99
17109,2010-07-30 12:42:00,2010-10-29 15:56:00,2,410.42
17110,2010-04-08 13:32:00,2010-07-07 12:21:00,2,347.4
17113,2010-01-11 10:14:00,2010-05-14 13:59:00,6,2322.59
17115,2009-12-05 12:13:00,2010-06-09 11:10:00,4,1923.99
17122,2010-07-28 09:34:00,2010-11-16 14:38:00,3,432.18
17123,2010-05-16 11:52:00,2010-09-26 12:06:00,2,631.87
17126,2010-08-31 13:41:00,2010-11-23 10:27:00,4,1065.69
17127,2009-12-04 15:18:00,2010-10-07 09:54:00,5,1155.03
17132,2010-08-08 13:49:00,2010-09-13 16:31:00,2,1272.8
17133,2010-03-21 12:31:00,2010-08-22 13:58:00,5,9730.09
17135,2010-05-09 16:03:00,2010-12-03 09:31:00,4,814.43
17137,2010-01-31 12:27:00,2010-10-19 14:51:00,6,1133.63
17138,2010-02-04 14:19:00,2010-11-15 13:15:00,6,4036.77
17139,2010-01-11 11:31:00,2010-11-15 12:19:00,13,8915.99
17141,2010-01-24 14:19:00,2010-10-17 14:54:00,4,754.33
17142,2010-01-24 15:23:00,2010-10-31 14:52:00,3,704.75
17143,2010-07-12 13:26:00,2010-10-18 15:27:00,2,924.11
17145,2010-02-19 12:07:00,2010-07-15 09:02:00,4,3120.91
17146,2010-02-02 09:39:00,2010-09-30 10:24:00,10,5110.46
17147,2010-01-11 09:38:00,2010-09-13 10:30:00,5,1485.36
17150,2009-12-06 10:51:00,2010-11-28 11:27:00,6,1375.65
17155,2009-12-03 11:34:00,2010-06-30 09:24:00,5,640.76
17157,2009-12-04 13:00:00,2010-08-16 13:22:00,17,4832.9
17158,2010-03-07 15:50:00,2010-06-10 10:38:00,2,713.03
17159,2010-03-04 14:53:00,2010-08-19 11:48:00,2,560.71
17160,2009-12-04 10:57:00,2010-11-30 17:43:00,11,6691.13
17163,2010-02-02 10:39:00,2010-09-20 10:08:00,2,406.68
17165,2009-12-11 09:18:00,2010-11-23 13:35:00,5,1635.64
17167,2010-09-20 14:02:00,2010-11-25 10:05:00,3,867.11
17170,2010-11-15 16:23:00,2010-11-30 15:55:00,2,178.68
17172,2009-12-13 11:46:00,2010-10-05 12:02:00,2,638.81
17176,2010-01-31 15:49:00,2010-07-01 12:11:00,2,596.19
17179,2010-05-26 11:22:00,2010-11-22 15:52:00,3,795.47
17180,2010-01-21 17:43:00,2010-10-13 16:58:00,7,1460.95
17181,2010-04-23 11:21:00,2010-12-01 12:38:00,2,225.45
17182,2009-12-21 15:22:00,2010-10-13 10:09:00,2,321.3
17184,2009-12-09 14:17:00,2010-05-19 14:24:00,2,198.41
17185,2010-04-20 13:49:00,2010-04-27 12:15:00,3,229.46
17188,2009-12-08 19:16:00,2010-09-19 12:05:00,6,2118.7
17189,2009-12-02 11:45:00,2010-05-27 20:11:00,3,573.23
17190,2010-03-05 13:21:00,2010-11-01 14:22:00,5,1298.3
17191,2009-12-01 16:34:00,2010-12-06 14:46:00,11,2740.92
17193,2009-12-02 10:02:00,2010-11-18 16:57:00,2,610.74
17198,2010-12-03 14:54:00,2010-12-09 13:34:00,2,521.66
17200,2010-02-25 13:23:00,2010-11-17 13:04:00,4,356.71
17201,2010-02-10 12:26:00,2010-07-04 11:40:00,3,899.41
17203,2010-11-16 12:52:00,2010-11-16 13:07:00,4,2012.03
17204,2010-06-10 11:37:00,2010-11-30 17:58:00,5,3940.13
17205,2010-05-24 15:36:00,2010-10-19 16:11:00,2,615.27
17209,2009-12-03 11:10:00,2010-02-28 16:01:00,3,611.6
17211,2009-12-13 13:17:00,2010-12-05 12:44:00,6,1729.43
17212,2010-08-10 09:22:00,2010-09-07 15:46:00,2,567.56
17213,2009-12-15 10:28:00,2010-12-08 13:03:00,7,2401.07
17218,2010-01-25 16:12:00,2010-12-06 15:25:00,9,2231.96
17220,2010-01-20 11:57:00,2010-10-18 11:25:00,7,1283.5
17221,2010-04-11 15:34:00,2010-04-27 10:27:00,3,643.39
17222,2010-01-10 15:24:00,2010-08-19 13:48:00,5,1250.86
17223,2010-11-29 17:19:00,2010-12-06 14:08:00,2,446.74
17226,2010-02-12 14:31:00,2010-09-21 10:10:00,2,506.63
17227,2010-01-15 15:05:00,2010-12-06 11:16:00,7,1082.71
17228,2010-03-12 11:54:00,2010-12-07 10:06:00,7,1271.15
17230,2009-12-08 13:41:00,2010-05-25 11:07:00,10,6286.54
17231,2009-12-07 16:38:00,2010-11-15 15:03:00,15,4022.72
17233,2009-12-15 12:03:00,2010-09-17 13:20:00,2,369.98
17235,2010-06-04 17:01:00,2010-12-02 13:38:00,7,1354.82
17236,2010-03-07 13:00:00,2010-10-25 11:43:00,6,1013.13
17237,2010-11-23 11:45:00,2010-11-29 11:51:00,2,687.39
17238,2009-12-01 10:59:00,2010-12-03 15:10:00,17,4038.45
17239,2010-07-01 10:53:00,2010-11-17 15:28:00,3,806.95
17241,2010-02-15 14:47:00,2010-11-19 13:01:00,12,2744.14
17242,2010-01-24 10:27:00,2010-09-09 10:44:00,3,1754.24
17243,2009-12-01 15:36:00,2010-12-05 10:03:00,44,12213.01
17244,2009-12-06 11:27:00,2010-11-21 13:53:00,4,871.14
17246,2009-12-01 17:45:00,2010-06-11 12:36:00,2,38.92
17251,2009-12-15 10:36:00,2010-11-22 10:42:00,2,529.15
17255,2010-09-19 15:53:00,2010-11-14 14:56:00,2,500.72
17256,2010-04-18 13:40:00,2010-08-15 13:19:00,3,258.93
17257,2010-09-29 12:49:00,2010-09-29 12:51:00,2,192.73
17258,2010-02-12 15:51:00,2010-11-08 12:37:00,2,417.3
17259,2010-02-22 13:38:00,2010-12-06 12:55:00,5,1285.97
17262,2009-12-15 11:26:00,2010-12-08 13:30:00,7,1504.26
17266,2010-03-09 10:42:00,2010-07-28 16:39:00,2,207.09
17268,2009-12-08 11:46:00,2010-09-20 12:34:00,7,970.25
17270,2009-12-07 17:18:00,2010-08-27 14:09:00,2,604.4
17281,2010-02-04 13:00:00,2010-11-30 18:05:00,6,797.85
17282,2010-06-09 12:07:00,2010-09-09 19:23:00,2,636.25
17284,2010-09-20 16:18:00,2010-11-15 17:14:00,2,1140.58
17285,2010-02-14 14:10:00,2010-03-21 13:38:00,2,428.34
17286,2010-11-04 13:43:00,2010-11-04 13:52:00,2,241.56
17287,2009-12-03 12:45:00,2010-12-07 12:43:00,16,3047.85
17288,2010-11-10 14:44:00,2010-11-14 13:42:00,4,1080.25
17289,2010-03-08 12:52:00,2010-11-28 13:40:00,6,1134.98
17290,2009-12-13 13:28:00,2010-11-23 11:13:00,6,976.2
17292,2010-05-09 14:52:00,2010-08-24 17:14:00,2,271.75
17293,2009-12-03 15:09:00,2010-11-10 16:31:00,8,1899.12
17294,2010-02-08 14:21:00,2010-02-08 16:12:00,2,467.79
17298,2010-03-08 08:56:00,2010-11-30 17:55:00,3,459.14
17299,2010-08-15 16:00:00,2010-09-26 13:40:00,2,346.97
17300,2010-08-15 11:02:00,2010-11-14 10:56:00,2,393.64
17306,2010-11-01 11:38:00,2010-11-11 12:44:00,2,1151.04
17307,2010-01-19 16:38:00,2010-11-09 13:40:00,11,3999.89
17308,2010-09-13 09:35:00,2010-11-11 13:19:00,2,4511.76
17309,2010-02-04 15:49:00,2010-11-23 13:47:00,2,247.84
17310,2010-06-23 11:38:00,2010-11-17 16:00:00,2,1025.1
17311,2010-02-03 12:38:00,2010-11-12 12:38:00,4,2181.71
17314,2009-12-03 11:25:00,2010-11-11 13:52:00,9,2376.51
17315,2010-09-27 12:45:00,2010-11-29 15:36:00,5,3358.34
17320,2010-01-21 16:29:00,2010-12-06 15:38:00,4,1695.15
17321,2010-05-11 12:10:00,2010-11-10 12:56:00,4,1040.32
17322,2009-12-03 11:46:00,2010-11-28 14:41:00,5,922.59
17323,2010-01-10 11:58:00,2010-10-28 19:59:00,5,644.52
17324,2009-12-18 15:29:00,2010-12-08 12:45:00,9,1311.64
17325,2010-03-08 11:31:00,2010-10-25 09:20:00,2,512.77
17326,2010-06-28 14:05:00,2010-10-27 15:38:00,2,321.95
17327,2010-05-26 11:20:00,2010-10-26 09:54:00,2,152.35
17329,2009-12-03 16:09:00,2009-12-08 16:57:00,3,481.32
17330,2010-03-02 09:20:00,2010-06-13 12:34:00,2,59.9
17332,2010-02-21 14:41:00,2010-06-29 16:10:00,5,838.27
17335,2010-01-24 11:15:00,2010-11-21 10:17:00,2,508.0
17338,2010-03-10 16:09:00,2010-11-29 16:13:00,9,5498.64
17339,2010-07-18 13:08:00,2010-12-09 14:44:00,2,119.0
17340,2010-02-14 14:54:00,2010-12-08 15:56:00,8,10051.53
17341,2010-06-17 18:17:00,2010-12-08 12:46:00,3,1108.47
17342,2010-02-08 09:16:00,2010-11-25 11:07:00,4,1227.54
17343,2009-12-03 18:30:00,2010-11-28 10:33:00,5,1066.3
17345,2009-12-01 16:17:00,2010-11-29 11:54:00,6,1066.94
17346,2010-04-18 12:18:00,2010-12-01 14:34:00,12,2646.44
17348,2010-03-10 12:13:00,2010-09-28 10:49:00,4,1316.89
17349,2010-03-18 14:26:00,2010-11-24 15:09:00,4,741.5
17350,2010-02-01 15:38:00,2010-11-10 16:15:00,3,619.97
17351,2009-12-10 18:43:00,2010-10-08 15:40:00,9,1401.08
17353,2010-03-25 12:52:00,2010-08-05 08:54:00,2,1502.0
17354,2010-10-07 13:22:00,2010-10-07 13:42:00,3,1750.4
17356,2010-01-20 12:14:00,2010-06-03 10:25:00,4,768.25
17358,2010-02-24 16:42:00,2010-11-28 13:21:00,3,500.2
17360,2010-10-01 12:07:00,2010-11-19 12:00:00,3,645.59
17361,2010-02-01 14:30:00,2010-02-01 14:33:00,2,392.44
17362,2010-01-06 10:53:00,2010-11-04 12:39:00,5,711.81
17363,2010-11-02 17:25:00,2010-11-09 17:11:00,3,940.86
17364,2009-12-07 15:28:00,2010-11-28 15:47:00,17,7589.24
17365,2010-02-01 11:56:00,2010-11-18 10:19:00,7,3423.42
17366,2010-09-09 19:46:00,2010-10-03 16:04:00,2,1096.24
17368,2009-12-15 17:45:00,2010-11-29 15:48:00,6,913.47
17371,2009-12-08 12:25:00,2010-03-26 14:01:00,3,238.66
17372,2009-12-03 18:41:00,2010-11-23 11:12:00,20,3034.88
17373,2010-02-28 14:17:00,2010-10-17 13:35:00,3,520.58
17376,2010-07-05 11:11:00,2010-10-31 10:42:00,2,250.44
17377,2009-12-02 12:39:00,2010-12-09 10:42:00,60,14218.49
17380,2010-06-23 11:24:00,2010-10-01 16:42:00,3,645.0
17381,2010-06-09 12:55:00,2010-12-06 09:45:00,12,19726.76
17382,2010-05-19 11:33:00,2010-09-30 10:53:00,7,836.88
17388,2009-12-10 11:45:00,2010-10-15 10:39:00,7,1432.01
17389,2009-12-04 12:06:00,2010-11-30 12:21:00,27,25391.0
17393,2010-08-08 15:53:00,2010-10-25 11:10:00,2,381.15
17396,2010-09-24 13:04:00,2010-12-03 09:45:00,7,1476.3
17400,2009-12-17 15:41:00,2010-05-07 17:49:00,3,2547.09
17402,2009-12-16 17:40:00,2010-12-05 15:06:00,12,2462.33
17404,2010-01-07 11:31:00,2010-10-26 15:48:00,8,15874.3
17406,2009-12-06 13:45:00,2010-12-08 10:35:00,11,2704.63
17408,2010-07-13 14:02:00,2010-07-27 13:17:00,2,283.44
17409,2009-12-11 12:17:00,2010-10-14 10:10:00,8,7021.66
17411,2009-12-03 12:02:00,2010-11-18 11:55:00,2,646.44
17412,2009-12-02 13:51:00,2010-12-02 16:29:00,10,3159.46
17413,2010-05-19 11:11:00,2010-10-31 12:33:00,2,560.14
17414,2009-12-03 16:49:00,2010-10-12 16:53:00,4,1471.52
17416,2009-12-14 16:29:00,2010-11-11 12:47:00,15,10405.03
17419,2010-01-25 13:19:00,2010-12-07 15:04:00,8,2273.95
17420,2010-11-03 13:09:00,2010-12-01 09:56:00,4,485.6
17421,2009-12-04 15:43:00,2010-11-18 16:57:00,3,1059.41
17422,2010-06-23 10:19:00,2010-11-23 10:24:00,5,1615.39
17426,2010-02-17 13:39:00,2010-09-13 12:35:00,7,3040.51
17428,2009-12-01 17:28:00,2010-12-06 09:37:00,18,14562.91
17429,2010-10-06 12:30:00,2010-11-08 13:28:00,2,832.54
17430,2010-08-17 11:52:00,2010-12-09 13:05:00,3,469.41
17432,2009-12-03 19:13:00,2010-11-19 17:01:00,7,1385.63
17436,2009-12-07 12:31:00,2010-10-27 13:43:00,3,317.76
17438,2010-03-08 16:53:00,2010-09-21 14:12:00,4,1034.32
17442,2010-02-15 15:54:00,2010-11-23 14:46:00,9,2371.74
17448,2010-03-04 17:29:00,2010-07-30 14:07:00,46,14556.97
17449,2009-12-09 14:16:00,2010-11-17 13:50:00,6,2430.29
17450,2010-09-27 16:59:00,2010-12-07 09:43:00,7,52422.3
17454,2010-01-15 15:40:00,2010-09-03 10:43:00,6,1030.41
17456,2010-09-09 15:28:00,2010-12-09 15:23:00,2,975.56
17457,2009-12-07 14:52:00,2010-11-25 13:05:00,9,4247.11
17460,2010-01-22 13:25:00,2010-12-02 15:14:00,12,1605.84
17463,2010-04-29 17:57:00,2010-05-28 10:04:00,2,661.5
17464,2010-03-30 13:15:00,2010-07-05 13:24:00,2,710.98
17465,2009-12-03 13:25:00,2010-10-10 11:56:00,7,2542.79
17469,2009-12-16 15:06:00,2010-11-04 17:38:00,12,3180.28
17470,2010-07-19 16:16:00,2010-12-07 09:57:00,7,1679.8
17473,2010-09-09 19:03:00,2010-10-27 11:45:00,2,607.0
17476,2009-12-02 12:09:00,2010-11-09 10:21:00,2,489.86
17477,2010-03-02 11:53:00,2010-04-06 10:06:00,2,1144.3
17478,2010-03-16 14:19:00,2010-10-27 15:01:00,2,1272.8
17482,2010-05-10 14:10:00,2010-08-09 15:33:00,2,778.19
17484,2010-03-25 16:17:00,2010-05-12 15:41:00,2,209.57
17490,2010-05-19 12:40:00,2010-11-16 18:47:00,2,658.18
17491,2010-04-28 11:57:00,2010-12-07 12:18:00,8,2422.2
17492,2010-07-09 13:27:00,2010-08-18 15:10:00,2,747.85
17496,2010-01-14 13:36:00,2010-05-25 10:25:00,3,1141.84
17497,2010-04-08 08:01:00,2010-11-14 14:17:00,2,287.25
17504,2010-02-08 09:22:00,2010-11-24 09:49:00,9,6568.09
17505,2010-04-13 16:33:00,2010-06-07 12:10:00,3,1289.64
17508,2009-12-07 11:46:00,2010-11-23 12:22:00,7,4191.92
17511,2009-12-02 10:52:00,2010-12-07 09:51:00,31,84541.17
17512,2009-12-10 19:35:00,2010-09-13 10:46:00,8,2542.83
17513,2010-08-17 15:08:00,2010-10-27 11:13:00,2,645.6
17515,2010-06-07 13:29:00,2010-11-10 13:47:00,5,978.44
17518,2010-03-28 13:31:00,2010-10-10 12:40:00,2,329.42
17519,2009-12-01 09:57:00,2010-12-06 15:18:00,10,3265.45
17521,2010-10-01 11:49:00,2010-11-10 16:25:00,2,554.85
17524,2010-09-27 16:20:00,2010-09-27 16:29:00,2,394.14
17525,2010-10-07 09:12:00,2010-11-07 11:54:00,2,739.2
17526,2009-12-17 16:18:00,2010-12-09 12:20:00,9,2970.14
17529,2010-01-11 12:29:00,2010-04-08 17:51:00,2,1240.25
17530,2009-12-06 16:17:00,2010-12-09 20:01:00,3,756.51
17531,2010-03-31 12:57:00,2010-06-30 12:17:00,2,970.12
17534,2010-02-25 16:55:00,2010-09-14 13:32:00,4,1445.47
17536,2010-01-26 12:00:00,2010-10-15 12:09:00,2,288.33
17539,2009-12-13 12:36:00,2010-04-01 12:07:00,4,1226.57
17540,2010-04-19 09:47:00,2010-11-21 11:37:00,4,1011.7
17542,2010-03-08 12:08:00,2010-03-08 12:17:00,2,170.95
17544,2010-11-14 14:47:00,2010-11-14 15:08:00,3,960.69
17545,2010-05-11 10:04:00,2010-11-14 15:30:00,3,802.58
17547,2010-02-12 14:34:00,2010-11-29 09:41:00,2,727.85
17548,2010-11-08 16:19:00,2010-11-26 15:19:00,3,627.96
17550,2010-02-07 15:07:00,2010-11-07 14:51:00,6,2280.48
17552,2010-03-22 09:19:00,2010-12-02 18:46:00,10,2154.88
17553,2010-04-08 09:44:00,2010-08-24 09:49:00,3,2270.0
17555,2010-05-02 16:02:00,2010-10-10 12:09:00,3,574.48
17560,2010-02-17 12:11:00,2010-11-09 14:49:00,4,1040.85
17561,2009-12-06 13:29:00,2010-11-14 12:36:00,3,554.72
17563,2010-04-07 10:02:00,2010-05-10 14:54:00,2,392.38
17567,2010-09-24 10:48:00,2010-12-02 15:18:00,2,1024.55
17572,2009-12-15 10:00:00,2010-12-01 12:51:00,7,496.26
17576,2009-12-03 16:54:00,2010-12-09 16:57:00,23,5434.13
17577,2010-02-09 10:10:00,2010-03-04 13:01:00,2,348.75
17578,2010-06-28 11:55:00,2010-08-22 13:10:00,6,903.87
17580,2010-10-13 14:28:00,2010-11-28 11:08:00,2,329.55
17581,2009-12-03 12:34:00,2010-12-02 14:49:00,20,7712.71
17582,2010-03-26 12:23:00,2010-09-19 13:37:00,4,1275.43
17584,2010-01-25 08:17:00,2010-08-29 12:43:00,4,4067.12
17585,2010-08-18 16:39:00,2010-09-20 14:49:00,3,960.23
17588,2010-03-12 12:34:00,2010-11-08 15:45:00,4,1699.35
17589,2010-03-07 13:48:00,2010-11-19 14:27:00,14,11645.7
17591,2010-01-17 16:09:00,2010-12-07 15:39:00,2,550.7
17593,2009-12-04 14:35:00,2010-10-26 17:55:00,6,4168.46
17594,2010-04-14 08:53:00,2010-09-16 19:17:00,2,1504.7
17596,2009-12-15 13:21:00,2010-12-06 12:34:00,7,2092.74
17597,2010-05-05 15:33:00,2010-10-17 10:13:00,4,1439.72
17602,2010-03-30 17:25:00,2010-08-24 17:31:00,8,2348.16
17603,2009-12-10 09:44:00,2010-04-01 11:51:00,3,1398.76
17604,2010-01-27 12:19:00,2010-10-13 10:17:00,4,636.57
17608,2010-04-11 13:37:00,2010-09-16 16:15:00,2,305.11
17609,2010-04-09 16:54:00,2010-11-02 10:00:00,6,782.12
17610,2009-12-06 16:07:00,2010-06-17 16:34:00,5,1529.49
17611,2009-12-01 13:29:00,2010-10-14 15:45:00,13,4387.76
17612,2009-12-17 11:59:00,2010-11-25 19:41:00,12,3346.41
17615,2010-08-11 12:54:00,2010-11-17 08:42:00,3,403.6
17616,2010-09-14 10:43:00,2010-12-07 10:04:00,2,489.6
17618,2010-01-24 11:03:00,2010-11-21 12:31:00,8,3101.66
17621,2010-10-04 09:37:00,2010-10-31 10:14:00,3,1795.22
17622,2010-04-20 13:38:00,2010-04-21 12:36:00,2,1130.21
17623,2009-12-14 14:36:00,2010-10-26 14:12:00,6,1856.62
17624,2009-12-20 12:35:00,2010-09-28 14:07:00,2,725.15
17625,2009-12-15 11:49:00,2010-09-19 14:51:00,4,4020.8
17629,2010-10-14 13:35:00,2010-11-16 14:46:00,2,641.4
17631,2009-12-09 14:15:00,2010-11-30 10:02:00,4,470.16
17633,2010-11-15 14:55:00,2010-11-25 11:28:00,3,732.55
17635,2010-04-28 10:51:00,2010-10-11 15:12:00,3,1265.58
17638,2009-12-18 09:58:00,2010-03-02 14:32:00,2,842.4
17639,2010-08-13 11:59:00,2010-11-17 16:11:00,5,506.67
17640,2010-03-23 09:15:00,2010-11-25 14:27:00,5,2547.28
17642,2009-12-05 16:01:00,2010-10-06 13:20:00,3,1112.2
17643,2010-07-22 13:07:00,2010-12-01 14:38:00,2,439.7
17644,2010-02-16 08:44:00,2010-11-10 10:18:00,9,3132.96
17646,2009-12-16 09:37:00,2010-12-09 14:28:00,10,3141.4
17647,2010-02-08 14:39:00,2010-02-08 14:40:00,2,198.6
17649,2010-08-24 13:01:00,2010-08-27 10:23:00,2,710.4
17651,2010-07-01 12:17:00,2010-07-29 12:28:00,6,1758.52
17655,2010-10-19 10:20:00,2010-12-08 16:45:00,3,1013.54
17659,2010-11-18 14:20:00,2010-12-02 16:46:00,3,835.33
17662,2009-12-17 09:54:00,2010-02-16 09:38:00,2,412.92
17663,2010-03-04 11:42:00,2010-10-18 10:26:00,10,3372.92
17664,2010-03-29 17:17:00,2010-08-22 13:14:00,2,561.59
17666,2010-06-30 12:03:00,2010-08-19 12:23:00,3,1319.64
17667,2010-02-23 09:57:00,2010-09-30 12:19:00,4,1895.19
17669,2010-04-01 18:48:00,2010-09-03 13:13:00,3,2735.63
17671,2010-11-29 11:53:00,2010-12-09 14:27:00,2,830.63
17672,2010-01-26 17:20:00,2010-10-18 13:34:00,5,2600.46
17673,2010-03-19 14:02:00,2010-11-29 15:26:00,7,2604.46
17675,2009-12-10 16:10:00,2010-12-07 13:22:00,40,17885.32
17676,2010-03-30 10:49:00,2010-12-08 13:49:00,5,1378.16
17677,2009-12-16 11:23:00,2010-12-08 12:08:00,28,20329.68
17679,2009-12-03 17:32:00,2010-07-06 09:39:00,5,1585.5
17680,2010-07-16 16:07:00,2010-11-21 13:31:00,2,313.05
17681,2010-01-15 11:53:00,2010-04-21 17:22:00,5,731.2
17682,2010-03-08 09:49:00,2010-12-06 13:35:00,6,1982.45
17683,2010-06-03 17:15:00,2010-11-19 10:11:00,3,819.01
17685,2010-02-11 13:44:00,2010-12-02 14:42:00,6,2751.64
17686,2010-06-24 09:49:00,2010-10-12 17:06:00,2,2557.35
17689,2010-08-22 13:54:00,2010-11-16 13:22:00,2,317.08
17690,2010-02-03 14:26:00,2010-12-08 15:23:00,8,2690.15
17691,2010-06-11 11:50:00,2010-12-06 11:10:00,3,489.65
17692,2010-06-17 11:14:00,2010-11-08 13:39:00,8,2234.86
17694,2010-05-26 08:27:00,2010-07-16 10:22:00,2,1412.85
17695,2010-01-28 09:27:00,2010-11-10 14:44:00,3,980.7
17696,2009-12-10 17:09:00,2010-11-22 09:55:00,19,5393.88
17699,2010-05-27 11:53:00,2010-08-20 09:39:00,2,442.0
17700,2009-12-01 11:37:00,2010-11-23 15:55:00,10,4145.33
17702,2010-11-04 12:09:00,2010-11-21 13:15:00,2,1319.67
17705,2010-05-12 09:47:00,2010-09-10 14:43:00,2,260.38
17706,2010-01-19 12:13:00,2010-12-08 11:04:00,17,10245.49
17707,2009-12-07 12:19:00,2010-11-28 15:52:00,6,456.9
17708,2010-10-12 12:13:00,2010-11-02 08:57:00,2,620.85
17709,2010-04-15 14:48:00,2010-08-26 14:02:00,4,533.56
17713,2010-06-09 09:33:00,2010-11-22 16:50:00,4,1198.09
17714,2010-07-14 10:41:00,2010-10-11 08:30:00,4,1257.18
17716,2009-12-02 17:18:00,2010-11-08 10:45:00,13,10300.98
17720,2010-05-10 09:58:00,2010-12-07 10:43:00,7,1572.97
17722,2010-11-29 09:44:00,2010-12-08 12:41:00,2,2006.32
17726,2010-01-26 14:58:00,2010-11-09 13:37:00,7,1092.06
17728,2010-09-12 14:58:00,2010-10-31 15:50:00,2,1362.75
17730,2010-04-29 11:48:00,2010-11-22 12:26:00,7,2475.32
17731,2010-02-09 12:37:00,2010-03-28 12:43:00,2,468.88
17732,2010-08-09 08:41:00,2010-12-02 09:29:00,8,2166.42
17734,2010-03-07 13:55:00,2010-07-02 10:01:00,3,741.69
17735,2010-07-30 13:25:00,2010-12-07 10:32:00,8,4134.91
17738,2010-03-19 10:07:00,2010-11-09 14:24:00,9,2304.51
17739,2009-12-07 10:48:00,2010-11-30 09:52:00,11,4939.24
17740,2010-01-11 13:11:00,2010-11-15 16:33:00,6,426.9
17741,2010-05-28 12:11:00,2010-10-29 11:59:00,2,101.1
17742,2009-12-01 13:16:00,2010-10-07 15:03:00,9,1743.37
17745,2010-06-02 09:03:00,2010-08-19 12:30:00,2,600.34
17746,2010-04-08 12:54:00,2010-08-25 13:31:00,3,793.93
17753,2010-01-06 14:20:00,2010-09-01 15:49:00,4,390.56
17754,2009-12-11 15:52:00,2010-11-30 11:31:00,8,2805.27
17756,2010-11-10 12:54:00,2010-11-29 12:20:00,3,733.7
17757,2010-01-13 15:56:00,2010-12-06 13:41:00,28,3817.16
17758,2010-05-20 13:18:00,2010-10-08 12:08:00,4,1555.83
17759,2010-05-05 11:40:00,2010-11-11 15:09:00,2,441.92
17760,2010-02-28 12:15:00,2010-12-01 15:08:00,5,631.34
17763,2010-02-18 14:32:00,2010-02-24 13:34:00,3,71.15
17764,2009-12-03 14:28:00,2010-11-02 17:12:00,3,804.82
17766,2010-11-23 14:17:00,2010-11-23 14:29:00,2,299.61
17768,2009-12-02 12:26:00,2010-11-17 13:42:00,4,1236.33
17769,2010-01-19 11:33:00,2010-11-21 12:11:00,7,3105.1
17771,2010-04-29 13:21:00,2010-09-29 16:35:00,2,141.6
17773,2010-01-18 14:32:00,2010-07-13 14:07:00,2,585.27
17774,2010-02-08 16:06:00,2010-11-07 12:31:00,5,2102.64
17776,2009-12-16 14:59:00,2010-11-18 12:14:00,2,338.56
17780,2010-01-24 11:21:00,2010-02-10 13:43:00,3,352.91
17782,2010-11-22 10:03:00,2010-11-22 11:15:00,2,679.02
17785,2010-05-23 13:01:00,2010-09-20 14:14:00,2,271.44
17790,2010-06-13 13:30:00,2010-11-26 10:19:00,6,818.06
17792,2010-08-18 13:08:00,2010-08-29 14:30:00,2,370.05
17794,2010-01-20 12:17:00,2010-01-22 10:18:00,2,147.3
17796,2010-10-14 13:37:00,2010-12-05 12:23:00,4,664.09
17797,2009-12-15 14:30:00,2010-11-09 14:33:00,5,1205.44
17799,2009-12-13 16:03:00,2010-11-15 13:58:00,10,3285.96
17801,2010-01-17 11:31:00,2010-09-14 14:32:00,3,798.33
17802,2009-12-13 13:39:00,2010-12-02 13:44:00,8,3768.08
17804,2009-12-01 12:22:00,2010-11-28 14:01:00,3,385.23
17807,2010-01-04 14:00:00,2010-11-09 16:21:00,3,437.87
17808,2010-05-07 16:26:00,2010-06-09 10:44:00,4,262.64
17809,2009-12-02 14:52:00,2010-12-03 12:43:00,11,5925.48
17810,2010-01-25 10:26:00,2010-02-09 10:47:00,2,374.81
17811,2010-09-20 11:24:00,2010-11-30 10:56:00,8,1772.07
17812,2010-06-27 13:34:00,2010-12-06 15:27:00,4,433.73
17814,2010-10-13 14:03:00,2010-11-29 14:21:00,2,1617.32
17816,2009-12-15 15:27:00,2010-12-09 14:10:00,3,75.76
17817,2010-10-13 15:07:00,2010-11-26 14:09:00,3,420.17
17819,2009-12-13 15:24:00,2010-12-03 14:26:00,6,2907.65
17822,2010-05-28 12:15:00,2010-10-15 13:47:00,5,2188.5
17823,2010-10-14 16:14:00,2010-10-14 16:24:00,2,494.25
17825,2009-12-14 12:09:00,2010-04-20 12:01:00,4,731.96
17829,2010-02-22 15:39:00,2010-10-26 13:46:00,4,3867.5
17834,2010-09-20 15:32:00,2010-10-21 12:09:00,2,730.47
17838,2010-03-19 09:53:00,2010-12-09 15:50:00,10,3943.6
17841,2009-12-02 15:41:00,2010-12-09 17:27:00,91,29892.5
17845,2010-05-12 13:04:00,2010-06-02 15:20:00,4,598.19
17847,2010-03-04 12:57:00,2010-07-12 10:00:00,2,129.69
17848,2009-12-06 13:19:00,2010-10-18 16:38:00,21,2749.7
17849,2010-03-14 15:17:00,2010-08-16 11:31:00,4,457.96
17850,2009-12-05 12:28:00,2010-12-02 15:27:00,155,51208.87
17851,2009-12-03 17:46:00,2010-10-13 15:13:00,6,1563.34
17852,2009-12-08 12:51:00,2010-11-16 12:19:00,3,548.87
17853,2009-12-03 15:09:00,2010-10-28 15:29:00,3,1608.19
17854,2009-12-08 11:13:00,2010-09-03 12:06:00,4,760.19
17857,2010-03-08 12:09:00,2010-12-09 11:35:00,2,1803.2
17858,2009-12-06 15:41:00,2010-12-05 13:08:00,19,7641.99
17860,2009-12-11 16:48:00,2010-12-06 12:41:00,4,762.74
17861,2009-12-10 11:27:00,2010-11-19 13:43:00,10,3026.89
17862,2010-05-25 17:22:00,2010-11-19 12:09:00,3,948.19
17863,2010-02-25 12:01:00,2010-12-05 13:21:00,7,2585.2
17864,2010-10-08 11:49:00,2010-11-19 12:04:00,2,326.82
17865,2009-12-01 10:49:00,2010-11-29 10:37:00,26,15848.07
17866,2009-12-14 16:01:00,2010-08-12 12:43:00,2,805.3
17867,2009-12-02 13:39:00,2010-10-25 15:51:00,9,424.18
17869,2010-06-10 13:47:00,2010-12-06 17:16:00,3,607.98
17870,2010-11-23 11:39:00,2010-12-08 08:12:00,2,1213.8
17871,2010-01-15 14:48:00,2010-11-07 13:21:00,4,963.09
17873,2009-12-16 15:11:00,2010-12-01 14:54:00,14,4656.72
17876,2010-02-02 13:00:00,2010-11-05 10:52:00,3,3424.02
17878,2010-11-09 13:50:00,2010-11-09 13:52:00,2,1032.88
17880,2009-12-09 16:13:00,2010-03-10 12:39:00,2,366.0
17882,2010-11-25 14:35:00,2010-11-25 14:40:00,2,313.46
17883,2010-02-25 20:07:00,2010-06-18 16:40:00,3,324.08
17884,2009-12-04 16:23:00,2010-12-06 15:13:00,18,2355.44
17886,2010-04-29 11:10:00,2010-09-28 14:44:00,3,708.77
17888,2009-12-21 16:34:00,2010-11-30 16:17:00,17,1094.39
17889,2010-03-31 10:54:00,2010-11-30 12:33:00,5,571.0
17894,2010-08-27 14:13:00,2010-12-08 14:50:00,11,1333.57
17897,2010-05-12 16:03:00,2010-12-07 15:54:00,8,2018.4
17898,2010-05-21 17:22:00,2010-09-13 12:01:00,2,147.12
17901,2010-07-06 10:54:00,2010-07-06 11:05:00,2,149.7
17905,2010-01-28 17:54:00,2010-12-01 13:21:00,10,1583.28
17908,2009-12-14 12:24:00,2010-12-01 11:45:00,5,1168.26
17913,2009-12-03 13:02:00,2010-11-04 19:12:00,12,3068.04
17916,2009-12-06 14:10:00,2010-03-21 12:26:00,2,43.87
17918,2010-07-22 14:20:00,2010-07-27 11:51:00,3,396.39
17920,2009-12-06 10:37:00,2010-12-06 16:58:00,39,20312.36
17921,2010-07-15 20:05:00,2010-11-25 19:24:00,6,1596.98
17923,2010-06-13 13:58:00,2010-06-30 13:41:00,2,289.5
17924,2010-10-21 12:17:00,2010-12-01 10:51:00,2,574.2
17926,2010-05-09 14:07:00,2010-09-21 18:42:00,3,638.2
17929,2009-12-09 11:40:00,2010-11-17 12:01:00,8,2239.1
17930,2010-03-04 10:41:00,2010-11-11 08:29:00,8,2534.74
17931,2010-02-16 15:47:00,2010-11-07 12:36:00,12,3028.93
17935,2009-12-04 14:33:00,2010-11-04 12:06:00,5,540.35
17940,2009-12-03 12:31:00,2010-09-20 15:33:00,6,26286.75
17941,2010-01-06 15:37:00,2010-04-28 09:23:00,3,1128.72
17945,2010-01-12 11:33:00,2010-01-12 11:40:00,3,360.35
17949,2009-12-02 11:07:00,2010-12-03 13:12:00,74,60117.6
17950,2010-01-04 17:39:00,2010-12-09 15:20:00,6,950.61
17951,2010-10-31 15:15:00,2010-12-01 12:40:00,2,627.54
17952,2010-06-16 11:54:00,2010-11-26 13:54:00,4,819.61
17954,2009-12-09 13:22:00,2010-12-07 12:37:00,9,1633.33
17955,2010-02-12 16:27:00,2010-02-22 11:22:00,2,392.6
17960,2010-03-08 12:22:00,2010-07-05 09:56:00,2,61.3
17961,2009-12-01 14:48:00,2010-12-02 19:18:00,62,1699.1
17962,2010-01-13 15:24:00,2010-06-08 16:24:00,3,584.59
17963,2010-01-19 17:25:00,2010-08-25 15:58:00,4,651.51
17965,2009-12-14 13:19:00,2010-12-09 18:09:00,17,4618.41
17966,2010-01-18 13:24:00,2010-04-27 10:14:00,5,875.99
17967,2010-10-19 13:19:00,2010-12-03 11:19:00,2,234.22
17968,2010-07-15 15:01:00,2010-12-01 12:23:00,4,610.69
17969,2009-12-06 13:53:00,2010-07-25 13:08:00,18,2141.74
17974,2010-10-28 20:03:00,2010-11-23 13:24:00,3,1117.27
17975,2010-08-06 11:24:00,2010-12-08 11:38:00,12,2540.02
17978,2009-12-08 13:27:00,2010-12-09 14:05:00,4,1160.84
17984,2009-12-01 11:51:00,2010-11-12 14:13:00,4,1038.59
17987,2010-06-07 11:23:00,2010-11-28 16:04:00,4,805.07
17988,2009-12-07 13:35:00,2010-08-09 16:56:00,7,288.42
17990,2009-12-07 15:19:00,2010-11-24 09:57:00,3,896.77
17994,2010-03-29 10:37:00,2010-11-16 09:56:00,7,1634.83
17995,2010-11-17 17:01:00,2010-11-22 16:34:00,2,419.38
17996,2010-06-11 11:48:00,2010-11-25 11:00:00,3,482.33
17998,2009-12-01 13:07:00,2010-11-24 15:31:00,3,639.24
17999,2010-11-26 13:16:00,2010-12-08 15:17:00,2,348.84
18001,2009-12-02 15:38:00,2010-09-16 11:37:00,4,536.61
18002,2009-12-08 11:07:00,2010-11-29 10:57:00,4,249.92
18006,2009-12-17 12:27:00,2010-11-23 10:22:00,3,553.18
18008,2010-01-06 12:35:00,2010-10-20 14:28:00,14,17670.94
18009,2010-02-25 11:49:00,2010-06-15 13:40:00,7,1898.49
18011,2010-05-21 13:28:00,2010-12-01 17:35:00,2,424.24
18016,2010-01-27 16:00:00,2010-10-25 14:24:00,2,476.9
18018,2010-10-15 11:05:00,2010-11-05 15:52:00,2,175.85
18021,2010-07-15 18:47:00,2010-07-18 10:52:00,2,227.06
18022,2010-06-11 13:59:00,2010-11-19 13:16:00,4,983.68
18025,2010-03-30 17:33:00,2010-11-25 12:37:00,6,1177.72
18026,2010-07-22 16:21:00,2010-07-27 10:37:00,2,2074.07
18035,2010-11-19 13:42:00,2010-11-19 13:46:00,2,546.34
18036,2009-12-18 12:04:00,2010-11-19 13:56:00,8,1158.02
18037,2009-12-01 13:48:00,2010-10-14 12:46:00,9,97.4
18039,2010-03-09 11:19:00,2010-11-30 13:07:00,4,579.17
18041,2010-01-14 10:04:00,2010-12-09 13:24:00,20,4568.99
18044,2010-05-28 15:31:00,2010-11-17 13:25:00,8,1417.01
18047,2010-11-23 12:57:00,2010-11-23 13:11:00,2,342.69
18049,2010-04-28 13:24:00,2010-09-28 14:26:00,2,556.52
18051,2009-12-09 12:17:00,2010-03-15 13:58:00,7,2282.28
18053,2010-06-30 12:36:00,2010-07-02 11:42:00,2,271.05
18055,2010-10-22 13:27:00,2010-12-07 09:13:00,6,4411.38
18057,2010-01-18 12:42:00,2010-11-11 16:55:00,3,1203.56
18058,2010-02-10 09:38:00,2010-06-16 13:45:00,2,603.9
18060,2010-05-24 08:34:00,2010-10-27 16:41:00,2,1185.46
18061,2009-12-04 11:36:00,2010-12-08 13:03:00,19,4369.56
18062,2010-04-21 08:55:00,2010-11-18 10:05:00,3,912.15
18063,2010-03-16 13:05:00,2010-11-14 10:46:00,2,186.6
18064,2010-02-01 15:01:00,2010-09-19 15:37:00,9,3681.03
18065,2009-12-09 16:00:00,2010-11-16 10:05:00,15,3473.8
18066,2010-10-20 11:42:00,2010-11-18 10:08:00,2,1122.4
18069,2010-02-28 16:14:00,2010-11-21 15:56:00,6,2503.89
18071,2009-12-05 10:31:00,2010-12-09 10:33:00,5,975.63
18074,2010-07-22 10:31:00,2010-12-01 09:53:00,2,1019.44
18075,2010-07-29 11:47:00,2010-11-30 12:09:00,10,3171.54
18077,2009-12-07 11:40:00,2010-12-08 10:21:00,8,1705.55
18078,2010-03-21 15:50:00,2010-10-10 16:01:00,2,508.47
18084,2010-11-16 08:09:00,2010-11-21 15:47:00,2,722.45
18085,2010-03-21 11:57:00,2010-12-01 12:08:00,3,955.8
18087,2009-12-01 09:43:00,2010-11-25 12:00:00,15,10705.8
18092,2009-12-04 12:37:00,2010-12-09 10:00:00,8,7111.18
18093,2010-03-31 10:27:00,2010-09-21 15:41:00,4,2346.19
18094,2010-01-07 11:16:00,2010-09-19 14:03:00,6,3374.22
18095,2010-04-19 14:09:00,2010-10-08 15:09:00,3,1723.04
18096,2010-07-14 14:30:00,2010-09-23 13:54:00,3,894.13
18097,2009-12-17 11:06:00,2010-11-19 10:55:00,5,1965.52
18101,2010-02-03 13:52:00,2010-11-30 14:21:00,3,405.51
18102,2009-12-01 09:24:00,2010-12-09 13:44:00,89,349164.35
18106,2010-01-15 11:36:00,2010-08-20 14:14:00,5,1030.76
18108,2009-12-02 12:47:00,2010-04-22 09:38:00,2,577.81
18109,2010-07-01 12:13:00,2010-12-05 10:58:00,13,1840.99
18112,2010-06-06 12:40:00,2010-10-17 13:16:00,2,423.27
18116,2010-10-24 15:29:00,2010-11-28 15:31:00,5,736.27
18118,2010-11-23 13:36:00,2010-12-05 12:13:00,4,1079.4
18134,2010-01-14 11:59:00,2010-04-20 14:02:00,2,445.0
18135,2010-03-15 13:55:00,2010-11-12 10:34:00,5,567.71
18136,2010-09-14 15:50:00,2010-10-26 15:57:00,2,847.03
18137,2010-06-06 13:45:00,2010-06-06 14:18:00,2,145.99
18141,2010-04-29 15:32:00,2010-11-03 11:44:00,2,882.47
18144,2009-12-16 15:57:00,2010-12-01 13:45:00,8,2169.25
18145,2009-12-08 12:30:00,2010-11-22 12:55:00,7,2756.24
18149,2010-03-14 12:41:00,2010-10-31 11:24:00,4,1012.63
18151,2010-03-04 10:47:00,2010-10-15 15:29:00,4,1226.09
18154,2010-08-06 09:18:00,2010-11-16 12:40:00,3,533.41
18168,2009-12-03 17:29:00,2010-12-02 18:08:00,11,2600.33
18170,2010-01-08 14:10:00,2010-11-30 13:33:00,6,1897.69
18171,2010-01-05 10:46:00,2010-08-26 12:17:00,4,1206.0
18172,2009-12-11 09:58:00,2010-11-17 15:24:00,32,9918.16
18177,2009-12-15 18:57:00,2010-05-28 12:38:00,3,875.45
18178,2010-02-18 14:25:00,2010-11-02 17:24:00,7,4512.93
18179,2010-02-14 15:51:00,2010-07-05 10:48:00,2,754.38
18181,2009-12-04 15:30:00,2010-11-04 16:51:00,4,823.14
18188,2010-03-26 11:37:00,2010-10-05 09:38:00,3,1279.55
18190,2009-12-22 12:05:00,2010-04-15 09:45:00,3,461.16
18193,2010-09-23 13:33:00,2010-11-24 12:25:00,2,963.59
18194,2010-01-28 15:30:00,2010-09-27 13:08:00,5,3188.2
18196,2010-03-17 14:55:00,2010-08-25 15:31:00,2,775.18
18203,2009-12-08 13:19:00,2010-11-23 12:25:00,3,344.0
18214,2010-06-03 19:47:00,2010-06-27 11:21:00,4,1780.34
18215,2010-03-26 13:03:00,2010-09-28 16:18:00,4,1948.15
18217,2010-07-01 15:39:00,2010-07-14 12:27:00,2,323.29
18218,2010-02-17 15:11:00,2010-04-22 12:38:00,2,479.92
18219,2009-12-07 13:17:00,2010-12-06 10:05:00,8,1493.12
18220,2009-12-15 11:42:00,2010-11-10 14:22:00,5,1616.48
18223,2009-12-04 12:20:00,2010-11-17 12:20:00,12,7516.31
18225,2009-12-04 16:52:00,2010-12-09 15:46:00,15,7545.14
18226,2010-03-05 10:05:00,2010-11-26 15:51:00,15,6650.83
18229,2009-12-03 14:42:00,2010-12-08 10:51:00,10,3526.81
18230,2010-07-02 10:01:00,2010-11-26 15:33:00,2,1480.86
18231,2010-01-10 12:13:00,2010-10-29 14:17:00,23,4797.7
18236,2010-04-15 13:39:00,2010-11-16 12:48:00,6,913.11
18239,2010-10-13 10:11:00,2010-12-02 17:48:00,2,588.75
18241,2010-04-01 11:55:00,2010-10-20 11:58:00,4,913.9
18242,2010-01-11 08:49:00,2010-09-20 13:57:00,4,1372.72
18244,2010-07-25 10:30:00,2010-10-05 11:15:00,2,568.64
18245,2010-03-08 15:26:00,2010-11-25 16:52:00,13,3757.92
18247,2010-03-18 15:52:00,2010-10-21 09:49:00,3,839.73
18251,2009-12-22 12:01:00,2010-09-20 13:26:00,8,21964.14
18252,2009-12-18 16:13:00,2010-06-09 12:25:00,5,1015.42
18257,2010-02-18 16:20:00,2010-09-19 13:02:00,4,2262.52
18258,2010-05-16 11:35:00,2010-09-01 14:20:00,6,2059.67
18259,2009-12-08 08:38:00,2010-12-08 13:38:00,5,1979.6
18260,2009-12-15 13:50:00,2010-11-30 12:25:00,17,7318.91
18262,2010-04-16 09:05:00,2010-11-11 13:30:00,2,428.06
18268,2009-12-11 10:27:00,2010-04-27 15:47:00,5,1464.73
18271,2009-12-08 11:27:00,2010-04-09 09:26:00,2,680.85
18272,2010-03-04 12:53:00,2010-06-09 14:37:00,3,1307.4
18275,2009-12-08 16:23:00,2010-05-10 15:46:00,2,741.85
18276,2009-12-10 17:14:00,2010-11-12 10:11:00,5,1320.66
18277,2010-08-02 10:26:00,2010-11-07 15:52:00,4,1069.67
18283,2010-02-19 17:16:00,2010-11-22 15:30:00,6,641.77
18286,2009-12-16 10:45:00,2010-08-20 11:57:00,2,1296.43
18287,2010-05-17 11:55:00,2010-11-22 11:51:00,4,2345.71
