Customer ID,Recency,Frequency,Monetary,R_Score,F_Score,M_Score,RFM_Score,Segment
12346,165,11,372.86,1,4,2,142,At Risk
12347,3,2,1323.32,4,2,3,423,Recent Customers
12348,74,1,222.15999999999997,2,1,1,211,Potential
12349,43,3,2671.14,3,3,4,334,Loyal Customers
12351,11,1,300.93,4,1,1,411,Recent Customers
12352,11,2,343.8,4,2,2,422,Recent Customers
12353,44,1,317.76,3,1,2,312,Recent Customers
12355,203,1,488.21000000000004,1,1,2,112,Lost
12356,16,3,3562.25,4,3,4,434,Loyal Customers
12357,24,2,12079.99,3,2,4,324,Recent Customers
12358,11,3,2719.01,4,3,4,434,Loyal Customers
12359,61,6,2563.36,2,4,4,244,At Risk
12360,15,5,1590.83,4,3,3,433,Loyal Customers
12361,98,3,321.35,2,3,2,232,At Risk
12362,374,1,130.0,1,1,1,111,Lost
12366,269,1,500.24,1,1,2,112,Lost
12368,264,1,917.7,1,1,3,113,Lost
12369,49,3,1791.15,3,3,4,334,Loyal Customers
12370,260,3,774.62,1,3,3,133,At Risk
12371,45,3,2179.42,3,3,4,334,Loyal Customers
12373,260,2,763.0500000000001,1,2,3,123,Potential
12374,57,3,2246.29,2,3,4,234,At Risk
12376,25,2,503.15,3,2,2,322,Recent Customers
12377,17,2,1798.2,4,2,4,424,Recent Customers
12378,198,1,1407.7,1,1,3,113,Lost
12379,58,2,767.98,2,2,3,223,Potential
12380,101,7,6951.49,2,4,4,244,At Risk
12385,15,1,1938.4,4,1,4,414,Recent Customers
12386,2,1,258.90000000000003,4,1,1,411,Recent Customers
12387,51,1,143.94,3,1,1,311,Recent Customers
12388,81,2,1120.45,2,2,3,223,Potential
12389,38,3,1433.33,3,3,3,333,Loyal Customers
12391,100,5,2312.53,2,3,4,234,At Risk
12392,227,1,234.75000000000003,1,1,1,111,Lost
12393,18,2,816.85,4,2,3,423,Recent Customers
12395,7,4,2048.64,4,3,4,434,Loyal Customers
12396,310,1,931.4300000000001,1,1,3,113,Lost
12399,21,3,853.65,3,3,3,333,Loyal Customers
12400,50,1,205.25,3,1,1,311,Recent Customers
12402,28,5,1031.3,3,3,3,333,Loyal Customers
12403,157,1,591.6600000000001,1,1,2,112,Lost
12404,318,1,63.24,1,1,1,111,Lost
12406,35,3,2975.06,3,3,4,334,Loyal Customers
12408,21,3,1452.22,3,3,3,333,Loyal Customers
12409,56,4,12346.62,2,3,4,234,At Risk
12410,138,1,320.38,1,1,2,112,Lost
12411,45,1,346.9,3,1,2,312,Recent Customers
12412,38,3,1370.05,3,3,3,333,Loyal Customers
12413,38,1,241.35,3,1,1,311,Recent Customers
12414,99,3,390.0,2,3,2,232,At Risk
12415,11,7,19543.84,4,4,4,444,Champions
12416,292,1,202.56,1,1,1,111,Lost
12417,46,11,3167.81,3,4,4,344,Loyal Customers
12418,49,3,1352.62,3,3,3,333,Loyal Customers
12419,21,2,503.01,3,2,2,322,Recent Customers
12421,51,2,291.56,3,2,1,321,Recent Customers
12422,30,14,4428.24,3,4,4,344,Loyal Customers
12423,23,2,763.08,3,2,3,323,Recent Customers
12424,58,2,1579.07,2,2,3,223,Potential
12425,84,1,964.21,2,1,3,213,Potential
12426,298,1,762.48,1,1,3,113,Lost
12427,7,1,303.5,4,1,1,411,Recent Customers
12429,1,5,3735.51,4,3,4,434,Loyal Customers
12431,9,13,4370.52,4,4,4,444,Champions
12433,2,5,7205.39,4,3,4,434,Loyal Customers
12434,17,1,297.29,4,1,1,411,Recent Customers
12435,32,4,6096.04,3,3,4,334,Loyal Customers
12437,31,21,7731.99,3,4,4,344,Loyal Customers
12439,318,2,1158.18,1,2,3,123,Potential
12440,98,2,859.2,2,2,3,223,Potential
12441,2,1,173.55,4,1,1,411,Recent Customers
12443,368,1,485.31,1,1,2,112,Lost
12445,56,1,301.58000000000004,2,1,1,211,Potential
12449,46,2,768.6,3,2,3,323,Recent Customers
12450,35,3,490.32,3,3,2,332,Loyal Customers
12451,99,3,3634.36,2,3,4,234,At Risk
12454,31,4,13151.44,3,3,4,334,Loyal Customers
12455,81,4,3413.09,2,3,4,234,At Risk
12457,71,1,632.6800000000001,2,1,2,212,Potential
12458,63,2,830.09,2,2,3,223,Potential
12459,241,1,454.36,1,1,2,112,Lost
12460,92,1,326.65,2,1,2,212,Potential
12466,318,1,56.73,1,1,1,111,Lost
12467,59,1,132.8,2,1,1,211,Potential
12468,162,3,2941.2,1,3,4,134,At Risk
12469,158,2,3070.54,1,2,4,124,Potential
12470,325,1,211.95,1,1,1,111,Lost
12471,10,49,20139.74,4,4,4,444,Champions
12472,5,13,11308.48,4,4,4,444,Champions
12474,14,13,5048.66,4,4,4,444,Champions
12475,45,1,426.26,3,1,2,312,Recent Customers
12476,32,12,7298.99,3,4,4,344,Loyal Customers
12477,35,3,7056.63,3,3,4,334,Loyal Customers
12480,35,3,2183.2200000000003,3,3,4,334,Loyal Customers
12481,1,6,6765.07,4,4,4,444,Champions
12482,212,29,23691.4,1,4,4,144,At Risk
12483,14,11,2635.6,4,4,4,444,Champions
12484,119,6,1828.43,2,4,4,244,At Risk
12485,165,1,708.1,1,1,3,113,Lost
12486,67,1,1037.28,2,1,3,213,Potential
12487,366,1,285.3,1,1,1,111,Lost
12490,14,11,4405.71,4,4,4,444,Champions
12492,39,1,452.0,3,1,2,312,Recent Customers
12494,1,3,626.77,4,3,2,432,Loyal Customers
12495,276,1,357.4,1,1,2,112,Lost
12496,256,2,54.09,1,2,1,121,Potential
12497,36,2,5205.400000000001,3,2,4,324,Recent Customers
12499,196,1,393.72,1,1,2,112,Lost
12500,71,8,1697.39,2,4,3,243,At Risk
12503,220,1,1126.0,1,1,3,113,Lost
12504,53,2,297.0,3,2,1,321,Recent Customers
12505,44,1,955.2,3,1,3,313,Recent Customers
12507,220,1,539.25,1,1,2,112,Lost
12510,95,7,4195.45,2,4,4,244,At Risk
12511,64,1,3084.02,2,1,4,214,Potential
12514,277,1,580.08,1,1,2,112,Lost
12516,66,2,1336.56,2,2,3,223,Potential
12519,112,1,385.70000000000005,2,1,2,212,Potential
12523,10,12,2582.38,4,4,4,444,Champions
12524,24,9,6640.39,3,4,4,344,Loyal Customers
12525,134,3,973.73,2,3,3,233,At Risk
12527,130,2,386.8,2,2,2,222,Potential
12529,164,1,316.48,1,1,2,112,Lost
12530,51,5,2096.98,3,3,4,334,Loyal Customers
12531,322,1,1807.98,1,1,4,114,Lost
12533,263,2,1367.89,1,2,3,123,Potential
12537,44,1,732.94,3,1,3,313,Recent Customers
12538,14,1,276.5,4,1,1,411,Recent Customers
12539,86,3,5646.400000000001,2,3,4,234,At Risk
12540,14,16,8854.25,4,4,4,444,Champions
12542,120,2,481.88,2,2,2,222,Potential
12543,84,1,980.25,2,1,3,213,Potential
12547,136,1,175.78,2,1,1,211,Potential
12549,211,6,1575.68,1,4,3,143,At Risk
12553,21,2,916.47,3,2,3,323,Recent Customers
12554,84,1,468.5,2,1,2,212,Potential
12555,318,1,129.23,1,1,1,111,Lost
12557,7,4,6725.18,4,3,4,434,Loyal Customers
12562,21,2,1185.18,3,2,3,323,Recent Customers
12563,44,1,249.24,3,1,1,311,Recent Customers
12567,3,7,4308.58,4,4,4,444,Champions
12568,280,1,70.0,1,1,1,111,Lost
12570,318,1,77.52,1,1,1,111,Lost
12573,17,4,556.87,4,3,2,432,Loyal Customers
12575,93,2,622.82,2,2,2,222,Potential
12576,28,3,826.89,3,3,3,333,Loyal Customers
12577,17,5,995.9499999999999,4,3,3,433,Loyal Customers
12578,21,2,1847.94,3,2,4,324,Recent Customers
12580,212,1,637.2,1,1,2,112,Lost
12582,58,2,1469.04,2,2,3,223,Potential
12583,9,13,7166.06,4,4,4,444,Champions
12586,10,3,1865.73,4,3,4,434,Loyal Customers
12588,35,3,743.88,3,3,3,333,Loyal Customers
12589,57,6,4048.98,2,4,4,244,At Risk
12591,26,2,899.3,3,2,3,323,Recent Customers
12592,155,3,2145.06,1,3,4,134,At Risk
12594,14,5,1751.89,4,3,4,434,Loyal Customers
12595,140,1,299.02,1,1,1,111,Lost
12598,99,3,1511.01,2,3,3,233,At Risk
12599,17,6,1264.14,4,4,3,443,Loyal Customers
12600,7,12,2444.88,4,4,4,444,Champions
12601,40,1,104.2,3,1,1,311,Recent Customers
12605,12,4,1232.95,4,3,3,433,Loyal Customers
12606,318,1,21.0,1,1,1,111,Lost
12608,40,1,415.79,3,1,2,312,Recent Customers
12609,10,6,2309.01,4,4,4,444,Champions
12613,24,5,3490.69,3,3,4,334,Loyal Customers
12615,49,4,3449.79,3,3,4,334,Loyal Customers
12616,24,1,417.8,3,1,2,312,Recent Customers
12619,196,1,140.14,1,1,1,111,Lost
12621,1,16,11086.14,4,4,4,444,Champions
12623,52,6,3442.7400000000002,3,4,4,344,Loyal Customers
12625,145,2,2481.06,1,2,4,124,Potential
12629,21,2,1558.22,3,2,3,323,Recent Customers
12631,92,5,2841.07,2,3,4,234,At Risk
12632,156,2,804.88,1,2,3,123,Potential
12633,18,3,3514.18,4,3,4,434,Loyal Customers
12634,171,2,490.0,1,2,2,122,Potential
12635,28,2,1241.23,3,2,3,323,Recent Customers
12636,374,1,141.0,1,1,1,111,Lost
12637,14,4,2318.41,4,3,4,434,Loyal Customers
12638,275,1,249.8,1,1,1,111,Lost
12639,70,2,826.27,2,2,3,223,Potential
12643,21,6,5005.78,3,4,4,344,Loyal Customers
12644,66,3,1440.58,2,3,3,233,At Risk
12645,45,4,1764.12,3,3,4,334,Loyal Customers
12647,3,27,14201.53,4,4,4,444,Champions
12648,73,3,793.95,2,3,3,233,At Risk
12649,18,5,1671.14,4,3,3,433,Loyal Customers
12651,14,3,263.75,4,3,1,431,Loyal Customers
12652,70,1,97.05000000000001,2,1,1,211,Potential
12653,162,1,1950.98,1,1,4,114,Lost
12655,59,1,261.35,2,1,1,211,Potential
12656,61,3,2356.66,2,3,4,234,At Risk
12661,72,1,162.0,2,1,1,211,Potential
12662,9,10,3138.2400000000002,4,4,4,444,Champions
12663,260,2,239.4,1,2,1,121,Potential
12664,150,2,1188.16,1,2,3,123,Potential
12665,53,2,250.6,3,2,1,321,Recent Customers
12666,30,1,1248.42,3,1,3,313,Recent Customers
12668,14,6,7637.53,4,4,4,444,Champions
12670,21,2,764.24,3,2,3,323,Recent Customers
12671,242,1,2622.481,1,1,4,114,Lost
12672,231,1,211.15,1,1,1,111,Lost
12673,37,1,619.5,3,1,2,312,Recent Customers
12675,189,2,958.5,1,2,3,123,Potential
12676,44,5,1511.7,3,3,3,333,Loyal Customers
12677,191,2,395.1,1,2,2,122,Potential
12678,11,9,16652.72,4,4,4,444,Champions
12681,3,24,17080.74,4,4,4,444,Champions
12682,1,23,11745.69,4,4,4,444,Champions
12683,1,8,4220.21,4,4,4,444,Champions
12686,7,1,89.14,4,1,1,411,Recent Customers
12687,116,2,2138.91,2,2,4,224,Potential
12691,56,1,134.6,2,1,1,211,Potential
12692,273,1,110.95,1,1,1,111,Lost
12693,32,3,847.11,3,3,3,333,Loyal Customers
12694,57,1,973.68,2,1,3,213,Potential
12695,164,3,825.02,1,3,3,133,At Risk
12696,70,2,851.91,2,2,3,223,Potential
12698,226,1,339.75,1,1,2,112,Lost
12699,53,1,638.11,3,1,2,312,Recent Customers
12701,165,4,1648.7,1,3,3,133,At Risk
12703,269,3,722.98,1,3,3,133,At Risk
12705,19,5,4893.81,3,3,4,334,Loyal Customers
12708,4,9,2601.19,4,4,4,444,Champions
12709,2,20,21356.82,4,4,4,444,Champions
12711,247,2,1339.05,1,2,3,123,Potential
12712,1,10,2797.53,4,4,4,444,Champions
12714,24,7,9384.85,3,4,4,344,Loyal Customers
12717,226,1,277.93,1,1,1,111,Lost
12720,5,6,2478.94,4,4,4,444,Champions
12721,21,2,1356.95,3,2,3,323,Recent Customers
12724,19,3,1286.11,3,3,3,333,Loyal Customers
12725,7,4,2266.76,4,3,4,434,Loyal Customers
12726,23,4,1405.5,3,3,3,333,Loyal Customers
12727,78,3,1698.8300000000002,2,3,3,233,At Risk
12728,19,1,233.84,3,1,1,311,Recent Customers
12730,157,1,829.25,1,1,3,113,Lost
12731,78,5,6879.8,2,3,4,234,At Risk
12733,25,3,2040.92,3,3,4,334,Loyal Customers
12734,10,2,529.25,4,2,2,422,Recent Customers
12737,134,2,3710.5,2,2,4,224,Potential
12738,8,1,155.35,4,1,1,411,Recent Customers
12739,21,2,1713.69,3,2,3,323,Recent Customers
12741,165,2,406.07,1,2,2,122,Potential
12742,261,1,1201.52,1,1,3,113,Lost
12744,95,4,4037.77,2,3,4,234,At Risk
12745,122,3,925.41,2,3,3,233,At Risk
12746,176,1,254.55,1,1,1,111,Lost
12747,5,16,5080.53,4,4,4,444,Champions
12748,1,144,22879.66,4,4,4,444,Champions
12749,35,4,2806.48,3,3,4,334,Loyal Customers
12751,80,1,268.27,2,1,1,211,Potential
12755,1,10,5218.71,4,4,4,444,Champions
12758,95,5,7111.650000000001,2,3,4,234,At Risk
12759,22,5,3489.3,3,3,4,334,Loyal Customers
12760,91,1,347.8,2,1,2,212,Potential
12761,93,2,782.95,2,2,3,223,Potential
12763,5,1,320.08,4,1,2,412,Recent Customers
12765,108,6,1404.58,2,4,3,243,At Risk
12766,2,3,3078.65,4,3,4,434,Loyal Customers
12767,11,1,949.82,4,1,3,413,Recent Customers
12768,86,1,168.69,2,1,1,211,Potential
12770,92,1,1895.0,2,1,4,214,Potential
12771,121,1,282.3,2,1,1,211,Potential
12773,200,1,124.25,1,1,1,111,Lost
12774,171,1,98.7,1,1,1,111,Lost
12775,24,2,300.08000000000004,3,2,1,321,Recent Customers
12776,303,1,55.5,1,1,1,111,Lost
12777,93,1,519.45,2,1,2,212,Potential
12778,32,3,953.4499999999999,3,3,3,333,Loyal Customers
12779,7,7,2740.91,4,4,4,444,Champions
12780,234,1,337.4,1,1,2,112,Lost
12782,10,6,2287.32,4,4,4,444,Champions
12784,165,1,1230.33,1,1,3,113,Lost
12785,171,2,788.45,1,2,3,123,Potential
12786,245,1,728.5000000000001,1,1,3,113,Lost
12787,49,1,398.52,3,1,2,312,Recent Customers
12788,99,4,444.90000000000003,2,3,2,232,At Risk
12789,148,2,181.5,1,2,1,121,Potential
12790,46,1,266.93,3,1,1,311,Recent Customers
12791,9,6,863.51,4,4,3,443,Loyal Customers
12792,170,1,426.47,1,1,2,112,Lost
12793,7,2,471.85,4,2,2,422,Recent Customers
12796,264,1,381.0,1,1,2,112,Lost
12797,1,2,552.08,4,2,2,422,Recent Customers
12798,57,1,1533.89,2,1,3,213,Potential
12799,165,1,219.35,1,1,1,111,Lost
12800,106,3,584.25,2,3,2,232,At Risk
12801,136,1,1071.82,2,1,3,213,Potential
12802,78,6,1988.84,2,4,4,244,At Risk
12803,29,1,1092.81,3,1,3,313,Recent Customers
12804,101,2,327.02,2,2,2,222,Potential
12805,17,4,1434.95,4,3,3,433,Loyal Customers
12806,71,4,2878.96,2,3,4,234,At Risk
12807,19,1,330.35,3,1,2,312,Recent Customers
12808,4,3,422.45,4,3,2,432,Loyal Customers
12809,201,2,1266.63,1,2,3,123,Potential
12810,170,2,534.99,1,2,2,122,Potential
12811,14,2,519.0500000000001,4,2,2,422,Recent Customers
12813,137,3,1687.8,1,3,3,133,At Risk
12817,35,2,524.94,3,2,2,322,Recent Customers
12819,94,1,540.52,2,1,2,212,Potential
12820,33,7,1747.18,3,4,4,344,Loyal Customers
12821,247,1,128.08,1,1,1,111,Lost
12823,30,13,4742.0,3,4,4,344,Loyal Customers
12825,157,2,518.63,1,2,2,122,Potential
12826,1,6,1481.03,4,4,3,443,Loyal Customers
12829,186,1,92.3,1,1,1,111,Lost
12831,99,2,236.06,2,2,1,221,Potential
12835,63,41,6043.31,2,4,4,244,At Risk
12836,25,11,3972.76,3,4,4,344,Loyal Customers
12837,205,1,554.31,1,1,2,112,Lost
12838,9,9,2715.35,4,4,4,444,Champions
12839,3,13,4480.31,4,4,4,444,Champions
12840,73,3,1315.2,2,3,3,233,At Risk
12841,5,17,3518.33,4,4,4,444,Champions
12842,40,2,799.0,3,2,3,323,Recent Customers
12843,18,22,4886.15,4,4,4,444,Champions
12844,78,2,322.64,2,2,2,222,Potential
12846,318,1,15.58,1,1,1,111,Lost
12847,23,1,765.36,3,1,3,313,Recent Customers
12848,311,1,208.0,1,1,1,111,Lost
12849,17,4,2039.67,4,3,4,434,Loyal Customers
12850,81,1,330.0,2,1,2,212,Potential
12851,113,1,148.95,2,1,1,211,Potential
12853,63,5,1950.4,2,3,4,234,At Risk
12854,197,4,1669.52,1,3,3,133,At Risk
12855,8,4,612.84,4,3,2,432,Loyal Customers
12857,72,4,2581.6,2,3,4,234,At Risk
12858,19,1,177.92,3,1,1,311,Recent Customers
12859,94,1,575.1,2,1,2,212,Potential
12860,329,1,55.47,1,1,1,111,Lost
12861,255,1,68.25,1,1,1,111,Lost
12862,61,2,1008.32,2,2,3,223,Potential
12863,15,5,2271.35,4,3,4,434,Loyal Customers
12864,144,1,152.45,1,1,1,111,Lost
12865,14,2,1755.24,4,2,4,424,Recent Customers
12866,110,2,668.23,2,2,2,222,Potential
12867,33,6,3876.47,3,4,4,344,Loyal Customers
12868,9,3,640.0,4,3,2,432,Loyal Customers
12869,317,1,337.66999999999996,1,1,2,112,Lost
12870,11,3,1676.95,4,3,3,433,Loyal Customers
12871,75,1,363.38,2,1,2,212,Potential
12872,1,11,3085.52,4,4,4,444,Champions
12873,33,2,1653.3,3,2,3,323,Recent Customers
12874,21,2,948.42,3,2,3,323,Recent Customers
12875,107,3,1013.7600000000001,2,3,3,233,At Risk
12876,30,2,1863.77,3,2,4,324,Recent Customers
12877,37,8,1419.4,3,4,3,343,Loyal Customers
12880,17,2,640.13,4,2,2,422,Recent Customers
12887,19,1,222.4,3,1,1,311,Recent Customers
12889,17,4,385.46000000000004,4,3,2,432,Loyal Customers
12890,23,1,336.8,3,1,2,312,Recent Customers
12891,94,8,509.5,2,4,2,242,At Risk
12892,32,1,263.38,3,1,1,311,Recent Customers
12894,211,1,157.35,1,1,1,111,Lost
12897,17,2,297.75,4,2,1,421,Recent Customers
12898,99,2,310.96,2,2,2,222,Potential
12899,49,1,366.4,3,1,2,312,Recent Customers
12900,58,1,340.33000000000004,2,1,2,212,Potential
12903,64,1,833.5300000000001,2,1,3,213,Potential
12905,212,2,1018.42,1,2,3,123,Potential
12907,31,2,508.91,3,2,2,322,Recent Customers
12908,16,3,1026.0,4,3,3,433,Loyal Customers
12909,60,3,924.52,2,3,3,233,At Risk
12910,15,5,2721.48,4,3,4,434,Loyal Customers
12911,187,1,1680.47,1,1,3,113,Lost
12913,4,9,4217.23,4,4,4,444,Champions
12914,36,1,223.98,3,1,1,311,Recent Customers
12915,8,3,811.1,4,3,3,433,Loyal Customers
12916,78,3,1647.8700000000001,2,3,3,233,At Risk
12917,36,5,3765.2,3,3,4,334,Loyal Customers
12918,262,1,10953.5,1,1,4,114,Lost
12920,207,3,323.86,1,3,2,132,At Risk
12921,2,39,19333.95,4,4,4,444,Champions
12923,26,2,612.9,3,2,2,322,Recent Customers
12924,29,8,1535.7,3,4,3,343,Loyal Customers
12925,228,1,35.28,1,1,1,111,Lost
12926,47,4,1548.46,3,3,3,333,Loyal Customers
12927,30,1,197.31,3,1,1,311,Recent Customers
12928,14,7,2242.19,4,4,4,444,Champions
12931,16,42,50291.38,4,4,4,444,Champions
12932,175,8,1698.56,1,4,3,143,At Risk
12933,16,5,1079.5,4,3,3,433,Loyal Customers
12934,372,1,181.65,1,1,1,111,Lost
12935,11,8,2083.16,4,4,4,444,Champions
12937,99,5,1593.34,2,3,3,233,At Risk
12939,15,12,13683.0,4,4,4,444,Champions
12941,360,1,377.49,1,1,2,112,Lost
12942,1,1,258.75,4,1,1,411,Recent Customers
12943,194,2,496.5,1,2,2,122,Potential
12945,292,1,437.16,1,1,2,112,Lost
12946,72,1,324.45,2,1,2,212,Potential
12947,9,1,304.04,4,1,1,411,Recent Customers
12948,366,2,252.48,1,2,1,121,Potential
12949,18,14,11359.48,4,4,4,444,Champions
12951,22,9,2149.65,3,4,4,344,Loyal Customers
12953,158,1,498.96,1,1,2,112,Lost
12954,274,1,162.45,1,1,1,111,Lost
12956,320,3,413.82,1,3,2,132,At Risk
12957,177,5,4689.43,1,3,4,134,At Risk
12958,36,2,539.49,3,2,2,322,Recent Customers
12959,120,1,150.95,2,1,1,211,Potential
12960,49,4,1322.0700000000002,3,3,3,333,Loyal Customers
12961,15,1,211.99,4,1,1,411,Recent Customers
12963,1,5,1744.96,4,3,4,434,Loyal Customers
12964,73,1,132.24,2,1,1,211,Potential
12967,7,2,2646.02,4,2,4,424,Recent Customers
12969,238,1,122.45,1,1,1,111,Lost
12970,16,6,1072.73,4,4,3,443,Loyal Customers
12971,2,33,4782.88,4,4,4,444,Champions
12972,49,4,1161.2,3,3,3,333,Loyal Customers
12973,49,1,385.55,3,1,2,312,Recent Customers
12974,201,1,264.15,1,1,1,111,Lost
12975,72,6,2100.09,2,4,4,244,At Risk
12976,14,7,2417.78,4,4,4,444,Champions
12977,137,3,478.39,1,3,2,132,At Risk
12978,21,5,2502.82,3,3,4,334,Loyal Customers
12979,365,1,517.7,1,1,2,112,Lost
12980,22,12,8870.880000000001,3,4,4,344,Loyal Customers
12982,30,7,2354.27,3,4,4,344,Loyal Customers
12983,234,1,490.08,1,1,2,112,Lost
12986,64,10,2729.84,2,4,4,244,At Risk
12987,56,3,753.51,2,3,3,233,At Risk
12989,60,18,6627.64,2,4,4,244,At Risk
12990,53,4,546.0,3,3,2,332,Loyal Customers
12991,25,1,261.06,3,1,1,311,Recent Customers
12992,361,1,93.35,1,1,1,111,Lost
12993,81,4,844.87,2,3,3,233,At Risk
12996,11,1,355.5,4,1,2,412,Recent Customers
12997,30,4,884.02,3,3,3,333,Loyal Customers
12998,128,3,920.08,2,3,3,233,At Risk
13000,361,1,497.65,1,1,2,112,Lost
13001,40,20,14353.28,3,4,4,344,Loyal Customers
13002,52,2,293.18,3,2,1,321,Recent Customers
13004,22,18,5994.94,3,4,4,344,Loyal Customers
13005,67,2,485.98,2,2,2,222,Potential
13007,215,1,175.25,1,1,1,111,Lost
13008,33,2,382.66,3,2,2,322,Recent Customers
13009,308,1,234.0,1,1,1,111,Lost
13010,10,2,330.12,4,2,2,422,Recent Customers
13011,8,1,50.550000000000004,4,1,1,411,Recent Customers
13012,65,3,1310.99,2,3,3,233,At Risk
13013,7,18,7814.83,4,4,4,444,Champions
13014,68,1,1914.8,2,1,4,214,Potential
13015,74,6,3240.14,2,4,4,244,At Risk
13018,49,7,2485.46,3,4,4,344,Loyal Customers
13019,15,6,1229.95,4,4,3,443,Loyal Customers
13020,198,2,618.96,1,2,2,122,Potential
13021,10,8,2270.86,4,4,4,444,Champions
13022,65,1,65.3,2,1,1,211,Potential
13023,164,1,759.13,1,1,3,113,Lost
13024,106,2,555.87,2,2,2,222,Potential
13025,367,1,323.39,1,1,2,112,Lost
13026,124,4,757.72,2,3,3,233,At Risk
13027,21,13,10423.2,3,4,4,344,Loyal Customers
13029,10,2,679.8,4,2,2,422,Recent Customers
13030,4,1,427.74,4,1,2,412,Recent Customers
13031,43,5,3419.27,3,3,4,334,Loyal Customers
13032,28,7,1833.3700000000001,3,4,4,344,Loyal Customers
13033,65,1,30.0,2,1,1,211,Potential
13034,5,2,279.91,4,2,1,421,Recent Customers
13035,67,1,442.32,2,1,2,212,Potential
13036,320,1,307.1,1,1,1,111,Lost
13037,35,9,3033.88,3,4,4,344,Loyal Customers
13039,220,4,1010.73,1,3,3,133,At Risk
13041,86,4,799.13,2,3,3,233,At Risk
13042,234,3,1556.54,1,3,3,133,At Risk
13044,128,10,4293.43,2,4,4,244,At Risk
13045,37,2,503.64,3,2,2,322,Recent Customers
13046,92,1,319.94,2,1,2,212,Potential
13047,9,17,5557.62,4,4,4,444,Champions
13048,72,5,2248.3,2,3,4,234,At Risk
13049,25,2,751.5600000000001,3,2,3,323,Recent Customers
13050,2,19,6507.67,4,4,4,444,Champions
13051,214,2,155.8,1,2,1,121,Potential
13052,56,6,2820.38,2,4,4,244,At Risk
13053,257,1,127.65,1,1,1,111,Lost
13055,65,1,1106.7,2,1,3,213,Potential
13056,187,1,209.48,1,1,1,111,Lost
13057,166,3,722.09,1,3,3,133,At Risk
13059,49,9,2119.77,3,4,4,344,Loyal Customers
13063,116,1,188.4,2,1,1,211,Potential
13064,186,2,561.25,1,2,2,122,Potential
13065,9,5,1055.05,4,3,3,433,Loyal Customers
13067,45,2,393.05,3,2,2,322,Recent Customers
13069,5,16,5247.01,4,4,4,444,Champions
13070,95,3,522.9,2,3,2,232,At Risk
13071,248,1,129.22,1,1,1,111,Lost
13073,47,2,418.08,3,2,2,322,Recent Customers
13074,147,4,1378.74,1,3,3,133,At Risk
13076,93,1,135.4,2,1,1,211,Potential
13077,2,8,2335.4,4,4,4,444,Champions
13078,2,32,16904.51,4,4,4,444,Champions
13079,53,1,199.08,3,1,1,311,Recent Customers
13080,37,3,222.65,3,3,1,331,Loyal Customers
13081,7,19,30867.77,4,4,4,444,Champions
13082,60,12,3722.12,2,4,4,244,At Risk
13083,61,1,91.67999999999999,2,1,1,211,Potential
13084,127,1,122.39999999999999,2,1,1,211,Potential
13085,315,6,2017.2,1,4,4,144,At Risk
13086,18,1,439.33000000000004,4,1,2,412,Recent Customers
13087,362,1,313.64,1,1,2,112,Lost
13088,53,1,236.11,3,1,1,311,Recent Customers
13089,4,109,57912.03,4,4,4,444,Champions
13090,1,13,5192.27,4,4,4,444,Champions
13091,365,2,1976.0,1,2,4,124,Potential
13092,50,7,1662.45,3,4,3,343,Loyal Customers
13093,9,48,47111.18,4,4,4,444,Champions
13094,4,2,505.80000000000007,4,2,2,422,Recent Customers
13096,30,1,419.7000000000001,3,1,2,312,Recent Customers
13097,24,18,7378.8,3,4,4,344,Loyal Customers
13101,134,3,594.21,2,3,2,232,At Risk
13102,1,14,5272.83,4,4,4,444,Champions
13103,73,2,465.70000000000005,2,2,2,222,Potential
13104,51,3,610.62,3,3,2,332,Loyal Customers
13105,72,1,72.0,2,1,1,211,Potential
13106,49,1,526.96,3,1,2,312,Recent Customers
13107,49,5,3721.45,3,3,4,334,Loyal Customers
13108,8,2,748.46,4,2,3,423,Recent Customers
13109,187,1,347.49,1,1,2,112,Lost
13110,73,5,1468.8,2,3,3,233,At Risk
13111,354,1,321.88000000000005,1,1,2,112,Lost
13112,177,1,20.599999999999998,1,1,1,111,Lost
13113,2,14,6379.7699999999995,4,4,4,444,Champions
13114,366,1,234.38,1,1,1,111,Lost
13115,15,6,3199.92,4,4,4,444,Champions
13117,1,12,1658.9,4,4,3,443,Loyal Customers
13118,12,4,1217.6,4,3,3,433,Loyal Customers
13119,304,1,134.9,1,1,1,111,Lost
13123,108,2,506.75,2,2,2,222,Potential
13124,21,1,916.12,3,1,3,313,Recent Customers
13125,159,1,158.57,1,1,1,111,Lost
13126,2,7,1898.61,4,4,4,444,Champions
13128,267,1,263.5,1,1,1,111,Lost
13129,88,2,233.25,2,2,1,221,Potential
13131,54,4,2240.4700000000003,2,3,4,234,At Risk
13133,95,1,90.65,2,1,1,211,Potential
13134,38,2,681.65,3,2,2,322,Recent Customers
13135,127,1,275.45,2,1,1,211,Potential
13136,11,8,3666.9500000000003,4,4,4,444,Champions
13137,22,8,4062.29,3,4,4,344,Loyal Customers
13138,8,2,504.85,4,2,2,422,Recent Customers
13139,73,1,3138.04,2,1,4,214,Potential
13140,2,3,791.96,4,3,3,433,Loyal Customers
13141,21,12,5279.83,3,4,4,344,Loyal Customers
13143,220,1,405.1,1,1,2,112,Lost
13144,67,1,24.4,2,1,1,211,Potential
13145,8,4,805.0,4,3,3,433,Loyal Customers
13148,25,14,4914.6900000000005,3,4,4,344,Loyal Customers
13150,120,3,449.96999999999997,2,3,2,232,At Risk
13151,261,2,1322.8700000000001,1,2,3,123,Potential
13152,53,7,2146.38,3,4,4,344,Loyal Customers
13154,35,3,1624.84,3,3,3,333,Loyal Customers
13155,4,3,778.4200000000001,4,3,3,433,Loyal Customers
13156,21,3,1586.54,3,3,3,333,Loyal Customers
13157,45,5,3946.14,3,3,4,334,Loyal Customers
13158,24,1,307.12,3,1,1,311,Recent Customers
13161,136,1,366.13,2,1,2,212,Potential
13162,16,12,7587.2,4,4,4,444,Champions
13163,246,1,17.65,1,1,1,111,Lost
13164,205,2,372.2,1,2,2,122,Potential
13165,49,1,429.68,3,1,2,312,Recent Customers
13166,50,1,466.98,3,1,2,312,Recent Customers
13167,26,1,333.82,3,1,2,312,Recent Customers
13168,178,1,556.12,1,1,2,112,Lost
13169,198,1,127.2,1,1,1,111,Lost
13172,36,1,69.6,3,1,1,311,Recent Customers
13173,3,10,2285.7,4,4,4,444,Champions
13174,5,10,6677.81,4,4,4,444,Champions
13175,218,2,831.45,1,2,3,123,Potential
13177,66,1,229.75,2,1,1,211,Potential
13178,33,10,8333.72,3,4,4,344,Loyal Customers
13179,254,1,572.3100000000001,1,1,2,112,Lost
13180,243,1,86.10000000000001,1,1,1,111,Lost
13181,17,1,359.69,4,1,2,412,Recent Customers
13183,30,6,3078.4,3,4,4,344,Loyal Customers
13187,260,3,130.99,1,3,1,131,At Risk
13190,180,3,570.66,1,3,2,132,At Risk
13191,294,1,164.69,1,1,1,111,Lost
13192,171,4,1646.64,1,3,3,133,At Risk
13194,57,1,412.08,2,1,2,212,Potential
13195,50,1,172.38,3,1,1,311,Recent Customers
13196,79,3,1271.06,2,3,3,233,At Risk
13197,245,1,373.01000000000005,1,1,2,112,Lost
13198,23,2,1572.99,3,2,3,323,Recent Customers
13199,2,30,6615.77,4,4,4,444,Champions
13201,138,4,1240.61,1,3,3,133,At Risk
13202,30,7,1580.3,3,4,3,343,Loyal Customers
13203,22,6,1778.79,3,4,4,344,Loyal Customers
13204,367,1,966.6600000000001,1,1,3,113,Lost
13205,79,1,2803.2,2,1,4,214,Potential
13206,36,13,8377.32,3,4,4,344,Loyal Customers
13207,87,2,285.6,2,2,1,221,Potential
13208,85,3,764.6,2,3,3,233,At Risk
13209,150,5,2617.9,1,3,4,134,At Risk
13211,17,7,1531.9,4,4,3,443,Loyal Customers
13213,19,6,2330.94,3,4,4,344,Loyal Customers
13214,53,7,3264.23,3,4,4,344,Loyal Customers
13215,38,1,81.6,3,1,1,311,Recent Customers
13217,291,1,132.5,1,1,1,111,Lost
13219,254,1,76.23,1,1,1,111,Lost
13220,211,1,516.8,1,1,2,112,Lost
13222,213,1,88.5,1,1,1,111,Lost
13223,59,4,805.92,2,3,3,233,At Risk
13225,57,9,9796.23,2,4,4,244,At Risk
13226,29,1,204.25,3,1,1,311,Recent Customers
13230,1,17,3553.81,4,4,4,444,Champions
13233,56,2,571.34,2,2,2,222,Potential
13234,308,2,356.95,1,2,2,122,Potential
13237,23,1,643.0,3,1,2,312,Recent Customers
13238,66,2,305.9,2,2,1,221,Potential
13239,73,4,1265.1299999999999,2,3,3,233,At Risk
13240,1,5,1074.8700000000001,4,3,3,433,Loyal Customers
13241,47,1,115.58,3,1,1,311,Recent Customers
13242,87,4,429.0,2,3,2,232,At Risk
13243,85,4,677.97,2,3,2,232,At Risk
13245,68,1,558.72,2,1,2,212,Potential
13246,29,5,1400.13,3,3,3,333,Loyal Customers
13249,37,6,897.52,3,4,3,343,Loyal Customers
13250,96,2,256.04,2,2,1,221,Potential
13251,38,1,252.68,3,1,1,311,Recent Customers
13252,30,2,399.3,3,2,2,322,Recent Customers
13253,66,2,1920.71,2,2,4,224,Potential
13254,12,1,51.41,4,1,1,411,Recent Customers
13255,9,2,504.95,4,2,2,422,Recent Customers
13257,72,1,149.75,2,1,1,211,Potential
13258,15,2,336.59999999999997,4,2,2,422,Recent Customers
13259,33,8,1141.06,3,4,3,343,Loyal Customers
13262,25,2,373.16,3,2,2,322,Recent Customers
13263,29,4,1250.6200000000001,3,3,3,333,Loyal Customers
13264,78,1,722.5600000000001,2,1,3,213,Potential
13266,49,7,2300.78,3,4,4,344,Loyal Customers
13267,2,18,5236.77,4,4,4,444,Champions
13269,5,14,3545.47,4,4,4,444,Champions
13270,2,1,590.0,4,1,2,412,Recent Customers
13274,45,1,360.85,3,1,2,312,Recent Customers
13275,19,2,241.66,3,2,1,321,Recent Customers
13276,33,3,1348.33,3,3,3,333,Loyal Customers
13277,16,3,264.9,4,3,1,431,Loyal Customers
13278,35,3,893.12,3,3,3,333,Loyal Customers
13280,15,4,1507.77,4,3,3,433,Loyal Customers
13281,75,1,350.85,2,1,2,212,Potential
13282,42,1,181.05,3,1,1,311,Recent Customers
13283,203,2,279.7,1,2,1,121,Potential
13285,236,2,655.47,1,2,2,122,Potential
13286,236,1,734.91,1,1,3,113,Lost
13287,239,3,781.59,1,3,3,133,At Risk
13288,79,5,927.61,2,3,3,233,At Risk
13289,359,1,307.95,1,1,1,111,Lost
13290,74,1,208.63,2,1,1,211,Potential
13291,50,10,2959.73,3,4,4,344,Loyal Customers
13292,51,3,415.57,3,3,2,332,Loyal Customers
13293,28,6,1192.94,3,4,3,343,Loyal Customers
13294,282,1,815.79,1,1,3,113,Lost
13295,12,3,900.77,4,3,3,433,Loyal Customers
13296,59,5,705.11,2,3,2,232,At Risk
13297,21,3,2278.77,3,3,4,334,Loyal Customers
13299,59,2,1076.2,2,2,3,223,Potential
13300,24,2,913.62,3,2,3,323,Recent Customers
13302,162,1,95.45,1,1,1,111,Lost
13303,36,1,61.72,3,1,1,311,Recent Customers
13304,91,3,917.57,2,3,3,233,At Risk
13305,8,7,1753.85,4,4,4,444,Champions
13306,66,1,53.65,2,1,1,211,Potential
13307,123,2,258.34,2,2,1,221,Potential
13308,232,1,284.86,1,1,1,111,Lost
13309,28,1,249.58,3,1,1,311,Recent Customers
13310,16,2,409.17,4,2,2,422,Recent Customers
13312,87,1,124.75,2,1,1,211,Potential
13313,115,7,1890.0,2,4,4,244,At Risk
13315,325,1,310.26000000000005,1,1,2,112,Lost
13316,28,6,7213.84,3,4,4,344,Loyal Customers
13317,21,13,4212.411,3,4,4,344,Loyal Customers
13319,1,34,11236.95,4,4,4,444,Champions
13320,70,2,679.4,2,2,2,222,Potential
13324,64,8,3391.52,2,4,4,244,At Risk
13326,68,1,281.76,2,1,1,211,Potential
13327,1,14,6251.71,4,4,4,444,Champions
13329,2,7,4323.97,4,4,4,444,Champions
13330,91,3,1665.25,2,3,3,233,At Risk
13331,37,1,262.4,3,1,1,311,Recent Customers
13333,47,3,1015.74,3,3,3,333,Loyal Customers
13334,172,2,2726.93,1,2,4,124,Potential
13337,182,1,1575.26,1,1,3,113,Lost
13338,177,3,1958.6,1,3,4,134,At Risk
13340,53,5,11364.08,3,3,4,334,Loyal Customers
13346,98,6,299.4,2,4,1,241,At Risk
13357,130,4,3228.41,2,3,4,234,At Risk
13359,39,1,603.75,3,1,2,312,Recent Customers
13360,67,4,1553.65,2,3,3,233,At Risk
13361,108,2,1450.5,2,2,3,223,Potential
13362,14,3,2303.33,4,3,4,434,Loyal Customers
13363,45,1,731.36,3,1,3,313,Recent Customers
13367,67,1,510.2,2,1,2,212,Potential
13368,50,2,498.1,3,2,2,322,Recent Customers
13369,1,1,308.28000000000003,4,1,2,412,Recent Customers
13370,7,1,754.87,4,1,3,413,Recent Customers
13371,141,2,2297.66,1,2,4,124,Potential
13373,51,3,4274.94,3,3,4,334,Loyal Customers
13374,50,2,422.8,3,2,2,322,Recent Customers
13375,80,1,1013.58,2,1,3,213,Potential
13377,32,2,1552.88,3,2,3,323,Recent Customers
13380,68,1,62.4,2,1,1,211,Potential
13381,15,6,4585.06,4,4,4,444,Champions
13382,64,4,1164.5900000000001,2,3,3,233,At Risk
13383,179,1,305.28000000000003,1,1,1,111,Lost
13384,26,4,2528.9,3,3,4,334,Loyal Customers
13386,50,2,835.46,3,2,3,323,Recent Customers
13387,53,1,189.44,3,1,1,311,Recent Customers
13388,239,1,508.55,1,1,2,112,Lost
13392,313,1,91.14,1,1,1,111,Lost
13393,219,4,1131.45,1,3,3,133,At Risk
13394,15,11,4101.68,4,4,4,444,Champions
13395,36,2,872.51,3,2,3,323,Recent Customers
13397,73,5,1647.74,2,3,3,233,At Risk
13398,84,1,213.0,2,1,1,211,Potential
13399,100,3,275.4,2,3,1,231,At Risk
13400,218,1,310.83,1,1,2,112,Lost
13402,8,3,913.9,4,3,3,433,Loyal Customers
13403,23,2,154.5,3,2,1,321,Recent Customers
13405,117,3,641.36,2,3,2,232,At Risk
13406,63,2,568.92,2,2,2,222,Potential
13407,214,3,2244.7,1,3,4,134,At Risk
13408,7,46,23616.422,4,4,4,444,Champions
13410,29,4,1198.9,3,3,3,333,Loyal Customers
13412,256,1,487.35,1,1,2,112,Lost
13413,275,6,429.44,1,4,2,142,At Risk
13414,99,3,1103.64,2,3,3,233,At Risk
13415,108,4,800.67,2,3,3,233,At Risk
13416,372,1,228.3,1,1,1,111,Lost
13417,183,4,1028.66,1,3,3,133,At Risk
13418,8,15,6106.17,4,4,4,444,Champions
13421,42,6,2252.04,3,4,4,344,Loyal Customers
13423,64,1,217.03,2,1,1,211,Potential
13424,85,1,572.77,2,1,2,212,Potential
13425,144,2,1779.42,1,2,4,124,Potential
13426,18,12,4526.06,4,4,4,444,Champions
13427,113,3,423.93,2,3,2,232,At Risk
13428,150,2,281.51,1,2,1,121,Potential
13431,42,6,2047.14,3,4,4,344,Loyal Customers
13432,207,2,439.1,1,2,2,122,Potential
13433,137,4,658.32,1,3,2,132,At Risk
13434,21,3,1132.6200000000001,3,3,3,333,Loyal Customers
13435,12,2,665.34,4,2,2,422,Recent Customers
13438,183,1,46.5,1,1,1,111,Lost
13439,24,2,702.9,3,2,2,322,Recent Customers
13440,59,7,1295.25,2,4,3,243,At Risk
13441,67,1,424.26,2,1,2,212,Potential
13442,303,3,419.87,1,3,2,132,At Risk
13443,84,6,1280.16,2,4,3,243,At Risk
13444,10,2,631.68,4,2,2,422,Recent Customers
13445,262,1,241.89999999999998,1,1,1,111,Lost
13446,66,11,3881.89,2,4,4,244,At Risk
13448,9,9,5701.5,4,4,4,444,Champions
13450,10,7,2076.32,4,4,4,444,Champions
13451,17,6,4214.77,4,4,4,444,Champions
13452,108,1,139.8,2,1,1,211,Potential
13453,38,1,424.71,3,1,2,312,Recent Customers
13454,277,1,219.87,1,1,1,111,Lost
13455,2,5,1847.5900000000001,4,3,4,434,Loyal Customers
13457,324,2,148.22,1,2,1,121,Potential
13458,15,2,2312.7000000000003,4,2,4,424,Recent Customers
13459,260,2,1160.41,1,2,3,123,Potential
13461,43,3,2715.0,3,3,4,334,Loyal Customers
13462,46,4,1002.35,3,3,3,333,Loyal Customers
13464,30,5,2422.96,3,3,4,334,Loyal Customers
13465,82,2,931.12,2,2,3,223,Potential
13466,44,4,705.45,3,3,2,332,Loyal Customers
13468,4,38,7685.54,4,4,4,444,Champions
13469,289,1,82.4,1,1,1,111,Lost
13472,99,2,592.24,2,2,2,222,Potential
13473,210,6,2235.12,1,4,4,144,At Risk
13474,79,2,434.2,2,2,2,222,Potential
13476,42,3,823.0,3,3,3,333,Loyal Customers
13477,91,5,1379.5900000000001,2,3,3,233,At Risk
13478,105,5,2215.78,2,3,4,234,At Risk
13479,88,2,550.42,2,2,2,222,Potential
13480,52,2,627.82,3,2,2,322,Recent Customers
13481,10,6,2026.28,4,4,4,444,Champions
13482,263,1,151.45,1,1,1,111,Lost
13484,19,2,476.92,3,2,2,322,Recent Customers
13485,12,10,2564.98,4,4,4,444,Champions
13487,141,2,271.47,1,2,1,121,Potential
13488,3,11,6619.57,4,4,4,444,Champions
13490,290,1,154.25,1,1,1,111,Lost
13491,8,18,3350.7400000000002,4,4,4,444,Champions
13495,4,6,3329.39,4,4,4,444,Champions
13497,4,5,972.2800000000001,4,3,3,433,Loyal Customers
13498,366,1,327.38,1,1,2,112,Lost
13500,37,1,299.53,3,1,1,311,Recent Customers
13501,122,2,1544.79,2,2,3,223,Potential
13502,51,2,488.5,3,2,2,322,Recent Customers
13503,115,5,1688.54,2,3,3,233,At Risk
13506,5,4,1180.68,4,3,3,433,Loyal Customers
13508,278,1,176.07999999999998,1,1,1,111,Lost
13509,143,1,135.0,1,1,1,111,Lost
13510,11,7,2766.73,4,4,4,444,Champions
13511,312,1,282.76,1,1,1,111,Lost
13512,23,3,462.18,3,3,2,332,Loyal Customers
13513,77,2,619.49,2,2,2,222,Potential
13514,64,3,663.7,2,3,2,232,At Risk
13515,85,2,374.7,2,2,2,222,Potential
13516,53,1,295.85,3,1,1,311,Recent Customers
13519,78,1,220.46,2,1,1,211,Potential
13520,7,6,3285.05,4,4,4,444,Champions
13523,2,2,1136.64,4,2,3,423,Recent Customers
13526,374,2,1182.0,1,2,3,123,Potential
13527,54,5,2396.23,2,3,4,234,At Risk
13530,270,1,402.98,1,1,2,112,Lost
13531,2,5,1254.72,4,3,3,433,Loyal Customers
13534,15,10,1850.82,4,4,4,444,Champions
13535,38,1,89.5,3,1,1,311,Recent Customers
13537,61,2,717.85,2,2,3,223,Potential
13538,32,5,1831.88,3,3,4,334,Loyal Customers
13539,56,4,938.02,2,3,3,233,At Risk
13540,103,3,632.39,2,3,2,232,At Risk
13541,63,2,785.25,2,2,3,223,Potential
13542,12,17,4006.17,4,4,4,444,Champions
13543,270,2,1439.61,1,2,3,123,Potential
13544,47,4,537.59,3,3,2,332,Loyal Customers
13545,26,2,374.64,3,2,2,322,Recent Customers
13546,18,2,465.15,4,2,2,422,Recent Customers
13547,44,1,175.53,3,1,1,311,Recent Customers
13548,107,1,226.57999999999998,2,1,1,211,Potential
13549,23,1,87.6,3,1,1,311,Recent Customers
13550,19,1,349.51,3,1,2,312,Recent Customers
13551,302,1,152.39999999999998,1,1,1,111,Lost
13552,64,10,3238.85,2,4,4,244,At Risk
13553,310,1,517.8,1,1,2,112,Lost
13554,16,7,1638.28,4,4,3,443,Loyal Customers
13555,14,9,4849.91,4,4,4,444,Champions
13556,65,2,200.82,2,2,1,221,Potential
13557,51,11,2448.2,3,4,4,344,Loyal Customers
13559,148,2,990.0,1,2,3,123,Potential
13561,33,10,1678.86,3,4,3,343,Loyal Customers
13562,37,5,3038.85,3,3,4,334,Loyal Customers
13564,4,35,15500.53,4,4,4,444,Champions
13565,47,1,174.57999999999998,3,1,1,311,Recent Customers
13566,70,3,833.41,2,3,3,233,At Risk
13567,64,4,1083.69,2,3,3,233,At Risk
13569,3,3,520.03,4,3,2,432,Loyal Customers
13571,18,14,2454.2200000000003,4,4,4,444,Champions
13573,15,4,622.07,4,3,2,432,Loyal Customers
13574,47,1,421.25,3,1,2,312,Recent Customers
13576,9,11,4834.4,4,4,4,444,Champions
13577,18,7,1801.68,4,4,4,444,Champions
13578,45,1,147.66,3,1,1,311,Recent Customers
13579,5,4,1072.0,4,3,3,433,Loyal Customers
13580,42,1,107.75,3,1,1,311,Recent Customers
13581,50,1,162.53,3,1,1,311,Recent Customers
13582,25,2,241.68,3,2,1,321,Recent Customers
13583,315,1,664.001,1,1,2,112,Lost
13584,134,2,250.05,2,2,1,221,Potential
13585,166,3,684.54,1,3,2,132,At Risk
13586,177,1,131.53,1,1,1,111,Lost
13587,85,3,961.1,2,3,3,233,At Risk
13589,85,4,741.09,2,3,3,233,At Risk
13590,11,12,4367.67,4,4,4,444,Champions
13591,71,4,976.81,2,3,3,233,At Risk
13593,23,9,3486.61,3,4,4,344,Loyal Customers
13594,121,1,136.35000000000002,2,1,1,211,Potential
13595,152,3,818.22,1,3,3,133,At Risk
13597,36,2,396.71,3,2,2,322,Recent Customers
13598,131,4,609.42,2,3,2,232,At Risk
13599,2,14,5013.96,4,4,4,444,Champions
13600,270,1,298.9,1,1,1,111,Lost
13601,28,2,491.82,3,2,2,322,Recent Customers
13602,17,3,596.28,4,3,2,432,Loyal Customers
13604,294,1,717.62,1,1,3,113,Lost
13605,23,2,522.67,3,2,2,322,Recent Customers
13607,38,1,400.3,3,1,2,312,Recent Customers
13608,176,1,236.2,1,1,1,111,Lost
13609,229,1,167.35,1,1,1,111,Lost
13610,23,7,1044.0,3,4,3,343,Loyal Customers
13611,10,7,2147.73,4,4,4,444,Champions
13612,268,1,818.29,1,1,3,113,Lost
13613,88,5,1039.8500000000001,2,3,3,233,At Risk
13614,29,2,748.73,3,2,3,323,Recent Customers
13615,35,7,5854.84,3,4,4,344,Loyal Customers
13616,204,2,288.1,1,2,1,121,Potential
13617,44,5,734.57,3,3,3,333,Loyal Customers
13619,180,2,231.69,1,2,1,121,Potential
13620,164,1,112.34,1,1,1,111,Lost
13622,332,1,658.95,1,1,2,112,Lost
13623,16,5,1818.71,4,3,4,434,Loyal Customers
13624,24,1,462.08,3,1,2,312,Recent Customers
13625,232,1,301.26,1,1,1,111,Lost
13626,15,1,449.81,4,1,2,412,Recent Customers
13627,124,2,607.43,2,2,2,222,Potential
13628,312,1,310.14,1,1,2,112,Lost
13629,49,8,5578.5,3,4,4,344,Loyal Customers
13632,30,3,1526.88,3,3,3,333,Loyal Customers
13634,10,11,3498.31,4,4,4,444,Champions
13635,78,3,1928.13,2,3,4,234,At Risk
13639,72,1,312.93,2,1,2,212,Potential
13640,247,1,405.0,1,1,2,112,Lost
13641,276,5,1016.47,1,3,3,133,At Risk
13642,68,3,159.92,2,3,1,231,At Risk
13643,18,7,1637.33,4,4,3,443,Loyal Customers
13646,35,2,326.25,3,2,2,322,Recent Customers
13647,130,4,1393.56,2,3,3,233,At Risk
13648,36,8,1764.02,3,4,4,344,Loyal Customers
13649,2,5,1332.28,4,3,3,433,Loyal Customers
13650,10,4,1451.66,4,3,3,433,Loyal Customers
13651,17,1,132.65,4,1,1,411,Recent Customers
13652,4,3,1475.77,4,3,3,433,Loyal Customers
13653,123,1,152.2,2,1,1,211,Potential
13654,16,5,3600.67,4,3,4,434,Loyal Customers
13655,10,4,1347.54,4,3,3,433,Loyal Customers
13656,135,2,699.2,2,2,2,222,Potential
13658,19,4,3386.33,3,3,4,334,Loyal Customers
13659,52,10,3321.68,3,4,4,344,Loyal Customers
13660,36,1,314.59,3,1,2,312,Recent Customers
13661,239,1,325.24,1,1,2,112,Lost
13662,21,8,1352.35,3,4,3,343,Loyal Customers
13663,16,4,1858.04,4,3,4,434,Loyal Customers
13665,22,3,1711.66,3,3,3,333,Loyal Customers
13666,56,2,43.25,2,2,1,221,Potential
13668,19,14,6726.35,3,4,4,344,Loyal Customers
13669,43,1,195.0,3,1,1,311,Recent Customers
13671,30,1,194.95,3,1,1,311,Recent Customers
13672,366,1,233.53,1,1,1,111,Lost
13674,68,1,240.68,2,1,1,211,Potential
13676,175,2,243.9,1,2,1,121,Potential
13677,40,2,556.1899999999999,3,2,2,322,Recent Customers
13679,129,3,281.26,2,3,1,231,At Risk
13680,107,8,7713.25,2,4,4,244,At Risk
13683,93,1,258.6,2,1,1,211,Potential
13684,26,3,529.75,3,3,2,332,Loyal Customers
13686,16,2,337.04,4,2,2,422,Recent Customers
13687,74,1,11880.84,2,1,4,214,Potential
13688,271,1,375.5,1,1,2,112,Lost
13689,80,1,349.5,2,1,2,212,Potential
13691,32,1,212.78,3,1,1,311,Recent Customers
13692,44,2,1626.08,3,2,3,323,Recent Customers
13693,10,9,2011.8200000000002,4,4,4,444,Champions
13694,9,94,131443.19,4,4,4,444,Champions
13695,213,1,266.6,1,1,1,111,Lost
13696,57,3,2020.4,2,3,4,234,At Risk
13698,232,2,465.53000000000003,1,2,2,122,Potential
13699,186,1,455.57,1,1,2,112,Lost
13700,53,3,348.34,3,3,2,332,Loyal Customers
13701,82,1,161.0,2,1,1,211,Potential
13702,81,1,135.18,2,1,1,211,Potential
13703,51,1,326.06,3,1,2,312,Recent Customers
13705,9,5,1323.47,4,3,3,433,Loyal Customers
13706,262,1,300.38,1,1,1,111,Lost
13707,65,3,2559.45,2,3,4,234,At Risk
13709,82,5,1263.7,2,3,3,233,At Risk
13710,59,2,329.04,2,2,2,222,Potential
13711,42,7,1540.2,3,4,3,343,Loyal Customers
13712,246,1,537.58,1,1,2,112,Lost
13713,44,3,743.26,3,3,3,333,Loyal Customers
13714,101,1,161.35,2,1,1,211,Potential
13715,8,13,7403.95,4,4,4,444,Champions
13717,93,2,318.29,2,2,2,222,Potential
13719,29,6,1773.57,3,4,4,344,Loyal Customers
13721,31,1,217.39999999999998,3,1,1,311,Recent Customers
13722,56,7,3260.0,2,4,4,244,At Risk
13723,28,5,1009.35,3,3,3,333,Loyal Customers
13724,273,1,213.01,1,1,1,111,Lost
13727,247,6,746.57,1,4,3,143,At Risk
13728,23,10,1839.03,3,4,4,344,Loyal Customers
13729,71,3,724.73,2,3,3,233,At Risk
13733,46,2,487.03000000000003,3,2,2,322,Recent Customers
13734,144,4,6701.640000000001,1,3,4,134,At Risk
13735,12,9,6927.9800000000005,4,4,4,444,Champions
13736,61,5,2034.31,2,3,4,234,At Risk
13738,32,1,440.93,3,1,2,312,Recent Customers
13739,163,1,75.3,1,1,1,111,Lost
13740,51,4,1247.02,3,3,3,333,Loyal Customers
13745,182,1,477.32,1,1,2,112,Lost
13746,49,1,176.69,3,1,1,311,Recent Customers
13747,9,2,169.8,4,2,1,421,Recent Customers
13748,9,5,1320.1,4,3,3,433,Loyal Customers
13750,16,6,1954.92,4,4,4,444,Champions
13752,163,1,404.45000000000005,1,1,2,112,Lost
13753,234,3,1353.31,1,3,3,133,At Risk
13754,73,1,164.45,2,1,1,211,Potential
13756,3,10,4017.9800000000005,4,4,4,444,Champions
13757,310,1,195.55,1,1,1,111,Lost
13758,2,10,6226.43,4,4,4,444,Champions
13760,40,3,1076.85,3,3,3,333,Loyal Customers
13761,138,4,881.52,1,3,3,133,At Risk
13762,229,4,2165.76,1,3,4,134,At Risk
13763,53,2,3502.48,3,2,4,324,Recent Customers
13764,205,3,1431.5,1,3,3,133,At Risk
13765,289,1,352.821,1,1,2,112,Lost
13766,131,1,190.35,2,1,1,211,Potential
13767,5,39,18320.170000000002,4,4,4,444,Champions
13768,362,2,875.97,1,2,3,123,Potential
13769,3,11,3003.9100000000003,4,4,4,444,Champions
13770,58,4,785.37,2,3,3,233,At Risk
13771,169,5,3094.37,1,3,4,134,At Risk
13772,36,5,1982.09,3,3,4,334,Loyal Customers
13773,32,2,301.54,3,2,1,321,Recent Customers
13775,226,1,1049.66,1,1,3,113,Lost
13776,64,2,623.98,2,2,2,222,Potential
13777,2,37,30501.260000000002,4,4,4,444,Champions
13778,127,3,945.79,2,3,3,233,At Risk
13779,151,1,161.13,1,1,1,111,Lost
13780,43,1,375.81,3,1,2,312,Recent Customers
13781,228,2,650.99,1,2,2,122,Potential
13782,89,7,881.72,2,4,3,243,At Risk
13783,123,4,1542.09,2,3,3,233,At Risk
13784,70,3,447.44,2,3,2,232,At Risk
13785,64,4,542.49,2,3,2,232,At Risk
13786,3,6,3128.54,4,4,4,444,Champions
13787,94,4,913.46,2,3,3,233,At Risk
13788,141,1,3.75,1,1,1,111,Lost
13789,24,1,239.46,3,1,1,311,Recent Customers
13792,58,1,188.4,2,1,1,211,Potential
13793,282,1,96.0,1,1,1,111,Lost
13794,182,1,126.03,1,1,1,111,Lost
13795,24,4,836.3,3,3,3,333,Loyal Customers
13796,135,1,289.7,2,1,1,211,Potential
13797,72,3,1179.45,2,3,3,233,At Risk
13798,8,54,38683.02,4,4,4,444,Champions
13799,80,7,2114.71,2,4,4,244,At Risk
13800,66,2,1121.24,2,2,3,223,Potential
13802,10,16,21659.69,4,4,4,444,Champions
13803,67,2,1061.84,2,2,3,223,Potential
13804,71,2,572.73,2,2,2,222,Potential
13807,3,3,422.2,4,3,2,432,Loyal Customers
13809,30,2,524.65,3,2,2,322,Recent Customers
13813,163,4,1398.6100000000001,1,3,3,133,At Risk
13814,163,1,678.2,1,1,2,112,Lost
13815,42,4,3448.38,3,3,4,334,Loyal Customers
13818,65,1,61.28,2,1,1,211,Potential
13819,305,3,1502.0,1,3,3,133,At Risk
13820,54,3,660.65,2,3,2,232,At Risk
13821,29,4,1025.09,3,3,3,333,Loyal Customers
13823,16,5,2445.79,4,3,4,434,Loyal Customers
13824,15,7,1615.82,4,4,3,443,Loyal Customers
13825,257,2,255.59,1,2,1,121,Potential
13829,57,1,102.0,2,1,1,211,Potential
13830,217,1,156.85000000000002,1,1,1,111,Lost
13831,5,13,4820.59,4,4,4,444,Champions
13832,58,1,561.49,2,1,2,212,Potential
13833,40,1,316.56,3,1,2,312,Recent Customers
13834,212,2,324.19,1,2,2,122,Potential
13835,155,3,260.7,1,3,1,131,At Risk
13836,35,2,620.37,3,2,2,322,Recent Customers
13838,5,7,1274.3600000000001,4,4,3,443,Loyal Customers
13839,122,1,139.95000000000002,2,1,1,211,Potential
13840,52,1,651.4,3,1,2,312,Recent Customers
13842,2,10,2244.29,4,4,4,444,Champions
13843,17,1,319.75,4,1,2,412,Recent Customers
13846,35,1,442.73,3,1,2,312,Recent Customers
13847,355,1,310.72,1,1,2,112,Lost
13848,2,6,2080.0,4,4,4,444,Champions
13849,33,3,1931.35,3,3,4,334,Loyal Customers
13851,15,5,1955.0,4,3,4,434,Loyal Customers
13852,246,1,187.35000000000002,1,1,1,111,Lost
13854,1,15,4144.44,4,4,4,444,Champions
13855,136,4,1310.3400000000001,2,3,3,233,At Risk
13856,99,8,753.53,2,4,3,243,At Risk
13857,29,6,1001.01,3,4,3,343,Loyal Customers
13859,165,1,314.7,1,1,2,112,Lost
13861,65,2,273.26,2,2,1,221,Potential
13862,25,1,346.73,3,1,2,312,Recent Customers
13863,101,3,933.77,2,3,3,233,At Risk
13864,22,1,662.4000000000001,3,1,2,312,Recent Customers
13869,17,6,5006.62,4,4,4,444,Champions
13870,23,7,2941.14,3,4,4,344,Loyal Customers
13871,64,4,1482.6000000000001,2,3,3,233,At Risk
13872,163,3,919.57,1,3,3,133,At Risk
13873,19,5,649.32,3,3,2,332,Loyal Customers
13874,140,6,1508.7,1,4,3,143,At Risk
13875,23,9,3027.58,3,4,4,344,Loyal Customers
13877,106,2,332.44,2,2,2,222,Potential
13878,183,3,1191.53,1,3,3,133,At Risk
13879,281,1,395.5,1,1,2,112,Lost
13880,3,5,1171.89,4,3,3,433,Loyal Customers
13881,11,23,28019.58,4,4,4,444,Champions
13883,39,10,3885.54,3,4,4,344,Loyal Customers
13884,12,5,1100.88,4,3,3,433,Loyal Customers
13888,40,5,1563.42,3,3,3,333,Loyal Customers
13889,18,5,1574.3300000000002,4,3,3,433,Loyal Customers
13890,10,4,1043.57,4,3,3,433,Loyal Customers
13891,14,3,863.56,4,3,3,433,Loyal Customers
13892,113,2,634.68,2,2,2,222,Potential
13895,151,2,1415.45,1,2,3,123,Potential
13896,261,1,388.55,1,1,2,112,Lost
13897,74,2,849.5600000000001,2,2,3,223,Potential
13898,47,1,530.47,3,1,2,312,Recent Customers
13900,25,3,869.64,3,3,3,333,Loyal Customers
13901,10,10,2809.14,4,4,4,444,Champions
13902,268,5,34095.26,1,3,4,134,At Risk
13903,36,1,165.45000000000002,3,1,1,311,Recent Customers
13905,368,1,312.65,1,1,2,112,Lost
13906,45,1,42.0,3,1,1,311,Recent Customers
13907,327,1,136.8,1,1,1,111,Lost
13909,59,2,286.6,2,2,1,221,Potential
13911,15,11,1654.08,4,4,3,443,Loyal Customers
13912,59,1,124.95,2,1,1,211,Potential
13913,142,1,42.22,1,1,1,111,Lost
13915,30,1,70.80000000000001,3,1,1,311,Recent Customers
13916,99,4,1275.81,2,3,3,233,At Risk
13919,60,2,975.87,2,2,3,223,Potential
13920,67,4,1774.68,2,3,4,234,At Risk
13921,38,4,730.7,3,3,3,333,Loyal Customers
13922,73,2,692.95,2,2,2,222,Potential
13927,73,1,359.27,2,1,2,212,Potential
13929,52,9,2651.45,3,4,4,344,Loyal Customers
13931,28,9,4019.85,3,4,4,344,Loyal Customers
13935,232,3,6116.92,1,3,4,134,At Risk
13936,18,2,563.08,4,2,2,422,Recent Customers
13937,38,1,721.28,3,1,3,313,Recent Customers
13939,67,4,992.41,2,3,3,233,At Risk
13941,8,11,6009.34,4,4,4,444,Champions
13942,170,1,320.0,1,1,2,112,Lost
13943,213,1,246.54000000000002,1,1,1,111,Lost
13944,289,1,200.43,1,1,1,111,Lost
13945,30,2,854.1500000000001,3,2,3,323,Recent Customers
13946,12,3,1314.66,4,3,3,433,Loyal Customers
13948,47,3,446.76,3,3,2,332,Loyal Customers
13952,16,12,9572.45,4,4,4,444,Champions
13953,45,5,3125.0,3,3,4,334,Loyal Customers
13955,11,1,222.21,4,1,1,411,Recent Customers
13957,53,3,458.25,3,3,2,332,Loyal Customers
13958,15,8,4709.2300000000005,4,4,4,444,Champions
13959,35,3,477.98,3,3,2,332,Loyal Customers
13961,28,1,538.4,3,1,2,312,Recent Customers
13962,71,1,193.25,2,1,1,211,Potential
13963,3,14,2347.33,4,4,4,444,Champions
13964,23,2,438.9,3,2,2,322,Recent Customers
13965,112,3,996.61,2,3,3,233,At Risk
13966,71,1,390.86,2,1,2,212,Potential
13967,32,1,85.6,3,1,1,311,Recent Customers
13968,59,1,123.66,2,1,1,211,Potential
13969,1,18,4311.93,4,4,4,444,Champions
13970,22,2,846.55,3,2,3,323,Recent Customers
13971,59,6,1909.31,2,4,4,244,At Risk
13974,218,1,264.13,1,1,1,111,Lost
13975,29,6,2832.56,3,4,4,344,Loyal Customers
13976,142,3,834.38,1,3,3,133,At Risk
13977,47,1,519.8100000000001,3,1,2,312,Recent Customers
13979,29,6,2546.36,3,4,4,344,Loyal Customers
13980,75,4,599.78,2,3,2,232,At Risk
13981,51,1,331.14,3,1,2,312,Recent Customers
13982,1,6,2573.7799999999997,4,4,4,444,Champions
13983,2,10,4505.02,4,4,4,444,Champions
13984,2,8,1128.09,4,4,3,443,Loyal Customers
13985,10,7,2960.73,4,4,4,444,Champions
13987,15,2,682.54,4,2,2,422,Recent Customers
13988,19,2,609.84,3,2,2,322,Recent Customers
13989,100,3,759.98,2,3,3,233,At Risk
13992,16,2,142.7,4,2,1,421,Recent Customers
13993,15,10,3309.35,4,4,4,444,Champions
13995,15,9,2508.32,4,4,4,444,Champions
13996,22,2,895.76,3,2,3,323,Recent Customers
13997,155,3,382.31,1,3,2,132,At Risk
13998,82,3,566.7,2,3,2,232,At Risk
13999,10,17,5600.45,4,4,4,444,Champions
14000,50,4,1410.68,3,3,3,333,Loyal Customers
14001,9,7,2487.01,4,4,4,444,Champions
14003,368,1,209.41,1,1,1,111,Lost
14004,29,4,1675.81,3,3,3,333,Loyal Customers
14006,164,4,1234.48,1,3,3,133,At Risk
14007,148,1,79.48,1,1,1,111,Lost
14008,68,1,509.04,2,1,2,212,Potential
14009,98,1,404.29999999999995,2,1,2,212,Potential
14010,201,2,445.15,1,2,2,122,Potential
14011,116,2,457.82,2,2,2,222,Potential
14013,16,2,611.55,4,2,2,422,Recent Customers
14014,12,2,1443.03,4,2,3,423,Recent Customers
14016,32,7,7062.2,3,4,4,344,Loyal Customers
14017,207,1,229.75,1,1,1,111,Lost
14018,281,1,367.15,1,1,2,112,Lost
14020,112,2,606.21,2,2,2,222,Potential
14021,10,4,1084.68,4,3,3,433,Loyal Customers
14022,122,1,352.15000000000003,2,1,2,212,Potential
14024,26,1,318.04,3,1,2,312,Recent Customers
14025,100,8,4057.9,2,4,4,244,At Risk
14026,106,2,713.11,2,2,3,223,Potential
14028,186,3,10396.5,1,3,4,134,At Risk
14030,2,14,5902.2,4,4,4,444,Champions
14031,1,27,23712.31,4,4,4,444,Champions
14032,2,6,1874.68,4,4,4,444,Champions
14033,191,1,109.44,1,1,1,111,Lost
14035,42,4,1428.7,3,3,3,333,Loyal Customers
14037,114,4,689.75,2,3,2,232,At Risk
14038,33,2,1509.5,3,2,3,323,Recent Customers
14039,211,1,115.08000000000001,1,1,1,111,Lost
14040,22,23,9030.65,3,4,4,344,Loyal Customers
14042,361,1,431.98,1,1,2,112,Lost
14043,127,2,304.25,2,2,1,221,Potential
14044,54,6,2470.28,2,4,4,244,At Risk
14045,9,13,9653.28,4,4,4,444,Champions
14047,8,10,2946.42,4,4,4,444,Champions
14048,18,2,338.76,4,2,2,422,Recent Customers
14049,23,9,7557.31,3,4,4,344,Loyal Customers
14051,2,15,6823.610000000001,4,4,4,444,Champions
14052,26,1,255.45,3,1,1,311,Recent Customers
14053,33,2,312.05,3,2,2,322,Recent Customers
14055,213,2,795.3199999999999,1,2,3,123,Potential
14057,17,5,2190.88,4,3,4,434,Loyal Customers
14058,98,2,469.19,2,2,2,222,Potential
14060,2,13,3378.66,4,4,4,444,Champions
14061,143,3,917.4300000000001,1,3,3,133,At Risk
14062,10,12,15139.35,4,4,4,444,Champions
14063,74,9,22710.2,2,4,4,244,At Risk
14064,66,10,1978.68,2,4,4,244,At Risk
14065,25,3,891.02,3,3,3,333,Loyal Customers
14068,239,3,1262.52,1,3,3,133,At Risk
14069,150,2,230.06,1,2,1,121,Potential
14070,320,1,326.55,1,1,2,112,Lost
14072,302,1,390.85,1,1,2,112,Lost
14074,259,1,219.4,1,1,1,111,Lost
14075,39,3,792.61,3,3,3,333,Loyal Customers
14077,31,1,115.66,3,1,1,311,Recent Customers
14078,9,4,643.26,4,3,2,432,Loyal Customers
14079,318,1,243.63,1,1,1,111,Lost
14080,49,4,1070.08,3,3,3,333,Loyal Customers
14081,5,9,4435.58,4,4,4,444,Champions
14082,28,1,231.10999999999999,3,1,1,311,Recent Customers
14083,7,3,388.83,4,3,2,432,Loyal Customers
14084,148,1,150.5,1,1,1,111,Lost
14085,4,16,5656.43,4,4,4,444,Champions
14086,98,1,39.95,2,1,1,211,Potential
14087,40,2,651.8,3,2,2,322,Recent Customers
14088,42,3,13544.99,3,3,4,334,Loyal Customers
14091,290,2,9530.08,1,2,4,124,Potential
14092,10,10,3152.54,4,4,4,444,Champions
14094,75,1,335.22,2,1,2,212,Potential
14095,358,1,2.95,1,1,1,111,Lost
14097,117,2,422.86,2,2,2,222,Potential
14099,11,9,2661.54,4,4,4,444,Champions
14101,24,7,3985.14,3,4,4,344,Loyal Customers
14104,25,3,555.37,3,3,2,332,Loyal Customers
14105,44,4,4722.6,3,3,4,334,Loyal Customers
14106,373,1,214.8,1,1,1,111,Lost
14107,84,4,2174.07,2,3,4,234,At Risk
14108,367,2,447.05,1,2,2,122,Potential
14110,71,21,7304.8,2,4,4,244,At Risk
14112,87,6,2919.44,2,4,4,244,At Risk
14113,11,12,5252.1900000000005,4,4,4,444,Champions
14114,31,5,977.5600000000001,3,3,3,333,Loyal Customers
14115,137,2,622.67,1,2,2,122,Potential
14118,64,1,458.45,2,1,2,212,Potential
14119,11,2,183.37,4,2,1,421,Recent Customers
14122,42,3,362.42,3,3,2,332,Loyal Customers
14123,369,1,436.18,1,1,2,112,Lost
14126,80,1,466.33000000000004,2,1,2,212,Potential
14127,16,3,1190.3700000000001,4,3,3,433,Loyal Customers
14128,187,1,286.71,1,1,1,111,Lost
14129,35,4,1467.48,3,3,3,333,Loyal Customers
14130,11,3,1398.81,4,3,3,433,Loyal Customers
14131,284,1,187.87,1,1,1,111,Lost
14133,369,1,305.5,1,1,1,111,Lost
14134,18,15,11123.35,4,4,4,444,Champions
14135,3,11,4953.61,4,4,4,444,Champions
14136,36,5,1570.81,3,3,3,333,Loyal Customers
14137,331,1,332.7,1,1,2,112,Lost
14139,126,3,670.98,2,3,2,232,At Risk
14142,9,2,671.34,4,2,2,422,Recent Customers
14144,122,1,30.6,2,1,1,211,Potential
14145,95,3,3857.85,2,3,4,234,At Risk
14146,19,7,5259.3,3,4,4,344,Loyal Customers
14147,24,7,2106.8,3,4,4,344,Loyal Customers
14148,50,1,309.09000000000003,3,1,2,312,Recent Customers
14151,309,2,679.45,1,2,2,122,Potential
14152,23,5,1376.05,3,3,3,333,Loyal Customers
14153,119,1,233.39999999999998,2,1,1,211,Potential
14154,17,6,5115.08,4,4,4,444,Champions
14156,7,102,196566.74,4,4,4,444,Champions
14157,25,3,569.9,3,3,2,332,Loyal Customers
14159,15,9,3245.0,4,4,4,444,Champions
14160,246,7,8421.47,1,4,4,144,At Risk
14161,5,5,2208.36,4,3,4,434,Loyal Customers
14163,98,1,148.71,2,1,1,211,Potential
14166,141,2,256.85,1,2,1,121,Potential
14167,100,4,721.65,2,3,3,233,At Risk
14168,56,2,370.45,2,2,2,222,Potential
14169,66,2,624.4300000000001,2,2,2,222,Potential
14170,11,3,597.33,4,3,2,432,Loyal Customers
14171,366,1,135.0,1,1,1,111,Lost
14172,241,3,402.72,1,3,2,132,At Risk
14173,277,2,135.16,1,2,1,121,Potential
14175,54,5,4456.58,2,3,4,234,At Risk
14176,3,2,339.11,4,2,2,422,Recent Customers
14177,17,9,1669.93,4,4,3,443,Loyal Customers
14180,8,9,1570.73,4,4,3,443,Loyal Customers
14181,46,2,310.55,3,2,2,322,Recent Customers
14182,79,4,678.77,2,3,2,232,At Risk
14183,47,2,286.29,3,2,1,321,Recent Customers
14186,63,5,1550.63,2,3,3,233,At Risk
14187,109,1,123.5,2,1,1,211,Potential
14189,4,2,1160.31,4,2,3,423,Recent Customers
14190,302,1,79.9,1,1,1,111,Lost
14191,30,2,132.9,3,2,1,321,Recent Customers
14192,24,1,293.74,3,1,1,311,Recent Customers
14193,32,1,356.8,3,1,2,312,Recent Customers
14194,28,15,7321.070000000001,3,4,4,344,Loyal Customers
14195,75,4,1603.6,2,3,3,233,At Risk
14197,46,1,390.05,3,1,2,312,Recent Customers
14198,36,5,868.33,3,3,3,333,Loyal Customers
14199,59,3,906.3,2,3,3,233,At Risk
14200,253,1,379.2,1,1,2,112,Lost
14201,45,3,446.1,3,3,2,332,Loyal Customers
14202,17,3,847.76,4,3,3,433,Loyal Customers
14203,33,1,339.34,3,1,2,312,Recent Customers
14204,58,3,901.9300000000001,2,3,3,233,At Risk
14205,30,7,1947.5,3,4,4,344,Loyal Customers
14206,24,2,856.85,3,2,3,323,Recent Customers
14207,323,1,157.8,1,1,1,111,Lost
14208,187,1,415.31,1,1,2,112,Lost
14209,21,9,2919.84,3,4,4,344,Loyal Customers
14210,7,11,3955.6800000000003,4,4,4,444,Champions
14211,47,9,2161.19,3,4,4,344,Loyal Customers
14212,81,1,1119.66,2,1,3,213,Potential
14213,40,1,1192.2,3,1,3,313,Recent Customers
14215,4,4,1626.6100000000001,4,3,3,433,Loyal Customers
14216,50,1,310.74,3,1,2,312,Recent Customers
14217,2,7,1411.91,4,4,3,443,Loyal Customers
14219,45,2,543.89,3,2,2,322,Recent Customers
14220,203,2,882.5999999999999,1,2,3,123,Potential
14221,85,8,3084.69,2,4,4,244,At Risk
14224,26,5,847.78,3,3,3,333,Loyal Customers
14225,70,4,2037.02,2,3,4,234,At Risk
14226,77,1,770.34,2,1,3,213,Potential
14227,50,5,3017.75,3,3,4,334,Loyal Customers
14228,73,3,745.5,2,3,3,233,At Risk
14229,39,4,1046.84,3,3,3,333,Loyal Customers
14230,71,3,979.8000000000001,2,3,3,233,At Risk
14231,86,1,309.91,2,1,2,212,Potential
14233,101,3,1441.55,2,3,3,233,At Risk
14235,134,4,1573.13,2,3,3,233,At Risk
14236,8,4,1253.78,4,3,3,433,Loyal Customers
14237,9,2,471.14,4,2,2,422,Recent Customers
14238,298,2,287.38,1,2,1,121,Potential
14239,67,10,1882.3200000000002,2,4,4,244,At Risk
14240,59,1,357.15000000000003,2,1,2,212,Potential
14241,332,1,120.0,1,1,1,111,Lost
14243,1,8,4842.28,4,4,4,444,Champions
14244,296,1,366.41999999999996,1,1,2,112,Lost
14247,40,4,635.89,3,3,2,332,Loyal Customers
14248,95,2,730.37,2,2,3,223,Potential
14249,46,12,5625.461,3,4,4,344,Loyal Customers
14252,17,1,350.99,4,1,2,412,Recent Customers
14253,129,2,363.40000000000003,2,2,2,222,Potential
14254,68,1,601.03,2,1,2,212,Potential
14255,182,1,1000.63,1,1,3,113,Lost
14256,127,3,1504.93,2,3,3,233,At Risk
14257,16,4,2854.73,4,3,4,434,Loyal Customers
14258,31,16,19381.36,3,4,4,344,Loyal Customers
14260,107,3,824.28,2,3,3,233,At Risk
14263,59,1,322.93,2,1,2,212,Potential
14264,15,4,1183.39,4,3,3,433,Loyal Customers
14265,100,2,843.1700000000001,2,2,3,223,Potential
14266,64,1,40.56,2,1,1,211,Potential
14268,106,1,354.85,2,1,2,212,Potential
14269,75,1,295.73,2,1,1,211,Potential
14271,45,1,106.81,3,1,1,311,Recent Customers
14272,198,2,482.85,1,2,2,122,Potential
14274,322,1,256.6,1,1,1,111,Lost
14275,31,6,1189.3799999999999,3,4,3,343,Loyal Customers
14276,43,4,982.9399999999999,3,3,3,333,Loyal Customers
14277,47,6,13009.61,3,4,4,344,Loyal Customers
14278,45,1,205.83,3,1,1,311,Recent Customers
14279,156,2,191.86,1,2,1,121,Potential
14281,44,1,245.15,3,1,1,311,Recent Customers
14282,3,11,4120.32,4,4,4,444,Champions
14283,99,4,628.44,2,3,2,232,At Risk
14284,289,1,704.4,1,1,2,112,Lost
14285,149,4,1374.41,1,3,3,133,At Risk
14286,40,4,3851.01,3,3,4,334,Loyal Customers
14290,49,3,2201.91,3,3,4,334,Loyal Customers
14291,16,12,4020.85,4,4,4,444,Champions
14292,46,7,4354.32,3,4,4,344,Loyal Customers
14293,4,6,2221.37,4,4,4,444,Champions
14294,43,1,375.34000000000003,3,1,2,312,Recent Customers
14295,74,4,2196.71,2,3,4,234,At Risk
14296,57,2,456.4,2,2,2,222,Potential
14298,11,38,39667.19,4,4,4,444,Champions
14299,1,19,10533.87,4,4,4,444,Champions
14301,52,3,1352.04,3,3,3,333,Loyal Customers
14302,66,3,742.9000000000001,2,3,3,233,At Risk
14303,43,2,277.94,3,2,1,321,Recent Customers
14304,15,2,1341.56,4,2,3,423,Recent Customers
14306,14,4,1058.0800000000002,4,3,3,433,Loyal Customers
14307,9,5,2075.31,4,3,4,434,Loyal Customers
14308,185,2,1147.02,1,2,3,123,Potential
14309,49,2,1428.28,3,2,3,323,Recent Customers
14310,68,1,492.1,2,1,2,212,Potential
14311,203,1,206.19,1,1,1,111,Lost
14312,14,5,1478.7,4,3,3,433,Loyal Customers
14314,66,1,109.8,2,1,1,211,Potential
14315,200,2,716.69,1,2,3,123,Potential
14316,58,5,1370.34,2,3,3,233,At Risk
14318,96,1,158.02,2,1,1,211,Potential
14319,60,1,494.85,2,1,2,212,Potential
14320,182,3,868.96,1,3,3,133,At Risk
14321,67,2,687.3100000000001,2,2,2,222,Potential
14322,65,4,474.1,2,3,2,232,At Risk
14324,45,2,701.61,3,2,2,322,Recent Customers
14325,205,1,245.48000000000002,1,1,1,111,Lost
14326,99,2,757.13,2,2,3,223,Potential
14327,18,5,1583.28,4,3,3,433,Loyal Customers
14328,74,1,445.05,2,1,2,212,Potential
14329,11,8,4912.38,4,4,4,444,Champions
14330,259,1,200.63,1,1,1,111,Lost
14332,17,2,1077.2,4,2,3,423,Recent Customers
14334,61,4,1766.27,2,3,4,234,At Risk
14338,172,1,339.88,1,1,2,112,Lost
14339,64,1,310.75,2,1,2,212,Potential
14341,56,10,2285.04,2,4,4,244,At Risk
14342,68,2,249.88,2,2,1,221,Potential
14343,57,4,1088.91,2,3,3,233,At Risk
14344,3,14,2443.77,4,4,4,444,Champions
14346,61,3,1294.17,2,3,3,233,At Risk
14347,372,1,82.60000000000001,1,1,1,111,Lost
14350,16,2,689.1,4,2,2,422,Recent Customers
14353,46,2,285.9,3,2,1,321,Recent Customers
14355,1,3,840.0500000000001,4,3,3,433,Loyal Customers
14358,25,2,400.06,3,2,2,322,Recent Customers
14361,214,1,214.71,1,1,1,111,Lost
14363,38,2,227.47000000000003,3,2,1,321,Recent Customers
14365,30,2,634.68,3,2,2,322,Recent Customers
14366,161,1,136.0,1,1,1,111,Lost
14369,278,2,469.13,1,2,2,122,Potential
14370,86,6,1175.78,2,4,3,243,At Risk
14372,79,2,860.08,2,2,3,223,Potential
14374,177,1,108.0,1,1,1,111,Lost
14375,86,2,875.31,2,2,3,223,Potential
14376,319,1,215.46,1,1,1,111,Lost
14378,257,1,131.25,1,1,1,111,Lost
14379,29,2,920.8100000000001,3,2,3,323,Recent Customers
14380,318,1,48.96,1,1,1,111,Lost
14381,87,1,428.66,2,1,2,212,Potential
14382,26,1,620.73,3,1,2,312,Recent Customers
14384,136,1,58.5,2,1,1,211,Potential
14388,8,9,3488.16,4,4,4,444,Champions
14389,60,3,854.55,2,3,3,233,At Risk
14390,8,5,1747.01,4,3,4,434,Loyal Customers
14391,212,1,135.6,1,1,1,111,Lost
14392,68,1,266.4,2,1,1,211,Potential
14394,200,1,93.8,1,1,1,111,Lost
14395,8,12,4700.3,4,4,4,444,Champions
14396,7,6,1633.94,4,4,3,443,Loyal Customers
14398,37,2,707.79,3,2,3,323,Recent Customers
14399,30,8,2113.16,3,4,4,344,Loyal Customers
14400,44,2,1157.77,3,2,3,323,Recent Customers
14401,60,9,2744.42,2,4,4,244,At Risk
14402,288,1,285.6,1,1,1,111,Lost
14403,225,2,404.7,1,2,2,122,Potential
14404,5,8,1424.79,4,4,3,443,Loyal Customers
14405,22,1,195.0,3,1,1,311,Recent Customers
14408,107,4,1503.24,2,3,3,233,At Risk
14409,4,5,1696.64,4,3,3,433,Loyal Customers
14410,12,2,1546.07,4,2,3,423,Recent Customers
14412,60,1,656.16,2,1,2,212,Potential
14413,46,3,647.67,3,3,2,332,Loyal Customers
14414,10,1,902.35,4,1,3,413,Recent Customers
14415,15,10,6191.32,4,4,4,444,Champions
14417,23,1,604.2,3,1,2,312,Recent Customers
14419,18,1,202.85,4,1,1,411,Recent Customers
14420,32,3,1251.65,3,3,3,333,Loyal Customers
14421,148,4,1656.26,1,3,3,133,At Risk
14422,10,13,6007.88,4,4,4,444,Champions
14423,73,2,651.4100000000001,2,2,2,222,Potential
14425,70,3,661.39,2,3,2,232,At Risk
14426,39,7,7246.27,3,4,4,344,Loyal Customers
14427,130,2,900.1800000000001,2,2,3,223,Potential
14429,39,1,516.28,3,1,2,312,Recent Customers
14430,147,3,1220.9,1,3,3,133,At Risk
14431,15,3,2143.84,4,3,4,434,Loyal Customers
14433,101,1,289.6,2,1,1,211,Potential
14435,137,1,90.42,1,1,1,111,Lost
14436,189,1,182.64,1,1,1,111,Lost
14437,1,5,895.84,4,3,3,433,Loyal Customers
14439,79,4,6781.8,2,3,4,234,At Risk
14440,1,9,4281.05,4,4,4,444,Champions
14441,10,7,2898.8,4,4,4,444,Champions
14442,50,5,3777.2,3,3,4,334,Loyal Customers
14443,4,2,966.27,4,2,3,423,Recent Customers
14444,92,1,132.04,2,1,1,211,Potential
14445,91,1,221.65,2,1,1,211,Potential
14446,22,1,201.73,3,1,1,311,Recent Customers
14447,36,1,548.5,3,1,2,312,Recent Customers
14449,8,5,1575.7,4,3,3,433,Loyal Customers
14450,15,4,645.19,4,3,2,432,Loyal Customers
14451,25,10,2646.18,3,4,4,344,Loyal Customers
14452,31,2,401.15,3,2,2,322,Recent Customers
14454,12,5,977.3000000000001,4,3,3,433,Loyal Customers
14455,68,4,628.21,2,3,2,232,At Risk
14458,16,1,237.42,4,1,1,411,Recent Customers
14459,287,1,3537.821,1,1,4,114,Lost
14460,32,6,659.16,3,4,2,342,Loyal Customers
14461,18,10,4610.44,4,4,4,444,Champions
14462,68,1,265.99,2,1,1,211,Potential
14463,135,1,256.95,2,1,1,211,Potential
14464,204,2,111.0,1,2,1,121,Potential
14465,64,8,2887.41,2,4,4,244,At Risk
14466,8,7,2374.5,4,4,4,444,Champions
14467,25,8,1622.23,3,4,3,343,Loyal Customers
14468,369,1,204.24,1,1,1,111,Lost
14469,52,4,2112.21,3,3,4,334,Loyal Customers
14470,66,1,250.85,2,1,1,211,Potential
14471,227,2,400.95,1,2,2,122,Potential
14472,325,1,291.38,1,1,1,111,Lost
14474,215,1,730.42,1,1,3,113,Lost
14475,44,1,225.3,3,1,1,311,Recent Customers
14477,72,3,660.0,2,3,2,232,At Risk
14478,18,4,1276.66,4,3,3,433,Loyal Customers
14479,1,3,982.86,4,3,3,433,Loyal Customers
14480,38,3,1020.47,3,3,3,333,Loyal Customers
14481,43,3,1674.98,3,3,3,333,Loyal Customers
14482,15,6,2289.76,4,4,4,444,Champions
14483,372,1,120.0,1,1,1,111,Lost
14484,37,3,749.0600000000001,3,3,3,333,Loyal Customers
14486,147,2,175.5,1,2,1,121,Potential
14487,4,2,257.28000000000003,4,2,1,421,Recent Customers
14489,73,3,1111.55,2,3,3,233,At Risk
14490,42,2,1273.47,3,2,3,323,Recent Customers
14491,8,1,127.2,4,1,1,411,Recent Customers
14492,66,7,1921.91,2,4,4,244,At Risk
14493,26,5,2746.91,3,3,4,334,Loyal Customers
14494,37,2,261.9,3,2,1,321,Recent Customers
14495,295,1,51.0,1,1,1,111,Lost
14496,9,6,2129.42,4,4,4,444,Champions
14497,309,1,221.69,1,1,1,111,Lost
14498,37,5,1953.95,3,3,4,334,Loyal Customers
14499,10,4,1323.65,4,3,3,433,Loyal Customers
14505,40,11,6096.2,3,4,4,344,Loyal Customers
14506,5,3,1278.5,4,3,3,433,Loyal Customers
14507,14,5,1901.25,4,3,4,434,Loyal Customers
14508,12,3,598.52,4,3,2,432,Loyal Customers
14509,170,1,110.95,1,1,1,111,Lost
14510,11,3,1007.28,4,3,3,433,Loyal Customers
14512,19,5,948.19,3,3,3,333,Loyal Customers
14513,72,3,332.42,2,3,2,232,At Risk
14514,72,6,3543.63,2,4,4,244,At Risk
14515,23,6,1647.17,3,4,3,343,Loyal Customers
14516,152,1,163.92,1,1,1,111,Lost
14519,319,2,206.09,1,2,1,121,Potential
14521,127,1,199.45000000000002,2,1,1,211,Potential
14522,231,4,784.08,1,3,3,133,At Risk
14524,45,4,1066.03,3,3,3,333,Loyal Customers
14525,64,8,3908.44,2,4,4,244,At Risk
14526,25,1,262.4,3,1,1,311,Recent Customers
14527,1,69,19283.48,4,4,4,444,Champions
14530,32,10,3271.4900000000002,3,4,4,344,Loyal Customers
14531,115,1,376.34,2,1,2,212,Potential
14532,47,7,2926.33,3,4,4,344,Loyal Customers
14533,43,4,1516.65,3,3,3,333,Loyal Customers
14534,33,8,1824.06,3,4,4,344,Loyal Customers
14535,31,6,3166.54,3,4,4,344,Loyal Customers
14537,259,1,285.84,1,1,1,111,Lost
14538,166,3,982.59,1,3,3,133,At Risk
14540,15,8,2799.08,4,4,4,444,Champions
14541,52,6,1038.03,3,4,3,343,Loyal Customers
14543,16,23,11276.44,4,4,4,444,Champions
14544,106,1,957.98,2,1,3,213,Potential
14545,310,1,349.25,1,1,2,112,Lost
14546,12,6,2619.81,4,4,4,444,Champions
14548,120,7,1974.69,2,4,4,244,At Risk
14549,56,3,627.3100000000001,2,3,2,232,At Risk
14550,24,2,587.69,3,2,2,322,Recent Customers
14551,47,5,693.8100000000001,3,3,2,332,Loyal Customers
14552,16,2,346.21,4,2,2,422,Recent Customers
14553,47,4,982.27,3,3,3,333,Loyal Customers
14555,17,4,1991.49,4,3,4,434,Loyal Customers
14556,232,3,835.34,1,3,3,133,At Risk
14558,290,3,655.5,1,3,2,132,At Risk
14559,26,1,75.6,3,1,1,311,Recent Customers
14560,15,22,3876.2599999999998,4,4,4,444,Champions
14562,26,8,1654.63,3,4,3,343,Loyal Customers
14563,145,2,679.44,1,2,2,122,Potential
14564,70,2,2605.62,2,2,4,224,Potential
14565,109,1,760.1,2,1,3,213,Potential
14566,53,3,2660.0,3,3,4,334,Loyal Customers
14568,71,1,919.7,2,1,3,213,Potential
14569,88,3,371.59000000000003,2,3,2,232,At Risk
14570,79,1,395.69,2,1,2,212,Potential
14571,61,1,161.65,2,1,1,211,Potential
14572,53,4,2782.34,3,3,4,334,Loyal Customers
14573,8,5,968.0,4,3,3,433,Loyal Customers
14574,368,1,143.70000000000002,1,1,1,111,Lost
14575,124,1,460.71,2,1,2,212,Potential
14576,8,1,35.400000000000006,4,1,1,411,Recent Customers
14577,30,3,514.54,3,3,2,332,Loyal Customers
14579,68,1,105.56,2,1,1,211,Potential
14580,154,1,14.85,1,1,1,111,Lost
14581,180,1,295.2,1,1,1,111,Lost
14583,19,3,728.48,3,3,3,333,Loyal Customers
14584,57,4,705.65,2,3,2,232,At Risk
14585,18,4,986.22,4,3,3,433,Loyal Customers
14588,214,1,135.39,1,1,1,111,Lost
14589,7,1,39.75,4,1,1,411,Recent Customers
14590,60,20,3006.62,2,4,4,244,At Risk
14593,33,9,3094.02,3,4,4,344,Loyal Customers
14594,9,1,255.0,4,1,1,411,Recent Customers
14595,89,2,423.85,2,2,2,222,Potential
14596,262,1,229.47,1,1,1,111,Lost
14597,15,4,1318.39,4,3,3,433,Loyal Customers
14598,205,1,162.07,1,1,1,111,Lost
14599,26,2,474.54,3,2,2,322,Recent Customers
14600,29,1,471.84,3,1,2,312,Recent Customers
14602,292,1,205.35999999999999,1,1,1,111,Lost
14604,269,1,143.85999999999999,1,1,1,111,Lost
14605,10,4,937.16,4,3,3,433,Loyal Customers
14606,2,102,18704.41,4,4,4,444,Champions
14607,103,8,7568.13,2,4,4,244,At Risk
14608,15,7,1567.79,4,4,3,443,Loyal Customers
14609,26,6,884.64,3,4,3,343,Loyal Customers
14610,31,2,24.35,3,2,1,321,Recent Customers
14611,79,2,604.33,2,2,2,222,Potential
14612,51,1,877.7,3,1,3,313,Recent Customers
14613,316,1,76.32000000000001,1,1,1,111,Lost
14614,22,1,295.13,3,1,1,311,Recent Customers
14615,30,5,951.76,3,3,3,333,Loyal Customers
14616,21,2,121.7,3,2,1,321,Recent Customers
14617,38,2,190.47,3,2,1,321,Recent Customers
14618,12,4,788.88,4,3,3,433,Loyal Customers
14619,177,1,896.8,1,1,3,113,Lost
14621,147,4,1212.21,1,3,3,133,At Risk
14623,16,5,1170.33,4,3,3,433,Loyal Customers
14624,51,4,588.22,3,3,2,332,Loyal Customers
14625,10,9,3598.25,4,4,4,444,Champions
14626,31,7,2619.65,3,4,4,344,Loyal Customers
14627,15,1,462.75,4,1,2,412,Recent Customers
14628,78,3,1326.04,2,3,3,233,At Risk
14630,120,1,338.65,2,1,2,212,Potential
14631,22,3,1018.71,3,3,3,333,Loyal Customers
14634,73,4,2124.46,2,3,4,234,At Risk
14635,89,1,215.22,2,1,1,211,Potential
14637,313,1,106.68,1,1,1,111,Lost
14639,44,3,1994.47,3,3,4,334,Loyal Customers
14640,45,4,1541.98,3,3,3,333,Loyal Customers
14643,253,3,986.08,1,3,3,133,At Risk
14644,50,5,1416.96,3,3,3,333,Loyal Customers
14645,270,1,279.8,1,1,1,111,Lost
14646,10,78,248396.5,4,4,4,444,Champions
14647,159,1,276.75,1,1,1,111,Lost
14648,52,15,4546.86,3,4,4,344,Loyal Customers
14649,18,5,2358.02,4,3,4,434,Loyal Customers
14650,224,1,62.5,1,1,1,111,Lost
14651,30,7,1379.52,3,4,3,343,Loyal Customers
14653,149,5,1666.99,1,3,3,133,At Risk
14654,374,1,246.86,1,1,1,111,Lost
14655,24,3,1946.28,3,3,4,334,Loyal Customers
14656,51,3,523.6,3,3,2,332,Loyal Customers
14657,65,2,612.65,2,2,2,222,Potential
14662,63,3,645.16,2,3,2,232,At Risk
14663,66,2,490.6,2,2,2,222,Potential
14665,63,2,913.95,2,2,3,223,Potential
14667,1,31,12685.94,4,4,4,444,Champions
14668,81,1,111.63,2,1,1,211,Potential
14669,269,4,1973.94,1,3,4,134,At Risk
14670,368,1,190.47,1,1,1,111,Lost
14671,185,2,1127.45,1,2,3,123,Potential
14672,151,2,347.59,1,2,2,122,Potential
14673,3,3,1674.41,4,3,3,433,Loyal Customers
14674,145,1,173.66,1,1,1,111,Lost
14675,24,1,462.15,3,1,2,312,Recent Customers
14676,30,6,5808.55,3,4,4,344,Loyal Customers
14677,228,1,184.91,1,1,1,111,Lost
14678,215,1,403.39,1,1,2,112,Lost
14679,17,3,1289.44,4,3,3,433,Loyal Customers
14680,7,43,28658.66,4,4,4,444,Champions
14681,23,3,376.20000000000005,3,3,2,332,Loyal Customers
14682,64,4,1462.81,2,3,3,233,At Risk
14683,224,1,146.56,1,1,1,111,Lost
14684,26,1,232.27,3,1,1,311,Recent Customers
14685,212,8,4619.79,1,4,4,144,At Risk
14686,50,5,885.83,3,3,3,333,Loyal Customers
14687,36,2,773.6800000000001,3,2,3,323,Recent Customers
14688,9,8,2082.7,4,4,4,444,Champions
14690,28,2,422.63,3,2,2,322,Recent Customers
14692,16,8,1153.54,4,4,3,443,Loyal Customers
14693,61,6,992.46,2,4,3,243,At Risk
14694,253,1,244.31,1,1,1,111,Lost
14695,155,3,1620.07,1,3,3,133,At Risk
14696,9,2,688.95,4,2,2,422,Recent Customers
14699,71,3,593.47,2,3,2,232,At Risk
14700,51,2,880.96,3,2,3,323,Recent Customers
14701,78,6,2012.72,2,4,4,244,At Risk
14702,1,13,3462.08,4,4,4,444,Champions
14704,60,2,266.66,2,2,1,221,Potential
14706,254,1,390.69,1,1,2,112,Lost
14707,71,2,139.2,2,2,1,221,Potential
14708,4,3,1085.91,4,3,3,433,Loyal Customers
14709,15,12,3965.29,4,4,4,444,Champions
14710,15,9,1316.46,4,4,3,443,Loyal Customers
14712,54,1,411.0,2,1,2,212,Potential
14713,1,11,2752.51,4,4,4,444,Champions
14714,43,3,746.05,3,3,3,333,Loyal Customers
14715,78,4,973.0699999999999,2,3,3,233,At Risk
14716,80,1,235.77,2,1,1,211,Potential
14717,369,1,81.3,1,1,1,111,Lost
14718,46,1,226.42,3,1,1,311,Recent Customers
14721,15,1,115.77,4,1,1,411,Recent Customers
14722,113,2,325.45,2,2,2,222,Potential
14723,7,7,934.76,4,4,3,443,Loyal Customers
14724,226,1,345.25,1,1,2,112,Lost
14725,30,3,597.16,3,3,2,332,Loyal Customers
14726,290,1,124.75,1,1,1,111,Lost
14727,182,2,199.35,1,2,1,121,Potential
14728,49,1,190.58,3,1,1,311,Recent Customers
14729,9,3,593.89,4,3,2,432,Loyal Customers
14732,28,11,2814.58,3,4,4,344,Loyal Customers
14733,3,4,6599.06,4,3,4,434,Loyal Customers
14734,61,4,1056.42,2,3,3,233,At Risk
14735,24,24,6174.47,3,4,4,344,Loyal Customers
14736,121,2,401.08,2,2,2,222,Potential
14737,36,1,2389.62,3,1,4,314,Recent Customers
14738,196,2,507.45,1,2,2,122,Potential
14739,3,19,8385.22,4,4,4,444,Champions
14740,45,8,2712.85,3,4,4,344,Loyal Customers
14741,8,2,497.25,4,2,2,422,Recent Customers
14742,71,1,579.85,2,1,2,212,Potential
14743,228,1,50.480000000000004,1,1,1,111,Lost
14744,2,8,2785.1,4,4,4,444,Champions
14745,137,7,1351.55,1,4,3,143,At Risk
14746,42,4,593.5,3,3,2,332,Loyal Customers
14748,4,7,1736.57,4,4,4,444,Champions
14749,115,1,310.15,2,1,2,212,Potential
14750,372,1,112.03,1,1,1,111,Lost
14751,320,2,126.45,1,2,1,121,Potential
14753,96,1,306.36,2,1,1,211,Potential
14754,61,4,912.4300000000001,2,3,3,233,At Risk
14755,17,14,4962.27,4,4,4,444,Champions
14756,18,2,1914.8,4,2,4,424,Recent Customers
14758,32,3,1380.91,3,3,3,333,Loyal Customers
14761,80,1,192.02,2,1,1,211,Potential
14762,262,1,117.05,1,1,1,111,Lost
14766,2,6,4082.76,4,4,4,444,Champions
14767,110,1,382.81,2,1,2,212,Potential
14769,26,9,5097.13,3,4,4,344,Loyal Customers
14770,103,6,2761.2200000000003,2,4,4,244,At Risk
14771,257,2,594.62,1,2,2,122,Potential
14773,228,1,140.55,1,1,1,111,Lost
14774,164,1,241.45000000000002,1,1,1,111,Lost
14775,8,1,406.56,4,1,2,412,Recent Customers
14776,23,4,1170.0,3,3,3,333,Loyal Customers
14777,39,1,307.56,3,1,1,311,Recent Customers
14783,295,1,307.3,1,1,1,111,Lost
14784,25,1,159.94,3,1,1,311,Recent Customers
14786,186,1,90.96,1,1,1,111,Lost
14787,107,1,110.65,2,1,1,211,Potential
14788,232,1,476.88,1,1,2,112,Lost
14790,10,6,1781.56,4,4,4,444,Champions
14791,242,1,303.63,1,1,1,111,Lost
14793,171,1,396.91,1,1,2,112,Lost
14794,38,3,633.99,3,3,2,332,Loyal Customers
14796,2,11,2867.15,4,4,4,444,Champions
14797,143,1,300.31,1,1,1,111,Lost
14798,17,5,550.5699999999999,4,4,2,442,Loyal Customers
14799,373,1,180.45000000000002,1,1,1,111,Lost
14800,5,6,3434.58,4,4,4,444,Champions
14802,74,2,1502.98,2,2,3,223,Potential
14805,40,3,549.99,3,3,2,332,Loyal Customers
14806,75,1,110.04,2,1,1,211,Potential
14807,26,2,519.29,3,2,2,322,Recent Customers
14809,257,2,686.76,1,2,2,122,Potential
14810,5,3,449.14,4,3,2,432,Loyal Customers
14811,23,1,170.5,3,1,1,311,Recent Customers
14812,234,1,185.8,1,1,1,111,Lost
14813,5,4,935.44,4,3,3,433,Loyal Customers
14814,217,1,160.46,1,1,1,111,Lost
14817,31,5,2849.52,3,4,4,344,Loyal Customers
14818,94,3,512.61,2,3,2,232,At Risk
14819,130,2,198.09,2,2,1,221,Potential
14820,16,5,767.47,4,4,3,443,Loyal Customers
14821,2,7,1237.65,4,4,3,443,Loyal Customers
14822,121,1,157.7,2,1,1,211,Potential
14824,15,6,2895.2000000000003,4,4,4,444,Champions
14825,4,13,2698.17,4,4,4,444,Champions
14826,217,2,385.2,1,2,2,122,Potential
14828,24,10,7699.7,3,4,4,344,Loyal Customers
14829,8,4,995.29,4,3,3,433,Loyal Customers
14831,316,3,1676.57,1,3,3,133,At Risk
14832,266,1,322.69,1,1,2,112,Lost
14833,134,1,94.8,2,1,1,211,Potential
14834,43,1,485.86,3,1,2,312,Recent Customers
14835,164,2,297.0,1,2,1,121,Potential
14837,78,5,1810.82,2,4,4,244,At Risk
14838,59,2,773.6700000000001,2,2,3,223,Potential
14839,54,3,915.28,2,3,3,233,At Risk
14840,175,1,299.86,1,1,1,111,Lost
14841,10,8,3867.2400000000002,4,4,4,444,Champions
14843,72,1,211.8,2,1,1,211,Potential
14844,66,6,3512.62,2,4,4,244,At Risk
14845,235,1,150.0,1,1,1,111,Lost
14846,63,1,437.4,2,1,2,212,Potential
14847,43,2,1039.55,3,2,3,323,Recent Customers
14848,40,1,310.56,3,1,2,312,Recent Customers
14849,9,21,7832.91,4,4,4,444,Champions
14850,53,6,1468.26,3,4,3,343,Loyal Customers
14851,266,1,318.06,1,1,2,112,Lost
14852,60,12,3310.4900000000002,2,4,4,244,At Risk
14853,59,3,901.0699999999999,2,3,3,233,At Risk
14854,26,4,1563.03,3,3,3,333,Loyal Customers
14855,110,5,5874.65,2,4,4,244,At Risk
14857,78,5,2478.731,2,4,4,244,At Risk
14858,141,1,180.75,1,1,1,111,Lost
14859,190,1,351.9,1,1,2,112,Lost
14861,16,9,1254.94,4,4,3,443,Loyal Customers
14865,8,3,77.52,4,3,1,431,Loyal Customers
14866,2,8,6460.32,4,4,4,444,Champions
14867,31,13,2241.78,3,4,4,344,Loyal Customers
14868,16,4,1230.42,4,3,3,433,Loyal Customers
14869,24,4,2078.54,3,3,4,334,Loyal Customers
14870,49,5,1511.7,3,4,3,343,Loyal Customers
14871,129,5,736.59,2,4,3,243,At Risk
14872,119,3,816.6,2,3,3,233,At Risk
14873,269,1,334.45,1,1,2,112,Lost
14874,171,1,116.18,1,1,1,111,Lost
14875,77,1,1397.08,2,1,3,213,Potential
14876,157,2,256.7,1,2,1,121,Potential
14877,54,2,437.0,2,2,2,222,Potential
14878,12,16,2619.7,4,4,4,444,Champions
14879,320,1,185.06,1,1,1,111,Lost
14882,26,12,3038.4500000000003,3,4,4,344,Loyal Customers
14884,305,1,120.6,1,1,1,111,Lost
14885,63,2,832.8,2,2,3,223,Potential
14890,254,2,691.6,1,2,2,122,Potential
14891,52,2,552.35,3,2,2,322,Recent Customers
14892,326,1,202.35000000000002,1,1,1,111,Lost
14893,253,1,571.76,1,1,2,112,Lost
14894,79,2,837.0600000000001,2,2,3,223,Potential
14895,19,18,13980.83,3,4,4,344,Loyal Customers
14896,1,7,1623.65,4,4,3,443,Loyal Customers
14897,45,4,1774.16,3,3,4,334,Loyal Customers
14898,7,9,2204.29,4,4,4,444,Champions
14899,31,1,1384.88,3,1,3,313,Recent Customers
14900,158,1,13.919999999999998,1,1,1,111,Lost
14901,2,5,868.36,4,4,3,443,Loyal Customers
14902,31,2,702.96,3,2,2,322,Recent Customers
14904,44,2,615.2,3,2,2,322,Recent Customers
14905,10,6,1355.24,4,4,3,443,Loyal Customers
14906,81,1,68.44,2,1,1,211,Potential
14907,3,10,2664.69,4,4,4,444,Champions
14908,99,1,104.10000000000001,2,1,1,211,Potential
14909,73,3,1404.68,2,3,3,233,At Risk
14911,1,205,152147.57,4,4,4,444,Champions
14912,37,4,1021.4,3,3,3,333,Loyal Customers
14913,24,4,2845.7000000000003,3,3,4,334,Loyal Customers
14915,11,9,1503.77,4,4,3,443,Loyal Customers
14916,67,4,1773.97,2,3,4,234,At Risk
14917,232,2,1123.75,1,2,3,123,Potential
14918,40,7,4345.66,3,4,4,344,Loyal Customers
14919,175,1,359.35,1,1,2,112,Lost
14920,201,1,629.4,1,1,2,112,Lost
14922,29,2,843.74,3,2,3,323,Recent Customers
14924,246,2,620.96,1,2,2,122,Potential
14926,17,2,359.4,4,2,2,422,Recent Customers
14927,32,1,308.2,3,1,2,312,Recent Customers
14928,263,1,223.91000000000003,1,1,1,111,Lost
14929,57,1,612.8100000000001,2,1,2,212,Potential
14930,106,3,2873.77,2,3,4,234,At Risk
14932,1,2,666.13,4,2,2,422,Recent Customers
14933,79,4,1770.0,2,3,4,234,At Risk
14934,14,3,1612.56,4,3,3,433,Loyal Customers
14935,255,1,1065.1200000000001,1,1,3,113,Lost
14936,26,4,4273.79,3,3,4,334,Loyal Customers
14938,198,2,2322.43,1,2,4,124,Potential
14940,53,2,531.49,3,2,2,322,Recent Customers
14941,214,1,182.1,1,1,1,111,Lost
14942,37,4,746.56,3,3,3,333,Loyal Customers
14943,299,1,107.62,1,1,1,111,Lost
14944,25,7,3884.42,3,4,4,344,Loyal Customers
14945,49,1,179.4,3,1,1,311,Recent Customers
14947,24,4,758.97,3,3,3,333,Loyal Customers
14949,105,4,515.0,2,3,2,232,At Risk
14952,32,21,9529.86,3,4,4,344,Loyal Customers
14953,54,3,723.95,2,3,3,233,At Risk
14954,339,1,167.27,1,1,1,111,Lost
14955,368,1,163.77,1,1,1,111,Lost
14956,57,1,1325.0,2,1,3,213,Potential
14957,280,1,274.8,1,1,1,111,Lost
14958,231,3,458.26,1,3,2,132,At Risk
14961,15,13,9365.47,4,4,4,444,Champions
14962,175,3,240.21000000000004,1,3,1,131,At Risk
14963,15,7,1676.68,4,4,3,443,Loyal Customers
14966,23,5,924.52,3,4,3,343,Loyal Customers
14967,77,5,1518.81,2,4,3,243,At Risk
14968,94,1,357.4,2,1,2,212,Potential
14969,339,1,906.23,1,1,3,113,Lost
14970,45,8,3327.29,3,4,4,344,Loyal Customers
14972,17,1,30.300000000000004,4,1,1,411,Recent Customers
14975,57,1,192.45,2,1,1,211,Potential
14977,361,1,31.93,1,1,1,111,Lost
14978,66,5,1210.72,2,4,3,243,At Risk
14979,371,1,439.46000000000004,1,1,2,112,Lost
14980,373,1,150.68,1,1,1,111,Lost
14981,59,1,270.8,2,1,1,211,Potential
14982,208,1,237.78,1,1,1,111,Lost
14983,325,1,183.20000000000002,1,1,1,111,Lost
14984,24,4,1058.1399999999999,3,3,3,333,Loyal Customers
14986,12,2,566.9,4,2,2,422,Recent Customers
14987,1,7,1387.4499999999998,4,4,3,443,Loyal Customers
14988,16,6,1732.06,4,4,4,444,Champions
14989,297,1,342.4,1,1,2,112,Lost
14990,248,2,305.42,1,2,1,121,Potential
14991,66,1,314.67,2,1,2,212,Potential
14992,78,1,210.5,2,1,1,211,Potential
14993,199,1,36.13,1,1,1,111,Lost
14994,18,5,960.63,4,4,3,443,Loyal Customers
14996,117,2,442.28999999999996,2,2,2,222,Potential
14997,291,1,230.4,1,1,1,111,Lost
14998,64,2,340.86,2,2,2,222,Potential
14999,228,1,129.48000000000002,1,1,1,111,Lost
15001,30,2,230.85999999999999,3,2,1,321,Recent Customers
15002,3,6,3175.52,4,4,4,444,Champions
15003,109,6,1060.7,2,4,3,243,At Risk
15005,2,29,7789.63,4,4,4,444,Champions
15006,89,1,323.05,2,1,2,212,Potential
15008,116,2,360.0,2,2,2,222,Potential
15011,31,2,416.6,3,2,2,322,Recent Customers
15012,9,2,437.58,4,2,2,422,Recent Customers
15013,123,10,1641.3,2,4,3,243,At Risk
15015,137,13,2365.02,1,4,4,144,At Risk
15016,29,4,460.26,3,3,2,332,Loyal Customers
15018,3,1,111.25,4,1,1,411,Recent Customers
15020,15,1,203.42,4,1,1,411,Recent Customers
15021,2,4,869.01,4,3,3,433,Loyal Customers
15022,313,1,281.05,1,1,1,111,Lost
15023,5,10,5367.92,4,4,4,444,Champions
15024,3,8,2414.18,4,4,4,444,Champions
15025,204,1,636.08,1,1,2,112,Lost
15026,11,2,592.61,4,2,2,422,Recent Customers
15027,31,6,2129.45,3,4,4,344,Loyal Customers
15028,4,3,530.58,4,3,2,432,Loyal Customers
15029,255,1,365.1,1,1,2,112,Lost
15030,16,6,1461.63,4,4,3,443,Loyal Customers
15031,30,10,2488.44,3,4,4,344,Loyal Customers
15032,2,7,8821.55,4,4,4,444,Champions
15034,22,6,4004.79,3,4,4,344,Loyal Customers
15037,12,2,402.51,4,2,2,422,Recent Customers
15038,5,4,604.37,4,3,2,432,Loyal Customers
15039,4,47,20116.99,4,4,4,444,Champions
15040,177,1,7.49,1,1,1,111,Lost
15041,80,1,113.67,2,1,1,211,Potential
15042,231,1,179.52,1,1,1,111,Lost
15043,99,5,2336.8,2,4,4,244,At Risk
15044,15,18,8504.1,4,4,4,444,Champions
15046,61,10,2598.62,2,4,4,244,At Risk
15048,4,1,98.7,4,1,1,411,Recent Customers
15050,57,2,2411.7000000000003,2,2,4,224,Potential
15051,15,6,2543.55,4,4,4,444,Champions
15055,110,3,560.07,2,3,2,232,At Risk
15056,156,1,133.45,1,1,1,111,Lost
15057,79,3,1766.46,2,3,4,234,At Risk
15058,12,5,1285.04,4,4,3,443,Loyal Customers
15059,12,10,2185.85,4,4,4,444,Champions
15061,3,86,83284.38,4,4,4,444,Champions
15062,59,4,1597.76,2,3,3,233,At Risk
15064,46,4,1254.41,3,3,3,333,Loyal Customers
15065,46,1,168.73,3,1,1,311,Recent Customers
15067,49,2,2133.12,3,2,4,324,Recent Customers
15068,54,2,623.49,2,2,2,222,Potential
15070,8,3,737.0500000000001,4,3,3,433,Loyal Customers
15071,22,2,473.49,3,2,2,322,Recent Customers
15072,115,1,187.52,2,1,1,211,Potential
15073,36,5,1744.61,3,4,4,344,Loyal Customers
15074,65,2,817.46,2,2,3,223,Potential
15076,128,2,566.89,2,2,2,222,Potential
15077,130,2,2428.08,2,2,4,224,Potential
15078,4,23,8018.77,4,4,4,444,Champions
15079,1,8,2871.7400000000002,4,4,4,444,Champions
15080,63,2,546.25,2,2,2,222,Potential
15081,3,8,1460.92,4,4,3,443,Loyal Customers
15082,304,1,93.35000000000001,1,1,1,111,Lost
15084,15,2,965.1999999999999,4,2,3,423,Recent Customers
15085,365,1,347.54,1,1,2,112,Lost
15086,200,2,218.53,1,2,1,121,Potential
15091,310,2,565.9,1,2,2,122,Potential
15092,98,1,318.65,2,1,2,212,Potential
15093,8,18,9729.09,4,4,4,444,Champions
15094,99,2,83.0,2,2,1,221,Potential
15095,56,6,1771.04,2,4,4,244,At Risk
15097,219,2,660.27,1,2,2,122,Potential
15100,2,6,2018.6999999999998,4,4,4,444,Champions
15101,151,4,1160.41,1,3,3,133,At Risk
15102,166,2,554.67,1,2,2,122,Potential
15105,66,2,795.98,2,2,3,223,Potential
15107,8,4,620.85,4,3,2,432,Loyal Customers
15109,215,2,498.15000000000003,1,2,2,122,Potential
15110,39,2,509.75,3,2,2,322,Recent Customers
15111,8,3,1163.39,4,3,3,433,Loyal Customers
15112,247,1,209.4,1,1,1,111,Lost
15114,19,2,639.56,3,2,2,322,Recent Customers
15115,368,1,191.74,1,1,1,111,Lost
15117,84,3,934.19,2,3,3,233,At Risk
15122,58,8,2863.69,2,4,4,244,At Risk
15123,57,3,2456.86,2,3,4,234,At Risk
15124,112,2,266.63,2,2,1,221,Potential
15125,115,9,5496.39,2,4,4,244,At Risk
15126,172,2,449.49,1,2,2,122,Potential
15127,155,1,304.97,1,1,1,111,Lost
15128,66,1,312.68,2,1,2,212,Potential
15129,21,12,3412.78,3,4,4,344,Loyal Customers
15131,30,1,80.28,3,1,1,311,Recent Customers
15133,18,2,824.48,4,2,3,423,Recent Customers
15134,17,2,208.3,4,2,1,421,Recent Customers
15135,192,1,166.63,1,1,1,111,Lost
15137,156,2,823.4,1,2,3,123,Potential
15138,29,1,502.52,3,1,2,312,Recent Customers
15140,78,1,889.44,2,1,3,213,Potential
15141,93,7,1388.47,2,4,3,243,At Risk
15142,46,5,2121.18,3,4,4,344,Loyal Customers
15143,68,1,304.18,2,1,1,211,Potential
15144,15,12,5579.87,4,4,4,444,Champions
15149,212,4,1033.81,1,3,3,133,At Risk
15150,92,3,3686.61,2,3,4,234,At Risk
15151,59,2,2085.61,2,2,4,224,Potential
15152,337,1,518.14,1,1,2,112,Lost
15154,114,2,1091.99,2,2,3,223,Potential
15155,19,1,383.96999999999997,3,1,2,312,Recent Customers
15157,205,2,718.04,1,2,3,123,Potential
15158,37,1,204.62,3,1,1,311,Recent Customers
15159,31,4,3475.7200000000003,3,3,4,334,Loyal Customers
15160,10,3,431.11,4,3,2,432,Loyal Customers
15161,24,1,119.92,3,1,1,311,Recent Customers
15162,367,1,312.9,1,1,2,112,Lost
15164,25,6,1225.8700000000001,3,4,3,343,Loyal Customers
15165,9,1,487.75,4,1,2,412,Recent Customers
15166,103,1,167.16,2,1,1,211,Potential
15167,43,4,1496.67,3,3,3,333,Loyal Customers
15169,18,2,569.22,4,2,2,422,Recent Customers
15170,42,1,81.15,3,1,1,311,Recent Customers
15173,16,7,1494.6,4,4,3,443,Loyal Customers
15174,46,1,345.71,3,1,2,312,Recent Customers
15176,303,1,988.0400000000001,1,1,3,113,Lost
15177,61,1,948.9300000000001,2,1,3,213,Potential
15179,28,8,5284.97,3,4,4,344,Loyal Customers
15180,3,3,816.9300000000001,4,3,3,433,Loyal Customers
15181,56,2,510.72,2,2,2,222,Potential
15182,21,9,2376.102,3,4,4,344,Loyal Customers
15183,183,3,639.93,1,3,2,132,At Risk
15184,23,2,283.19,3,2,1,321,Recent Customers
15186,110,3,991.7900000000001,2,3,3,233,At Risk
15188,361,1,310.43,1,1,2,112,Lost
15189,17,5,1298.99,4,4,3,443,Loyal Customers
15190,70,1,834.4399999999999,2,1,3,213,Potential
15191,99,3,588.05,2,3,2,232,At Risk
15192,1,3,937.07,4,3,3,433,Loyal Customers
15194,4,14,4811.16,4,4,4,444,Champions
15196,68,2,316.25,2,2,2,222,Potential
15197,30,3,797.9,3,3,3,333,Loyal Customers
15198,44,3,377.71,3,3,2,332,Loyal Customers
15199,10,6,1853.7,4,4,4,444,Champions
15200,130,1,549.0500000000001,2,1,2,212,Potential
15201,75,2,606.4100000000001,2,2,2,222,Potential
15202,56,3,6001.49,2,3,4,234,At Risk
15203,26,9,2572.38,3,4,4,344,Loyal Customers
15207,52,3,683.92,3,3,2,332,Loyal Customers
15208,59,1,100.4,2,1,1,211,Potential
15209,366,1,178.98000000000002,1,1,1,111,Lost
15210,14,2,845.01,4,2,3,423,Recent Customers
15211,1,1,383.07,4,1,2,412,Recent Customers
15212,12,1,106.47999999999999,4,1,1,411,Recent Customers
15215,29,4,1687.49,3,3,3,333,Loyal Customers
15216,254,1,389.49,1,1,2,112,Lost
15217,199,1,426.24,1,1,2,112,Lost
15218,25,11,5759.68,3,4,4,344,Loyal Customers
15219,284,1,379.7,1,1,2,112,Lost
15221,2,4,2062.2,4,3,4,434,Loyal Customers
15222,108,10,2965.91,2,4,4,244,At Risk
15223,245,3,662.2,1,3,2,132,At Risk
15224,148,3,549.28,1,3,2,132,At Risk
15227,32,4,1269.0900000000001,3,3,3,333,Loyal Customers
15228,64,2,2193.56,2,2,4,224,Potential
15229,222,1,160.5,1,1,1,111,Lost
15231,257,1,250.26000000000002,1,1,1,111,Lost
15233,37,1,59.400000000000006,3,1,1,311,Recent Customers
15235,5,6,690.3000000000001,4,4,2,442,Loyal Customers
15240,10,7,2753.41,4,4,4,444,Champions
15241,66,3,1293.72,2,3,3,233,At Risk
15242,58,1,302.04,2,1,1,211,Potential
15243,71,1,610.6,2,1,2,212,Potential
15244,302,1,280.51,1,1,1,111,Lost
15245,38,5,2095.0,3,4,4,344,Loyal Customers
15246,191,1,266.25,1,1,1,111,Lost
15247,113,2,620.06,2,2,2,222,Potential
15248,47,3,1893.93,3,3,4,334,Loyal Customers
15249,66,5,2577.54,2,4,4,244,At Risk
15250,276,1,60.0,1,1,1,111,Lost
15251,50,10,9839.55,3,4,4,344,Loyal Customers
15252,57,3,1362.63,2,3,3,233,At Risk
15253,39,3,1136.89,3,3,3,333,Loyal Customers
15254,182,2,787.99,1,2,3,123,Potential
15255,32,8,2838.57,3,4,4,344,Loyal Customers
15256,197,1,71.95,1,1,1,111,Lost
15257,50,1,368.75,3,1,2,312,Recent Customers
15259,148,4,1182.3799999999999,1,3,3,133,At Risk
15260,8,20,7377.46,4,4,4,444,Champions
15261,17,3,1253.18,4,3,3,433,Loyal Customers
15262,16,2,239.87,4,2,1,421,Recent Customers
15264,166,1,454.66,1,1,2,112,Lost
15265,240,2,1839.52,1,2,4,124,Potential
15266,15,4,732.91,4,3,3,433,Loyal Customers
15268,114,3,961.9000000000001,2,3,3,233,At Risk
15269,16,2,816.5600000000001,4,2,3,423,Recent Customers
15270,36,14,6145.37,3,4,4,344,Loyal Customers
15271,1,10,2202.47,4,4,4,444,Champions
15272,86,4,1363.54,2,3,3,233,At Risk
15273,235,1,228.96,1,1,1,111,Lost
15276,30,3,514.22,3,3,2,332,Loyal Customers
15277,61,1,220.44,2,1,1,211,Potential
15278,197,4,496.16,1,3,2,132,At Risk
15279,16,4,1290.03,4,3,3,433,Loyal Customers
15280,124,2,293.09999999999997,2,2,1,221,Potential
15281,14,7,6211.42,4,4,4,444,Champions
15282,206,1,348.59,1,1,2,112,Lost
15283,26,3,148.32999999999998,3,3,1,331,Loyal Customers
15284,136,1,24.75,2,1,1,211,Potential
15285,43,1,94.92,3,1,1,311,Recent Customers
15287,15,3,369.34000000000003,4,3,2,432,Loyal Customers
15288,1,6,1576.6100000000001,4,4,3,443,Loyal Customers
15289,94,2,653.3100000000001,2,2,2,222,Potential
15290,29,8,2553.06,3,4,4,344,Loyal Customers
15291,9,26,9178.26,4,4,4,444,Champions
15293,301,1,247.5,1,1,1,111,Lost
15294,46,1,233.35,3,1,1,311,Recent Customers
15295,290,1,217.23999999999998,1,1,1,111,Lost
15296,56,6,6669.97,2,4,4,244,At Risk
15298,2,12,4659.47,4,4,4,444,Champions
15299,8,6,3484.5299999999997,4,4,4,444,Champions
15301,4,6,2533.09,4,4,4,444,Champions
15302,366,1,308.0,1,1,2,112,Lost
15303,201,2,650.16,1,2,2,122,Potential
15304,4,2,225.15,4,2,1,421,Recent Customers
15305,191,1,93.6,1,1,1,111,Lost
15306,136,6,2310.38,2,4,4,244,At Risk
15309,246,4,797.96,1,3,3,133,At Risk
15310,114,1,1634.64,2,1,3,213,Potential
15311,1,121,56003.26,4,4,4,444,Champions
15312,19,8,2005.34,3,4,4,344,Loyal Customers
15314,49,2,492.48,3,2,2,322,Recent Customers
15317,313,1,129.75,1,1,1,111,Lost
15321,73,9,3961.42,2,4,4,244,At Risk
15322,112,1,711.18,2,1,3,213,Potential
15323,198,3,434.6,1,3,2,132,At Risk
15324,337,1,140.22000000000003,1,1,1,111,Lost
15325,31,7,1439.72,3,4,3,343,Loyal Customers
15326,245,4,1388.81,1,3,3,133,At Risk
15328,43,1,107.24,3,1,1,311,Recent Customers
15329,10,8,1934.63,4,4,4,444,Champions
15331,135,3,767.91,2,3,3,233,At Risk
15332,2,6,4892.68,4,4,4,444,Champions
15336,37,1,240.5,3,1,1,311,Recent Customers
15337,47,1,373.02,3,1,2,312,Recent Customers
15338,313,1,283.43,1,1,1,111,Lost
15339,57,5,1253.77,2,4,3,243,At Risk
15340,197,1,105.5,1,1,1,111,Lost
15341,85,1,382.2,2,1,2,212,Potential
15346,61,2,343.7,2,2,2,222,Potential
15347,2,4,1162.0,4,3,3,433,Loyal Customers
15350,9,2,547.6,4,2,2,422,Recent Customers
15351,5,4,1778.18,4,3,4,434,Loyal Customers
15352,184,1,114.95,1,1,1,111,Lost
15353,3,6,2398.93,4,4,4,444,Champions
15354,239,3,284.4,1,3,1,131,At Risk
15356,4,4,698.45,4,3,2,432,Loyal Customers
15358,1,22,8703.21,4,4,4,444,Champions
15359,298,8,181.35,1,4,1,141,At Risk
15361,162,3,270.15,1,3,1,131,At Risk
15362,84,2,613.08,2,2,2,222,Potential
15363,8,2,678.11,4,2,2,422,Recent Customers
15365,39,6,2242.81,3,4,4,344,Loyal Customers
15366,45,5,1786.57,3,4,4,344,Loyal Customers
15367,54,7,3203.7400000000002,2,4,4,244,At Risk
15368,30,1,275.8,3,1,1,311,Recent Customers
15369,128,11,6251.26,2,4,4,244,At Risk
15370,46,1,1352.96,3,1,3,313,Recent Customers
15371,298,1,59.400000000000006,1,1,1,111,Lost
15372,86,7,4009.66,2,4,4,244,At Risk
15373,7,6,1005.48,4,4,3,443,Loyal Customers
15374,260,1,139.32,1,1,1,111,Lost
15375,326,1,60.959999999999994,1,1,1,111,Lost
15377,18,4,1211.75,4,3,3,433,Loyal Customers
15378,98,2,246.5,2,2,1,221,Potential
15379,36,1,1174.55,3,1,3,313,Recent Customers
15380,1,7,1788.8,4,4,4,444,Champions
15381,59,3,1293.72,2,3,3,233,At Risk
15382,10,6,7777.84,4,4,4,444,Champions
15384,17,2,1385.38,4,2,3,423,Recent Customers
15385,28,2,625.2,3,2,2,322,Recent Customers
15387,128,1,468.65,2,1,2,212,Potential
15389,36,4,2233.8,3,3,4,334,Loyal Customers
15390,32,2,1216.66,3,2,3,323,Recent Customers
15391,220,1,289.87,1,1,1,111,Lost
15392,10,3,1376.09,4,3,3,433,Loyal Customers
15393,203,3,659.48,1,3,2,132,At Risk
15394,31,7,3103.26,3,4,4,344,Loyal Customers
15396,219,1,508.20000000000005,1,1,2,112,Lost
15400,56,3,586.1,2,3,2,232,At Risk
15401,88,2,216.95,2,2,1,221,Potential
15402,23,4,1203.77,3,3,3,333,Loyal Customers
15403,127,2,170.88,2,2,1,221,Potential
15404,11,1,257.06,4,1,1,411,Recent Customers
15405,212,1,310.74,1,1,2,112,Lost
15406,89,2,465.16,2,2,2,222,Potential
15409,357,1,131.25,1,1,1,111,Lost
15410,204,2,1234.88,1,2,3,123,Potential
15413,327,5,6798.72,1,4,4,144,At Risk
15416,114,3,588.5,2,3,2,232,At Risk
15418,61,2,452.32,2,2,2,222,Potential
15420,70,6,743.0,2,4,3,243,At Risk
15421,21,6,2854.98,3,4,4,344,Loyal Customers
15422,15,5,1522.27,4,4,3,443,Loyal Customers
15423,217,2,223.39000000000001,1,2,1,121,Potential
15424,99,1,214.44,2,1,1,211,Potential
15425,36,4,1944.57,3,3,4,334,Loyal Customers
15426,5,5,1168.0,4,4,3,443,Loyal Customers
15428,23,3,668.97,3,3,2,332,Loyal Customers
15430,103,2,954.75,2,2,3,223,Potential
15431,138,1,153.24,1,1,1,111,Lost
15432,177,1,149.57,1,1,1,111,Lost
15434,10,6,1525.5800000000002,4,4,3,443,Loyal Customers
15437,276,1,193.29000000000002,1,1,1,111,Lost
15439,40,4,1269.05,3,3,3,333,Loyal Customers
15441,32,3,1254.21,3,3,3,333,Loyal Customers
15443,110,7,1939.02,2,4,4,244,At Risk
15445,226,1,171.0,1,1,1,111,Lost
15446,12,3,406.95,4,3,2,432,Loyal Customers
15447,163,4,337.71000000000004,1,3,2,132,At Risk
15448,310,1,294.17,1,1,1,111,Lost
15451,70,2,233.21,2,2,1,221,Potential
15452,26,3,1260.38,3,3,3,333,Loyal Customers
15454,254,1,128.59,1,1,1,111,Lost
15455,233,1,38.25,1,1,1,111,Lost
15456,39,7,1672.05,3,4,3,343,Loyal Customers
15458,38,1,208.8,3,1,1,311,Recent Customers
15459,53,2,202.83,3,2,1,321,Recent Customers
15461,96,2,429.7,2,2,2,222,Potential
15462,81,1,502.45,2,1,2,212,Potential
15465,5,15,5301.03,4,4,4,444,Champions
15466,25,3,1236.48,3,3,3,333,Loyal Customers
15468,28,1,962.97,3,1,3,313,Recent Customers
15469,74,1,335.70000000000005,2,1,2,212,Potential
15470,211,1,63.419999999999995,1,1,1,111,Lost
15471,16,2,847.08,4,2,3,423,Recent Customers
15473,80,1,274.8,2,1,1,211,Potential
15474,231,1,163.1,1,1,1,111,Lost
15476,16,4,2209.98,4,3,4,434,Loyal Customers
15477,285,1,368.4,1,1,2,112,Lost
15478,211,1,583.5600000000001,1,1,2,112,Lost
15479,369,1,147.4,1,1,1,111,Lost
15480,101,4,5373.5,2,3,4,234,At Risk
15481,37,1,1993.34,3,1,4,314,Recent Customers
15482,22,7,3537.6,3,4,4,344,Loyal Customers
15483,21,6,628.39,3,4,2,342,Loyal Customers
15484,176,2,1061.69,1,2,3,123,Potential
15485,9,5,3196.51,4,4,4,444,Champions
15486,163,1,102.0,1,1,1,111,Lost
15487,315,1,231.32,1,1,1,111,Lost
15488,92,4,340.6,2,3,2,232,At Risk
15489,36,5,1285.3300000000002,3,4,3,343,Loyal Customers
15490,66,1,217.6,2,1,1,211,Potential
15493,25,4,2313.18,3,3,4,334,Loyal Customers
15494,114,3,2480.82,2,3,4,234,At Risk
15495,15,1,246.5,4,1,1,411,Recent Customers
15496,267,1,146.14,1,1,1,111,Lost
15497,18,7,7395.19,4,4,4,444,Champions
15498,2,19,12723.18,4,4,4,444,Champions
15499,359,1,161.6,1,1,1,111,Lost
15501,40,2,402.5,3,2,2,322,Recent Customers
15502,4,5,3608.54,4,4,4,444,Champions
15503,362,1,120.06,1,1,1,111,Lost
15504,156,3,371.02,1,3,2,132,At Risk
15506,17,3,1060.77,4,3,3,433,Loyal Customers
15509,16,1,166.51,4,1,1,411,Recent Customers
15512,26,2,210.58,3,2,1,321,Recent Customers
15513,1,18,12992.33,4,4,4,444,Champions
15514,15,7,2459.09,4,4,4,444,Champions
15515,23,1,171.81,3,1,1,311,Recent Customers
15518,15,7,2276.49,4,4,4,444,Champions
15519,19,2,344.61,3,2,2,322,Recent Customers
15521,36,8,4106.49,3,4,4,344,Loyal Customers
15523,24,15,16947.98,3,4,4,344,Loyal Customers
15524,242,1,151.4,1,1,1,111,Lost
15525,9,2,469.78000000000003,4,2,2,422,Recent Customers
15527,30,15,3145.86,3,4,4,344,Loyal Customers
15529,2,2,1116.72,4,2,3,423,Recent Customers
15530,148,1,311.37,1,1,2,112,Lost
15532,12,6,2190.9700000000003,4,4,4,444,Champions
15534,361,1,162.25,1,1,1,111,Lost
15535,40,2,551.42,3,2,2,322,Recent Customers
15536,45,1,259.09,3,1,1,311,Recent Customers
15538,173,6,3358.4,1,4,4,144,At Risk
15540,11,1,247.38,4,1,1,411,Recent Customers
15542,148,3,918.45,1,3,3,133,At Risk
15543,95,1,114.98,2,1,1,211,Potential
15544,8,12,4615.72,4,4,4,444,Champions
15545,7,1,135.32999999999998,4,1,1,411,Recent Customers
15546,242,2,1079.1000000000001,1,2,3,123,Potential
15547,12,12,5199.55,4,4,4,444,Champions
15548,231,1,158.09,1,1,1,111,Lost
15549,57,5,652.7,2,4,2,242,At Risk
15550,14,8,1643.17,4,4,3,443,Loyal Customers
15551,30,6,1274.02,3,4,3,343,Loyal Customers
15552,259,1,162.4,1,1,1,111,Lost
15555,1,22,7307.18,4,4,4,444,Champions
15558,275,1,214.13,1,1,1,111,Lost
15559,204,1,1109.4,1,1,3,113,Lost
15560,33,2,153.52,3,2,1,321,Recent Customers
15561,19,4,1133.8,3,3,3,333,Loyal Customers
15562,60,2,538.83,2,2,2,222,Potential
15563,150,3,1466.56,1,3,3,133,At Risk
15564,99,2,70.74000000000001,2,2,1,221,Potential
15566,28,2,227.87,3,2,1,321,Recent Customers
15569,26,5,2210.64,3,4,4,344,Loyal Customers
15570,5,14,5145.52,4,4,4,444,Champions
15571,22,10,3401.2,3,4,4,344,Loyal Customers
15572,16,3,1515.81,4,3,3,433,Loyal Customers
15573,254,3,599.73,1,3,2,132,At Risk
15574,8,3,816.4499999999999,4,3,3,433,Loyal Customers
15575,255,1,30.1,1,1,1,111,Lost
15577,359,2,139.1,1,2,1,121,Potential
15579,19,3,953.9,3,3,3,333,Loyal Customers
15580,12,8,1381.19,4,4,3,443,Loyal Customers
15581,2,26,4114.62,4,4,4,444,Champions
15583,12,1,107.86,4,1,1,411,Recent Customers
15584,35,2,552.39,3,2,2,322,Recent Customers
15586,228,3,1139.1000000000001,1,3,3,133,At Risk
15587,28,3,608.4,3,3,2,332,Loyal Customers
15588,313,1,579.6,1,1,2,112,Lost
15590,18,5,1496.6,4,4,3,443,Loyal Customers
15591,218,3,217.9,1,3,1,131,At Risk
15595,123,1,357.59999999999997,2,1,2,212,Potential
15596,1,5,1723.45,4,4,4,444,Champions
15597,211,1,238.8,1,1,1,111,Lost
15598,63,1,307.34,2,1,1,211,Potential
15599,81,1,488.32,2,1,2,212,Potential
15600,64,4,1199.31,2,3,3,233,At Risk
15601,8,17,8183.56,4,4,4,444,Champions
15602,4,8,1932.64,4,4,4,444,Champions
15603,284,1,40.0,1,1,1,111,Lost
15605,9,5,738.57,4,4,3,443,Loyal Customers
15606,26,8,2310.83,3,4,4,344,Loyal Customers
15607,179,8,1604.21,1,4,3,143,At Risk
15608,51,1,692.3,3,1,2,312,Recent Customers
15611,19,13,1405.83,3,4,3,343,Loyal Customers
15613,246,1,433.71999999999997,1,1,2,112,Lost
15614,73,4,3147.36,2,3,4,234,At Risk
15615,26,24,10974.23,3,4,4,344,Loyal Customers
15616,74,1,317.11,2,1,2,212,Potential
15617,32,3,828.5500000000001,3,3,3,333,Loyal Customers
15620,45,1,389.18,3,1,2,312,Recent Customers
15622,63,8,4143.05,2,4,4,244,At Risk
15623,29,7,2136.02,3,4,4,344,Loyal Customers
15625,12,5,1702.1399999999999,4,4,3,443,Loyal Customers
15626,57,1,391.72,2,1,2,212,Potential
15627,93,2,566.9,2,2,2,222,Potential
15628,2,9,2782.02,4,4,4,444,Champions
15629,86,4,2240.9,2,3,4,234,At Risk
15630,280,1,295.05,1,1,1,111,Lost
15631,278,1,596.67,1,1,2,112,Lost
15633,145,13,4352.46,1,4,4,144,At Risk
15634,19,1,311.1,3,1,2,312,Recent Customers
15635,31,1,100.35,3,1,1,311,Recent Customers
15636,73,2,719.82,2,2,3,223,Potential
15637,49,4,574.23,3,3,2,332,Loyal Customers
15638,14,6,2265.2,4,4,4,444,Champions
15639,87,2,639.76,2,2,2,222,Potential
15640,8,15,11441.92,4,4,4,444,Champions
15641,32,8,3458.35,3,4,4,344,Loyal Customers
15642,365,1,105.78,1,1,1,111,Lost
15645,50,2,443.16,3,2,2,322,Recent Customers
15646,8,3,526.97,4,3,2,432,Loyal Customers
15647,51,1,169.0,3,1,1,311,Recent Customers
15649,3,3,1354.35,4,3,3,433,Loyal Customers
15650,157,2,553.88,1,2,2,122,Potential
15651,56,2,612.76,2,2,2,222,Potential
15652,23,4,1082.6,3,3,3,333,Loyal Customers
15658,8,4,1399.3700000000001,4,3,3,433,Loyal Customers
15659,22,2,226.04,3,2,1,321,Recent Customers
15660,1,7,1212.13,4,4,3,443,Loyal Customers
15661,15,6,906.15,4,4,3,443,Loyal Customers
15662,297,2,283.73,1,2,1,121,Potential
15664,85,3,867.6,2,3,3,233,At Risk
15665,47,3,1773.11,3,3,4,334,Loyal Customers
15666,108,2,632.94,2,2,2,222,Potential
15670,192,1,152.15,1,1,1,111,Lost
15672,361,1,45.300000000000004,1,1,1,111,Lost
15673,87,5,3533.77,2,4,4,244,At Risk
15674,53,8,4501.63,3,4,4,344,Loyal Customers
15675,40,1,218.35,3,1,1,311,Recent Customers
15677,57,2,648.4,2,2,2,222,Potential
15678,31,2,1541.19,3,2,3,323,Recent Customers
15680,2,8,3173.9,4,4,4,444,Champions
15681,15,9,1563.54,4,4,3,443,Loyal Customers
15682,235,2,318.24,1,2,2,122,Potential
15683,109,1,330.79,2,1,2,212,Potential
15684,183,3,173.95,1,3,1,131,At Risk
15685,86,1,55.980000000000004,2,1,1,211,Potential
15686,56,1,90.0,2,1,1,211,Potential
15688,54,1,190.57,2,1,1,211,Potential
15689,253,1,266.93,1,1,1,111,Lost
15691,30,3,434.5,3,3,2,332,Loyal Customers
15693,295,1,37.5,1,1,1,111,Lost
15694,1,12,4331.41,4,4,4,444,Champions
15695,233,2,721.0600000000001,1,2,3,123,Potential
15696,59,5,1170.1100000000001,2,4,3,243,At Risk
15697,325,1,246.75,1,1,1,111,Lost
15698,260,1,46.2,1,1,1,111,Lost
15702,112,2,140.39,2,2,1,221,Potential
15704,138,2,1524.3400000000001,1,2,3,123,Potential
15708,5,3,1014.48,4,3,3,433,Loyal Customers
15709,225,1,194.6,1,1,1,111,Lost
15710,53,1,898.87,3,1,3,313,Recent Customers
15711,192,2,420.25,1,2,2,122,Potential
15712,15,7,2400.05,4,4,4,444,Champions
15713,2,3,654.09,4,3,2,432,Loyal Customers
15714,89,3,453.93,2,3,2,232,At Risk
15715,191,5,658.02,1,4,2,142,At Risk
15716,5,8,1938.0,4,4,4,444,Champions
15717,57,4,456.70000000000005,2,3,2,232,At Risk
15718,176,1,293.79,1,1,1,111,Lost
15719,17,18,5177.45,4,4,4,444,Champions
15720,186,1,143.19,1,1,1,111,Lost
15722,81,6,3035.54,2,4,4,244,At Risk
15723,47,3,744.55,3,3,3,333,Loyal Customers
15724,36,1,92.6,3,1,1,311,Recent Customers
15726,26,1,321.91,3,1,2,312,Recent Customers
15727,23,8,4266.55,3,4,4,344,Loyal Customers
15728,15,2,544.6,4,2,2,422,Recent Customers
15729,36,2,107.55000000000001,3,2,1,321,Recent Customers
15730,17,2,605.7,4,2,2,422,Recent Customers
15731,189,1,125.3,1,1,1,111,Lost
15732,8,9,1387.95,4,4,3,443,Loyal Customers
15734,72,2,923.85,2,2,3,223,Potential
15735,57,1,327.68,2,1,2,212,Potential
15736,71,2,1815.72,2,2,4,224,Potential
15738,8,26,8560.55,4,4,4,444,Champions
15741,94,2,208.62,2,2,1,221,Potential
15742,255,1,156.87,1,1,1,111,Lost
15747,11,6,1588.57,4,4,3,443,Loyal Customers
15748,85,2,465.45,2,2,2,222,Potential
15750,2,12,4331.711,4,4,4,444,Champions
15751,96,11,1380.44,2,4,3,243,At Risk
15752,8,3,1570.16,4,3,3,433,Loyal Customers
15754,129,6,2579.04,2,4,4,244,At Risk
15755,15,11,3628.87,4,4,4,444,Champions
15757,22,4,2225.94,3,3,4,334,Loyal Customers
15759,147,4,577.89,1,3,2,132,At Risk
15760,266,2,13916.34,1,2,4,124,Potential
15761,78,1,143.05,2,1,1,211,Potential
15764,70,2,1223.1100000000001,2,2,3,223,Potential
15765,302,1,370.63,1,1,2,112,Lost
15766,92,2,516.0,2,2,2,222,Potential
15768,112,31,14979.26,2,4,4,244,At Risk
15769,7,21,32451.6,4,4,4,444,Champions
15770,248,1,321.45,1,1,2,112,Lost
15771,240,3,1006.54,1,3,3,133,At Risk
15772,54,1,280.88,2,1,1,211,Potential
15773,45,1,138.84,3,1,1,311,Recent Customers
15774,54,5,1059.14,2,4,3,243,At Risk
15775,267,1,45.599999999999994,1,1,1,111,Lost
15777,32,3,715.5,3,3,3,333,Loyal Customers
15778,67,1,307.95000000000005,2,1,1,211,Potential
15779,99,2,124.08000000000001,2,2,1,221,Potential
15782,66,1,1399.36,2,1,3,213,Potential
15784,103,2,848.33,2,2,3,223,Potential
15785,15,11,3640.96,4,4,4,444,Champions
15786,53,2,3582.62,3,2,4,324,Recent Customers
15788,144,1,221.83,1,1,1,111,Lost
15789,67,5,1610.71,2,4,3,243,At Risk
15791,165,3,1995.65,1,3,4,134,At Risk
15792,35,2,933.84,3,2,3,323,Recent Customers
15793,14,5,1433.96,4,4,3,443,Loyal Customers
15794,372,2,777.0,1,2,3,123,Potential
15795,66,7,1369.8600000000001,2,4,3,243,At Risk
15796,10,9,2464.27,4,4,4,444,Champions
15797,217,2,613.6800000000001,1,2,2,122,Potential
15798,128,3,1535.37,2,3,3,233,At Risk
15799,54,1,540.15,2,1,2,212,Potential
15800,89,5,543.5,2,4,2,242,At Risk
15803,81,3,1513.84,2,3,3,233,At Risk
15805,21,13,4660.75,3,4,4,344,Loyal Customers
15807,44,2,913.62,3,2,3,323,Recent Customers
15808,5,18,14674.960000000001,4,4,4,444,Champions
15809,95,2,758.6700000000001,2,2,3,223,Potential
15810,22,4,1607.06,3,3,3,333,Loyal Customers
15811,1,2,1671.9,4,2,3,423,Recent Customers
15812,71,7,3400.33,2,4,4,244,At Risk
15814,29,2,689.11,3,2,2,322,Recent Customers
15816,178,2,144.15,1,2,1,121,Potential
15817,56,3,2766.4,2,3,4,234,At Risk
15818,224,1,340.5,1,1,2,112,Lost
15819,67,6,2029.3400000000001,2,4,4,244,At Risk
15822,129,4,954.59,2,3,3,233,At Risk
15823,8,3,3882.17,4,3,4,434,Loyal Customers
15824,89,2,890.94,2,2,3,223,Potential
15826,204,1,943.97,1,1,3,113,Lost
15827,8,16,1957.98,4,4,4,444,Champions
15828,11,1,1108.82,4,1,3,413,Recent Customers
15833,373,1,80.4,1,1,1,111,Lost
15834,12,3,1539.24,4,3,3,433,Loyal Customers
15837,121,1,385.03000000000003,2,1,2,212,Potential
15838,3,16,40519.92,4,4,4,444,Champions
15841,22,5,1518.35,3,4,3,343,Loyal Customers
15842,29,2,548.8000000000001,3,2,2,322,Recent Customers
15845,172,3,714.51,1,3,3,133,At Risk
15846,21,1,107.01,3,1,1,311,Recent Customers
15847,64,3,433.3,2,3,2,232,At Risk
15848,257,1,139.94,1,1,1,111,Lost
15850,12,4,819.87,4,3,3,433,Loyal Customers
15851,162,1,109.73,1,1,1,111,Lost
15852,162,1,96.55,1,1,1,111,Lost
15854,12,9,2609.16,4,4,4,444,Champions
15855,112,1,340.48,2,1,2,212,Potential
15856,1,26,17832.77,4,4,4,444,Champions
15857,66,1,273.48,2,1,1,211,Potential
15858,3,9,2521.52,4,4,4,444,Champions
15859,68,1,438.46,2,1,2,212,Potential
15860,4,10,1528.0,4,4,3,443,Loyal Customers
15861,92,4,1236.43,2,3,3,233,At Risk
15862,9,10,2095.41,4,4,4,444,Champions
15863,253,3,289.86,1,3,1,131,At Risk
15864,17,1,244.44,4,1,1,411,Recent Customers
15865,49,2,1353.79,3,2,3,323,Recent Customers
15867,5,17,5251.31,4,4,4,444,Champions
15868,219,1,94.53,1,1,1,111,Lost
15869,262,1,174.02,1,1,1,111,Lost
15870,32,3,508.52000000000004,3,3,2,332,Loyal Customers
15871,73,1,33.099999999999994,2,1,1,211,Potential
15872,14,2,434.75,4,2,2,422,Recent Customers
15873,135,4,313.91999999999996,2,3,2,232,At Risk
15874,23,14,6878.88,3,4,4,344,Loyal Customers
15875,282,1,111.72,1,1,1,111,Lost
15876,45,2,1449.14,3,2,3,323,Recent Customers
15878,197,2,330.77,1,2,2,122,Potential
15879,40,4,1157.3,3,3,3,333,Loyal Customers
15880,5,1,343.28,4,1,2,412,Recent Customers
15882,4,6,979.62,4,4,3,443,Loyal Customers
15884,68,2,249.70000000000002,2,2,1,221,Potential
15885,19,12,1572.47,3,4,3,343,Loyal Customers
15886,52,3,871.78,3,3,3,333,Loyal Customers
15887,42,3,1027.15,3,3,3,333,Loyal Customers
15888,36,2,260.85,3,2,1,321,Recent Customers
15889,5,7,1359.41,4,4,3,443,Loyal Customers
15890,30,5,535.65,3,4,2,342,Loyal Customers
15892,305,1,128.2,1,1,1,111,Lost
15893,117,1,305.28000000000003,2,1,1,211,Potential
15894,5,1,156.74,4,1,1,411,Recent Customers
15898,3,22,4207.43,4,4,4,444,Champions
15899,4,1,56.25,4,1,1,411,Recent Customers
15900,49,3,549.29,3,3,2,332,Loyal Customers
15901,87,4,339.34,2,3,2,232,At Risk
15902,16,1,145.01,4,1,1,411,Recent Customers
15903,14,5,3813.08,4,4,4,444,Champions
15905,179,1,114.69,1,1,1,111,Lost
15906,10,3,987.95,4,3,3,433,Loyal Customers
15908,126,2,764.57,2,2,3,223,Potential
15910,36,7,1449.62,3,4,3,343,Loyal Customers
15911,259,8,1702.34,1,4,3,143,At Risk
15912,72,7,810.08,2,4,3,243,At Risk
15913,170,1,6.300000000000001,1,1,1,111,Lost
15914,14,2,205.99,4,2,1,421,Recent Customers
15915,37,1,429.21,3,1,2,312,Recent Customers
15916,2,7,1899.08,4,4,4,444,Champions
15917,242,4,437.53,1,3,2,132,At Risk
15918,267,1,248.65,1,1,1,111,Lost
15919,4,1,270.72,4,1,1,411,Recent Customers
15920,60,5,404.14,2,4,2,242,At Risk
15921,32,3,466.08,3,3,2,332,Loyal Customers
15922,9,1,369.5,4,1,2,412,Recent Customers
15923,8,1,127.08,4,1,1,411,Recent Customers
15924,367,1,102.82,1,1,1,111,Lost
15926,178,1,134.44,1,1,1,111,Lost
15927,283,1,123.39000000000001,1,1,1,111,Lost
15928,292,1,293.53,1,1,1,111,Lost
15929,280,1,594.0,1,1,2,112,Lost
15931,64,1,239.9,2,1,1,211,Potential
15934,53,2,2190.66,3,2,4,324,Recent Customers
15936,15,2,282.79,4,2,1,421,Recent Customers
15938,92,4,330.23,2,3,2,232,At Risk
15939,10,1,2945.38,4,1,4,414,Recent Customers
15941,273,1,405.0,1,1,2,112,Lost
15943,285,2,271.28999999999996,1,2,1,121,Potential
15944,29,3,1839.14,3,3,4,334,Loyal Customers
15945,1,4,646.27,4,3,2,432,Loyal Customers
15946,138,3,2304.18,1,3,4,134,At Risk
15948,60,1,553.85,2,1,2,212,Potential
15950,11,6,5415.2,4,4,4,444,Champions
15951,17,1,304.95,4,1,1,411,Recent Customers
15953,5,11,2010.17,4,4,4,444,Champions
15954,225,1,190.75,1,1,1,111,Lost
15955,8,9,4242.1,4,4,4,444,Champions
15956,187,2,617.6,1,2,2,122,Potential
15957,56,2,501.21,2,2,2,222,Potential
15958,39,3,388.64,3,3,2,332,Loyal Customers
15959,318,3,579.49,1,3,2,132,At Risk
15960,10,4,410.95,4,3,2,432,Loyal Customers
15961,15,1,451.28999999999996,4,1,2,412,Recent Customers
15962,85,1,295.83,2,1,1,211,Potential
15964,299,1,272.96000000000004,1,1,1,111,Lost
15965,3,10,2167.45,4,4,4,444,Champions
15966,86,1,426.53,2,1,2,212,Potential
15967,15,10,2622.77,4,4,4,444,Champions
15968,24,1,418.05,3,1,2,312,Recent Customers
15969,61,2,460.95,2,2,2,222,Potential
15970,234,1,703.22,1,1,2,112,Lost
15971,21,6,1702.98,3,4,3,343,Loyal Customers
15972,92,5,1810.27,2,4,4,244,At Risk
15973,2,3,680.62,4,3,2,432,Loyal Customers
15976,46,4,1315.7,3,3,3,333,Loyal Customers
15978,68,2,2180.64,2,2,4,224,Potential
15979,238,1,329.21999999999997,1,1,2,112,Lost
15980,126,4,4194.82,2,3,4,234,At Risk
15981,37,13,5954.29,3,4,4,344,Loyal Customers
15982,241,1,324.51,1,1,2,112,Lost
15983,1,6,2483.8,4,4,4,444,Champions
15984,4,21,5921.65,4,4,4,444,Champions
15985,72,5,1572.8600000000001,2,4,3,243,At Risk
15986,17,1,186.3,4,1,1,411,Recent Customers
15987,4,2,230.85,4,2,1,421,Recent Customers
15988,187,2,612.0600000000001,1,2,2,122,Potential
15989,11,2,372.51,4,2,2,422,Recent Customers
15990,130,5,1217.94,2,4,3,243,At Risk
15991,170,1,150.55,1,1,1,111,Lost
15992,32,2,854.61,3,2,3,323,Recent Customers
15994,47,2,775.11,3,2,3,323,Recent Customers
15995,50,1,696.19,3,1,2,312,Recent Customers
15996,2,2,626.22,4,2,2,422,Recent Customers
15998,29,11,5218.37,3,4,4,344,Loyal Customers
15999,371,1,20.4,1,1,1,111,Lost
16001,17,1,583.39,4,1,2,412,Recent Customers
16002,261,1,169.21,1,1,1,111,Lost
16003,17,5,2878.46,4,4,4,444,Champions
16004,110,5,2146.39,2,4,4,244,At Risk
16005,11,6,1820.83,4,4,4,444,Champions
16006,23,1,245.77,3,1,1,311,Recent Customers
16007,19,3,1373.2,3,3,3,333,Loyal Customers
16008,18,12,4905.35,4,4,4,444,Champions
16010,12,8,1316.56,4,4,3,443,Loyal Customers
16011,2,14,2517.75,4,4,4,444,Champions
16012,37,2,1574.5,3,2,3,323,Recent Customers
16013,7,39,20315.84,4,4,4,444,Champions
16014,44,2,467.89,3,2,2,322,Recent Customers
16016,2,4,1025.18,4,3,3,433,Loyal Customers
16017,53,4,1341.95,3,3,3,333,Loyal Customers
16018,32,2,289.23,3,2,1,321,Recent Customers
16019,17,18,13679.61,4,4,4,444,Champions
16021,31,2,532.25,3,2,2,322,Recent Customers
16024,47,2,232.96,3,2,1,321,Recent Customers
16027,93,9,1113.74,2,4,3,243,At Risk
16028,231,1,82.2,1,1,1,111,Lost
16029,8,47,41184.3,4,4,4,444,Champions
16032,92,6,1970.45,2,4,4,244,At Risk
16033,5,8,2019.73,4,4,4,444,Champions
16034,30,3,491.02,3,3,2,332,Loyal Customers
16035,196,1,217.73,1,1,1,111,Lost
16036,60,2,1797.92,2,2,4,224,Potential
16037,180,2,654.32,1,2,2,122,Potential
16039,59,2,456.4,2,2,2,222,Potential
16040,66,4,1103.3500000000001,2,3,3,233,At Risk
16042,15,3,1067.85,4,3,3,433,Loyal Customers
16043,15,4,1082.6,4,3,3,433,Loyal Customers
16044,71,1,340.84000000000003,2,1,2,212,Potential
16045,52,4,2094.23,3,3,4,334,Loyal Customers
16046,198,1,235.78,1,1,1,111,Lost
16047,318,1,107.14,1,1,1,111,Lost
16048,9,4,818.7900000000001,4,3,3,433,Loyal Customers
16049,11,3,787.89,4,3,3,433,Loyal Customers
16050,19,2,162.8,3,2,1,321,Recent Customers
16051,317,1,188.44,1,1,1,111,Lost
16053,49,4,2122.89,3,3,4,334,Loyal Customers
16054,54,3,1327.98,2,3,3,233,At Risk
16057,155,3,1591.73,1,3,3,133,At Risk
16058,42,1,62.7,3,1,1,311,Recent Customers
16059,3,7,1757.91,4,4,4,444,Champions
16060,36,3,541.95,3,3,2,332,Loyal Customers
16061,67,1,89.65,2,1,1,211,Potential
16062,15,4,1709.83,4,3,3,433,Loyal Customers
16064,361,1,111.0,1,1,1,111,Lost
16065,1,8,2010.53,4,4,4,444,Champions
16067,198,3,3395.29,1,3,4,134,At Risk
16068,229,1,122.93,1,1,1,111,Lost
16069,53,1,457.7,3,1,2,312,Recent Customers
16071,163,3,750.5600000000001,1,3,3,133,At Risk
16072,64,3,3744.57,2,3,4,234,At Risk
16074,26,1,265.25,3,1,1,311,Recent Customers
16075,138,2,736.9300000000001,1,2,3,123,Potential
16077,261,1,2300.4,1,1,4,114,Lost
16078,305,1,283.79,1,1,1,111,Lost
16080,21,2,385.4,3,2,2,322,Recent Customers
16081,2,4,1653.28,4,3,3,433,Loyal Customers
16082,306,1,106.75,1,1,1,111,Lost
16083,18,2,1033.8,4,2,3,423,Recent Customers
16085,16,7,1362.02,4,4,3,443,Loyal Customers
16086,3,6,1743.6,4,4,4,444,Champions
16087,25,5,1739.92,3,4,4,344,Loyal Customers
16088,211,2,1437.43,1,2,3,123,Potential
16089,22,2,271.44,3,2,1,321,Recent Customers
16090,260,1,205.91,1,1,1,111,Lost
16092,140,3,770.08,1,3,3,133,At Risk
16094,11,7,2617.33,4,4,4,444,Champions
16095,92,1,447.05,2,1,2,212,Potential
16096,52,3,1264.3500000000001,3,3,3,333,Loyal Customers
16098,9,8,2442.47,4,4,4,444,Champions
16099,53,4,841.3,3,3,3,333,Loyal Customers
16100,98,1,582.64,2,1,2,212,Potential
16101,70,3,1938.46,2,3,4,234,At Risk
16103,25,16,4762.07,3,4,4,344,Loyal Customers
16104,54,8,2476.25,2,4,4,244,At Risk
16105,74,4,2049.23,2,3,4,234,At Risk
16108,70,3,1393.42,2,3,3,233,At Risk
16109,334,1,327.59999999999997,1,1,2,112,Lost
16110,158,1,481.79,1,1,2,112,Lost
16111,64,1,562.48,2,1,2,212,Potential
16115,33,4,907.17,3,3,3,333,Loyal Customers
16117,38,2,422.19,3,2,2,322,Recent Customers
16118,288,1,4376.25,1,1,4,114,Lost
16119,30,6,1297.45,3,4,3,343,Loyal Customers
16120,58,2,1747.77,2,2,4,224,Potential
16121,26,3,609.98,3,3,2,332,Loyal Customers
16122,2,3,316.92,4,3,2,432,Loyal Customers
16124,54,3,1523.49,2,3,3,233,At Risk
16125,3,14,4298.3,4,4,4,444,Champions
16126,15,11,8359.03,4,4,4,444,Champions
16127,362,1,145.06,1,1,1,111,Lost
16128,16,6,1920.8300000000002,4,4,4,444,Champions
16129,43,3,1396.05,3,3,3,333,Loyal Customers
16130,58,4,987.48,2,3,3,233,At Risk
16131,11,6,6450.88,4,4,4,444,Champions
16132,180,2,664.1999999999999,1,2,2,122,Potential
16133,12,23,8403.22,4,4,4,444,Champions
16134,59,3,1527.25,2,3,3,233,At Risk
16135,219,1,301.9,1,1,1,111,Lost
16136,299,1,237.42000000000002,1,1,1,111,Lost
16137,316,1,422.7,1,1,2,112,Lost
16138,14,3,910.35,4,3,3,433,Loyal Customers
16139,358,2,475.74,1,2,2,122,Potential
16140,7,2,832.4200000000001,4,2,3,423,Recent Customers
16141,53,1,335.54,3,1,2,312,Recent Customers
16143,5,7,2485.89,4,4,4,444,Champions
16145,24,8,3005.9500000000003,3,4,4,344,Loyal Customers
16146,84,1,212.25,2,1,1,211,Potential
16147,36,4,2023.91,3,3,4,334,Loyal Customers
16148,72,1,310.3,2,1,2,212,Potential
16149,65,1,141.7,2,1,1,211,Potential
16150,8,6,2342.57,4,4,4,444,Champions
16153,56,6,3309.26,2,4,4,244,At Risk
16155,17,5,796.9,4,4,3,443,Loyal Customers
16156,18,11,3096.14,4,4,4,444,Champions
16158,158,9,628.32,1,4,2,142,At Risk
16159,106,3,884.59,2,3,3,233,At Risk
16161,4,25,7256.24,4,4,4,444,Champions
16163,1,5,1992.98,4,4,4,444,Champions
16165,141,1,79.9,1,1,1,111,Lost
16166,64,2,435.83,2,2,2,222,Potential
16167,50,5,1386.12,3,4,3,343,Loyal Customers
16168,5,40,6848.87,4,4,4,444,Champions
16170,31,14,4983.95,3,4,4,344,Loyal Customers
16172,109,3,744.34,2,3,3,233,At Risk
16174,127,4,1237.2,2,3,3,233,At Risk
16175,107,3,798.85,2,3,3,233,At Risk
16176,57,4,2052.69,2,3,4,234,At Risk
16177,72,7,1915.3600000000001,2,4,4,244,At Risk
16178,37,1,414.7,3,1,2,312,Recent Customers
16180,114,5,5995.69,2,4,4,244,At Risk
16182,74,5,3354.0,2,4,4,244,At Risk
16183,30,3,739.1,3,3,3,333,Loyal Customers
16185,200,1,115.31,1,1,1,111,Lost
16186,8,15,5019.17,4,4,4,444,Champions
16188,44,1,105.80000000000001,3,1,1,311,Recent Customers
16190,30,7,2508.4700000000003,3,4,4,344,Loyal Customers
16191,11,11,10507.5,4,4,4,444,Champions
16192,371,1,351.3,1,1,2,112,Lost
16193,46,1,315.98,3,1,2,312,Recent Customers
16194,11,1,308.6,4,1,2,412,Recent Customers
16195,359,1,323.25,1,1,2,112,Lost
16196,124,1,93.3,2,1,1,211,Potential
16197,105,9,2016.71,2,4,4,244,At Risk
16198,73,1,629.36,2,1,2,212,Potential
16199,28,7,942.75,3,4,3,343,Loyal Customers
16200,18,10,4562.83,4,4,4,444,Champions
16201,51,1,248.65,3,1,1,311,Recent Customers
16202,53,8,2136.72,3,4,4,344,Loyal Customers
16203,8,3,521.64,4,3,2,432,Loyal Customers
16204,16,2,538.53,4,2,2,422,Recent Customers
16205,32,3,1069.23,3,3,3,333,Loyal Customers
16206,23,9,2065.26,3,4,4,344,Loyal Customers
16208,30,8,2776.19,3,4,4,344,Loyal Customers
16209,18,4,1884.16,4,3,4,434,Loyal Customers
16210,4,19,17403.21,4,4,4,444,Champions
16211,57,2,543.5699999999999,2,2,2,222,Potential
16212,254,2,603.37,1,2,2,122,Potential
16214,71,1,975.5,2,1,3,213,Potential
16218,9,7,1355.29,4,4,3,443,Loyal Customers
16219,136,1,40.8,2,1,1,211,Potential
16221,3,7,1370.65,4,4,3,443,Loyal Customers
16222,357,1,498.50000000000006,1,1,2,112,Lost
16223,10,2,1102.3500000000001,4,2,3,423,Recent Customers
16224,23,1,321.24,3,1,2,312,Recent Customers
16225,38,10,1771.0900000000001,3,4,4,344,Loyal Customers
16226,14,2,417.05,4,2,2,422,Recent Customers
16227,130,2,713.0,2,2,3,223,Potential
16228,21,3,890.81,3,3,3,333,Loyal Customers
16229,17,4,1857.26,4,3,4,434,Loyal Customers
16231,15,4,1078.22,4,3,3,433,Loyal Customers
16232,56,3,1722.09,2,3,3,233,At Risk
16233,2,7,1429.03,4,4,3,443,Loyal Customers
16234,112,3,333.18,2,3,2,232,At Risk
16235,11,4,1186.4,4,3,3,433,Loyal Customers
16237,73,1,136.65,2,1,1,211,Potential
16238,58,1,63.66,2,1,1,211,Potential
16239,18,4,1078.0,4,3,3,433,Loyal Customers
16241,5,4,1721.44,4,3,3,433,Loyal Customers
16242,17,7,3871.19,4,4,4,444,Champions
16244,8,1,1056.63,4,1,3,413,Recent Customers
16246,95,2,827.25,2,2,3,223,Potential
16250,9,2,401.94,4,2,2,422,Recent Customers
16251,148,1,128.31,1,1,1,111,Lost
16252,18,1,295.09000000000003,4,1,1,411,Recent Customers
16253,56,5,3626.29,2,4,4,244,At Risk
16254,14,3,985.14,4,3,3,433,Loyal Customers
16255,1,8,2286.89,4,4,4,444,Champions
16256,129,2,876.9399999999999,2,2,3,223,Potential
16258,23,10,6739.01,3,4,4,344,Loyal Customers
16259,46,3,361.94,3,3,2,332,Loyal Customers
16261,22,2,312.62,3,2,2,322,Recent Customers
16262,14,1,755.15,4,1,3,413,Recent Customers
16263,59,1,351.01,2,1,2,212,Potential
16264,74,2,837.53,2,2,3,223,Potential
16265,22,3,1488.17,3,3,3,333,Loyal Customers
16266,59,7,896.06,2,4,3,243,At Risk
16267,227,1,186.66,1,1,1,111,Lost
16269,73,1,717.57,2,1,3,213,Potential
16271,93,5,2033.78,2,4,4,244,At Risk
16273,284,2,336.03999999999996,1,2,2,122,Potential
16274,9,1,357.95,4,1,2,412,Recent Customers
16275,110,2,1591.24,2,2,3,223,Potential
16276,115,2,1818.79,2,2,4,224,Potential
16277,369,1,188.69,1,1,1,111,Lost
16278,116,2,551.46,2,2,2,222,Potential
16279,21,6,4195.5,3,4,4,344,Loyal Customers
16280,361,1,238.05,1,1,1,111,Lost
16281,59,2,1361.96,2,2,3,223,Potential
16282,123,2,1139.28,2,2,3,223,Potential
16283,54,3,2833.01,2,3,4,234,At Risk
16284,29,1,205.8,3,1,1,311,Recent Customers
16285,282,1,176.9,1,1,1,111,Lost
16286,113,2,328.95,2,2,2,222,Potential
16287,12,4,864.48,4,3,3,433,Loyal Customers
16288,106,1,129.85,2,1,1,211,Potential
16289,98,1,136.31,2,1,1,211,Potential
16290,100,4,2069.3,2,3,4,234,At Risk
16291,318,1,117.72,1,1,1,111,Lost
16292,16,4,951.51,4,3,3,433,Loyal Customers
16293,3,6,2408.96,4,4,4,444,Champions
16294,112,1,126.05000000000001,2,1,1,211,Potential
16296,262,4,1313.67,1,3,3,133,At Risk
16298,33,4,487.5,3,3,2,332,Loyal Customers
16299,113,1,193.65,2,1,1,211,Potential
16300,66,3,1392.43,2,3,3,233,At Risk
16301,372,1,107.33,1,1,1,111,Lost
16303,28,4,2567.64,3,3,4,334,Loyal Customers
16304,330,1,381.66,1,1,2,112,Lost
16306,3,2,560.55,4,2,2,422,Recent Customers
16307,65,3,1194.92,2,3,3,233,At Risk
16308,42,3,2560.0,3,3,4,334,Loyal Customers
16310,50,2,460.08,3,2,2,322,Recent Customers
16312,68,1,171.15,2,1,1,211,Potential
16314,25,3,1491.4,3,3,3,333,Loyal Customers
16315,172,1,176.34,1,1,1,111,Lost
16316,16,5,2806.0,4,4,4,444,Champions
16317,186,2,850.86,1,2,3,123,Potential
16320,89,4,4590.53,2,3,4,234,At Risk
16321,262,2,230.9,1,2,1,121,Potential
16323,213,1,146.16,1,1,1,111,Lost
16325,60,9,3003.26,2,4,4,244,At Risk
16326,19,10,1716.03,3,4,3,343,Loyal Customers
16327,5,11,6887.12,4,4,4,444,Champions
16328,199,1,310.83,1,1,2,112,Lost
16329,63,4,1703.07,2,3,3,233,At Risk
16330,60,4,382.42,2,3,2,232,At Risk
16331,68,6,2037.7,2,4,4,244,At Risk
16332,67,4,417.21,2,3,2,232,At Risk
16334,128,1,277.48,2,1,1,211,Potential
16335,187,7,2774.0,1,4,4,144,At Risk
16336,56,4,3517.69,2,3,4,234,At Risk
16340,75,2,976.99,2,2,3,223,Potential
16341,73,3,1878.92,2,3,4,234,At Risk
16343,43,1,316.59,3,1,2,312,Recent Customers
16344,145,3,741.3199999999999,1,3,3,133,At Risk
16345,119,1,623.33,2,1,2,212,Potential
16346,21,1,224.51,3,1,1,311,Recent Customers
16347,24,9,2621.76,3,4,4,344,Loyal Customers
16348,66,1,328.77,2,1,2,212,Potential
16350,10,5,1137.42,4,4,3,443,Loyal Customers
16351,47,12,3176.13,3,4,4,344,Loyal Customers
16353,5,16,3323.75,4,4,4,444,Champions
16354,15,3,733.71,4,3,3,433,Loyal Customers
16355,11,1,416.35,4,1,2,412,Recent Customers
16356,12,3,204.10000000000002,4,3,1,431,Loyal Customers
16357,17,1,209.49,4,1,1,411,Recent Customers
16358,30,1,892.1500000000001,3,1,3,313,Recent Customers
16359,12,7,946.83,4,4,3,443,Loyal Customers
16362,73,1,212.17000000000002,2,1,1,211,Potential
16365,3,7,1766.78,4,4,4,444,Champions
16366,218,3,1220.83,1,3,3,133,At Risk
16367,19,1,557.91,3,1,2,312,Recent Customers
16368,71,1,142.78,2,1,1,211,Potential
16369,72,4,1111.15,2,3,3,233,At Risk
16371,84,1,157.2,2,1,1,211,Potential
16372,45,3,960.68,3,3,3,333,Loyal Customers
16373,18,2,309.49,4,2,2,422,Recent Customers
16374,38,3,1298.42,3,3,3,333,Loyal Customers
16375,106,2,104.0,2,2,1,221,Potential
16377,253,1,632.28,1,1,2,112,Lost
16381,31,2,258.7,3,2,1,321,Recent Customers
16382,44,2,353.1,3,2,2,322,Recent Customers
16383,32,5,2306.48,3,4,4,344,Loyal Customers
16384,65,2,774.45,2,2,3,223,Potential
16385,2,3,474.72,4,3,2,432,Loyal Customers
16386,23,1,785.39,3,1,3,313,Recent Customers
16387,31,4,824.19,3,3,3,333,Loyal Customers
16388,289,1,186.05,1,1,1,111,Lost
16390,172,3,467.5,1,3,2,132,At Risk
16391,36,4,1103.61,3,3,3,333,Loyal Customers
16392,49,2,541.86,3,2,2,322,Recent Customers
16393,5,11,2515.45,4,4,4,444,Champions
16395,29,9,2050.95,3,4,4,344,Loyal Customers
16396,112,1,137.8,2,1,1,211,Potential
16397,264,1,127.88,1,1,1,111,Lost
16399,25,1,233.25,3,1,1,311,Recent Customers
16400,31,8,2855.5099999999998,3,4,4,344,Loyal Customers
16401,15,11,2750.83,4,4,4,444,Champions
16402,5,1,211.8,4,1,1,411,Recent Customers
16406,86,2,389.61,2,2,2,222,Potential
16407,25,4,694.72,3,3,2,332,Loyal Customers
16408,227,1,231.93,1,1,1,111,Lost
16409,16,7,3680.16,4,4,4,444,Champions
16410,370,1,130.32,1,1,1,111,Lost
16411,5,3,695.54,4,3,2,432,Loyal Customers
16412,29,4,495.4,3,3,2,332,Loyal Customers
16413,11,1,266.78000000000003,4,1,1,411,Recent Customers
16414,67,3,433.46,2,3,2,232,At Risk
16415,219,2,509.09000000000003,1,2,2,122,Potential
16416,26,6,1921.48,3,4,4,344,Loyal Customers
16417,128,1,35.7,2,1,1,211,Potential
16418,44,2,426.67,3,2,2,322,Recent Customers
16419,213,2,515.19,1,2,2,122,Potential
16420,32,1,75.0,3,1,1,311,Recent Customers
16421,12,3,526.27,4,3,2,432,Loyal Customers
16422,5,59,28967.07,4,4,4,444,Champions
16424,18,1,309.5,4,1,2,412,Recent Customers
16428,49,3,660.28,3,3,2,332,Loyal Customers
16430,17,6,817.09,4,4,3,443,Loyal Customers
16433,44,1,200.26,3,1,1,311,Recent Customers
16434,82,5,1219.49,2,4,3,243,At Risk
16435,148,3,1011.5699999999999,1,3,3,133,At Risk
16436,304,3,329.34,1,3,2,132,At Risk
16437,17,2,301.25,4,2,1,421,Recent Customers
16439,358,1,310.70000000000005,1,1,2,112,Lost
16440,129,1,216.3,2,1,1,211,Potential
16441,53,3,653.23,3,3,2,332,Loyal Customers
16442,240,2,282.68,1,2,1,121,Potential
16443,156,1,162.24,1,1,1,111,Lost
16444,26,13,3001.91,3,4,4,344,Loyal Customers
16445,22,3,372.22,3,3,2,332,Loyal Customers
16447,226,2,516.13,1,2,2,122,Potential
16448,107,1,178.98000000000002,2,1,1,211,Potential
16450,220,2,1193.81,1,2,3,123,Potential
16451,197,2,746.1800000000001,1,2,3,123,Potential
16452,266,2,332.17,1,2,2,122,Potential
16453,166,2,251.71,1,2,1,121,Potential
16454,242,2,24.05,1,2,1,121,Potential
16455,7,6,2543.19,4,4,4,444,Champions
16456,9,9,4704.54,4,4,4,444,Champions
16458,11,12,2232.6,4,4,4,444,Champions
16459,365,1,71.78999999999999,1,1,1,111,Lost
16461,226,2,1463.8,1,2,3,123,Potential
16465,56,2,746.24,2,2,3,223,Potential
16466,19,8,2235.13,3,4,4,344,Loyal Customers
16467,144,7,2869.16,1,4,4,144,At Risk
16468,106,2,712.62,2,2,3,223,Potential
16469,150,1,178.48000000000002,1,1,1,111,Lost
16470,32,7,1696.21,3,4,3,343,Loyal Customers
16471,29,3,966.03,3,3,3,333,Loyal Customers
16472,70,2,789.6,2,2,3,223,Potential
16473,10,1,154.72,4,1,1,411,Recent Customers
16476,67,1,350.35,2,1,2,212,Potential
16477,7,5,1825.56,4,4,4,444,Champions
16481,318,1,453.38,1,1,2,112,Lost
16485,68,4,1931.03,2,3,4,234,At Risk
16486,173,1,134.36,1,1,1,111,Lost
16487,213,2,209.4,1,2,1,121,Potential
16489,16,2,303.7,4,2,1,421,Recent Customers
16490,72,1,205.41000000000003,2,1,1,211,Potential
16491,49,1,801.66,3,1,3,313,Recent Customers
16492,176,1,385.56,1,1,2,112,Lost
16493,80,3,780.46,2,3,3,233,At Risk
16496,67,3,731.25,2,3,3,233,At Risk
16497,49,17,3729.59,3,4,4,344,Loyal Customers
16499,10,6,2212.89,4,4,4,444,Champions
16500,10,3,443.05,4,3,2,432,Loyal Customers
16501,19,1,1237.23,3,1,3,313,Recent Customers
16502,256,2,266.5,1,2,1,121,Potential
16503,31,7,2182.41,3,4,4,344,Loyal Customers
16507,208,1,152.76,1,1,1,111,Lost
16508,266,1,248.8,1,1,1,111,Lost
16510,8,6,1851.9,4,4,4,444,Champions
16511,33,3,868.76,3,3,3,333,Loyal Customers
16515,15,5,1589.17,4,4,3,443,Loyal Customers
16518,57,2,475.05,2,2,2,222,Potential
16519,1,3,341.18,4,3,2,432,Loyal Customers
16520,1,4,1436.05,4,3,3,433,Loyal Customers
16521,51,3,1148.01,3,3,3,333,Loyal Customers
16522,71,2,433.36,2,2,2,222,Potential
16523,51,7,2497.86,3,4,4,344,Loyal Customers
16524,82,2,308.14,2,2,2,222,Potential
16525,2,23,11555.19,4,4,4,444,Champions
16526,220,1,426.85,1,1,2,112,Lost
16527,60,1,1044.38,2,1,3,213,Potential
16529,113,3,1556.75,2,3,3,233,At Risk
16530,304,1,48.35,1,1,1,111,Lost
16531,17,4,1053.74,4,3,3,433,Loyal Customers
16532,67,2,2007.84,2,2,4,224,Potential
16534,278,1,635.9,1,1,2,112,Lost
16535,21,2,407.84,3,2,2,322,Recent Customers
16537,277,1,23.35,1,1,1,111,Lost
16538,177,3,399.62,1,3,2,132,At Risk
16539,9,7,2343.2,4,4,4,444,Champions
16540,50,1,226.70000000000002,3,1,1,311,Recent Customers
16541,371,1,424.03,1,1,2,112,Lost
16542,37,1,137.7,3,1,1,311,Recent Customers
16543,227,1,292.21,1,1,1,111,Lost
16544,155,4,376.70000000000005,1,3,2,132,At Risk
16545,11,1,350.52,4,1,2,412,Recent Customers
16546,8,4,4819.32,4,3,4,434,Loyal Customers
16547,182,1,111.71,1,1,1,111,Lost
16548,235,1,30.15,1,1,1,111,Lost
16549,33,24,9027.55,3,4,4,344,Loyal Customers
16550,4,14,7136.16,4,4,4,444,Champions
16551,59,4,1315.0,2,3,3,233,At Risk
16552,9,1,95.28999999999999,4,1,1,411,Recent Customers
16553,32,21,10924.19,3,4,4,344,Loyal Customers
16554,22,5,2004.6200000000001,3,4,4,344,Loyal Customers
16555,141,4,1629.79,1,3,3,133,At Risk
16556,11,10,4698.79,4,4,4,444,Champions
16558,2,19,5535.02,4,4,4,444,Champions
16559,33,1,185.20000000000002,3,1,1,311,Recent Customers
16560,33,6,2206.9700000000003,3,4,4,344,Loyal Customers
16562,112,1,223.86,2,1,1,211,Potential
16563,36,5,3345.02,3,4,4,344,Loyal Customers
16564,205,1,87.80000000000001,1,1,1,111,Lost
16565,42,3,599.35,3,3,2,332,Loyal Customers
16568,63,2,1020.9,2,2,3,223,Potential
16569,267,4,1331.03,1,3,3,133,At Risk
16570,15,10,3695.91,4,4,4,444,Champions
16571,31,7,2827.05,3,4,4,344,Loyal Customers
16574,59,2,850.34,2,2,3,223,Potential
16576,56,2,540.87,2,2,2,222,Potential
16577,302,1,380.0,1,1,2,112,Lost
16578,262,1,156.6,1,1,1,111,Lost
16579,61,1,295.05,2,1,1,211,Potential
16583,9,2,297.95,4,2,1,421,Recent Customers
16584,68,3,2227.59,2,3,4,234,At Risk
16585,229,2,341.59000000000003,1,2,2,122,Potential
16586,80,2,998.83,2,2,3,223,Potential
16588,22,4,1361.28,3,3,3,333,Loyal Customers
16589,86,1,153.12,2,1,1,211,Potential
16590,36,2,605.9,3,2,2,322,Recent Customers
16592,11,12,3694.23,4,4,4,444,Champions
16593,26,5,741.11,3,4,3,343,Loyal Customers
16595,12,4,1450.02,4,3,3,433,Loyal Customers
16596,2,3,329.48,4,3,2,432,Loyal Customers
16599,21,1,172.8,3,1,1,311,Recent Customers
16600,10,7,1339.89,4,4,3,443,Loyal Customers
16601,26,2,439.45,3,2,2,322,Recent Customers
16602,24,1,235.25,3,1,1,311,Recent Customers
16604,198,2,432.45000000000005,1,2,2,122,Potential
16605,360,1,60.48,1,1,1,111,Lost
16606,40,2,357.66,3,2,2,322,Recent Customers
16607,35,11,2359.16,3,4,4,344,Loyal Customers
16608,89,2,1288.72,2,2,3,223,Potential
16611,39,5,1655.64,3,4,3,343,Loyal Customers
16612,15,5,2057.77,4,4,4,444,Champions
16614,38,2,673.6,3,2,2,322,Recent Customers
16615,262,1,291.5,1,1,1,111,Lost
16619,19,3,1712.1200000000001,3,3,3,333,Loyal Customers
16620,25,4,1579.97,3,3,3,333,Loyal Customers
16622,179,1,225.4,1,1,1,111,Lost
16623,37,3,885.79,3,3,3,333,Loyal Customers
16625,58,4,1320.95,2,3,3,233,At Risk
16628,43,2,130.05,3,2,1,321,Recent Customers
16630,43,1,106.80000000000001,3,1,1,311,Recent Customers
16631,117,7,1892.52,2,4,4,244,At Risk
16632,121,2,406.4,2,2,2,222,Potential
16634,8,5,1596.71,4,4,3,443,Loyal Customers
16635,42,1,473.0,3,1,2,312,Recent Customers
16636,74,4,3802.04,2,3,4,234,At Risk
16638,4,6,749.8100000000001,4,4,3,443,Loyal Customers
16639,45,1,490.47,3,1,2,312,Recent Customers
16640,33,1,179.4,3,1,1,311,Recent Customers
16641,337,1,323.4,1,1,2,112,Lost
16642,51,1,389.12,3,1,2,312,Recent Customers
16643,58,1,435.6,2,1,2,212,Potential
16645,371,1,160.39,1,1,1,111,Lost
16646,85,1,678.8,2,1,2,212,Potential
16647,78,2,327.84,2,2,2,222,Potential
16648,91,2,382.14,2,2,2,222,Potential
16649,156,1,306.58,1,1,1,111,Lost
16650,56,6,1397.69,2,4,3,243,At Risk
16651,222,1,136.2,1,1,1,111,Lost
16652,40,9,10776.42,3,4,4,344,Loyal Customers
16654,4,5,1110.2,4,4,3,443,Loyal Customers
16655,47,7,2753.85,3,4,4,344,Loyal Customers
16656,56,15,8207.37,2,4,4,244,At Risk
16658,4,6,690.83,4,4,2,442,Loyal Customers
16660,58,3,611.9,2,3,2,232,At Risk
16661,176,4,986.63,1,3,3,133,At Risk
16662,30,1,163.8,3,1,1,311,Recent Customers
16663,365,1,165.0,1,1,1,111,Lost
16664,205,1,109.2,1,1,1,111,Lost
16666,257,1,106.96,1,1,1,111,Lost
16668,23,7,555.7,3,4,2,342,Loyal Customers
16670,29,9,3934.25,3,4,4,344,Loyal Customers
16673,315,1,188.83,1,1,1,111,Lost
16675,77,2,608.86,2,2,2,222,Potential
16676,38,2,769.78,3,2,3,323,Recent Customers
16677,47,2,880.62,3,2,3,323,Recent Customers
16679,2,3,663.31,4,3,2,432,Loyal Customers
16680,164,2,637.75,1,2,2,122,Potential
16681,277,1,151.5,1,1,1,111,Lost
16683,169,1,320.25,1,1,2,112,Lost
16684,15,27,80489.21,4,4,4,444,Champions
16686,25,9,2008.09,3,4,4,344,Loyal Customers
16687,26,1,157.63,3,1,1,311,Recent Customers
16690,29,2,127.45,3,2,1,321,Recent Customers
16691,54,2,178.83,2,2,1,221,Potential
16692,44,2,638.6999999999999,3,2,2,322,Recent Customers
16693,47,3,717.45,3,3,3,333,Loyal Customers
16694,359,1,98.30000000000001,1,1,1,111,Lost
16695,197,2,193.15,1,2,1,121,Potential
16699,16,7,994.6,4,4,3,443,Loyal Customers
16700,2,13,4091.16,4,4,4,444,Champions
16701,59,13,4518.43,2,4,4,244,At Risk
16702,51,4,1110.83,3,3,3,333,Loyal Customers
16704,254,2,695.66,1,2,2,122,Potential
16705,36,22,29480.061,3,4,4,344,Loyal Customers
16707,36,4,551.11,3,3,2,332,Loyal Customers
16709,15,9,6057.59,4,4,4,444,Champions
16710,4,13,3866.05,4,4,4,444,Champions
16711,15,4,1217.45,4,3,3,433,Loyal Customers
16712,37,2,621.5600000000001,3,2,2,322,Recent Customers
16713,2,18,7637.56,4,4,4,444,Champions
16714,306,1,368.27,1,1,2,112,Lost
16715,198,1,323.8,1,1,2,112,Lost
16716,266,1,1248.48,1,1,3,113,Lost
16717,2,9,3127.85,4,4,4,444,Champions
16718,5,5,3023.78,4,4,4,444,Champions
16719,4,8,2182.88,4,4,4,444,Champions
16720,12,2,640.24,4,2,2,422,Recent Customers
16722,2,11,4258.27,4,4,4,444,Champions
16723,79,2,712.48,2,2,3,223,Potential
16724,40,1,147.35,3,1,1,311,Recent Customers
16725,7,8,1101.09,4,4,3,443,Loyal Customers
16726,19,2,706.39,3,2,3,323,Recent Customers
16727,28,3,1164.6,3,3,3,333,Loyal Customers
16731,284,1,174.05,1,1,1,111,Lost
16732,39,3,3783.89,3,3,4,334,Loyal Customers
16733,165,1,259.68,1,1,1,111,Lost
16735,29,9,3970.0,3,4,4,344,Loyal Customers
16736,141,5,2956.56,1,4,4,144,At Risk
16737,213,1,417.6,1,1,2,112,Lost
16739,172,1,463.43,1,1,2,112,Lost
16740,31,1,236.81,3,1,1,311,Recent Customers
16741,261,1,173.06,1,1,1,111,Lost
16742,128,13,2387.71,2,4,4,244,At Risk
16743,92,7,2015.17,2,4,4,244,At Risk
16746,19,24,11368.74,3,4,4,344,Loyal Customers
16748,24,9,2121.43,3,4,4,344,Loyal Customers
16749,227,2,4387.08,1,2,4,124,Potential
16752,8,1,207.5,4,1,1,411,Recent Customers
16754,8,29,65500.07,4,4,4,444,Champions
16755,103,4,1403.75,2,3,3,233,At Risk
16756,40,6,1072.97,3,4,3,343,Loyal Customers
16757,45,1,163.65,3,1,1,311,Recent Customers
16760,66,1,228.0,2,1,1,211,Potential
16763,374,1,352.85,1,1,2,112,Lost
16765,18,1,420.75,4,1,2,412,Recent Customers
16767,54,4,2493.2,2,3,4,234,At Risk
16768,19,6,1230.03,3,4,3,343,Loyal Customers
16769,114,3,761.36,2,3,3,233,At Risk
16770,8,5,1162.03,4,4,3,443,Loyal Customers
16771,93,5,1720.79,2,4,3,243,At Risk
16772,59,3,3723.55,2,3,4,234,At Risk
16773,72,2,249.65,2,2,1,221,Potential
16774,59,4,932.93,2,3,3,233,At Risk
16775,3,6,1361.23,4,4,3,443,Loyal Customers
16776,51,1,231.57,3,1,1,311,Recent Customers
16777,49,3,1081.41,3,3,3,333,Loyal Customers
16779,2,32,22638.52,4,4,4,444,Champions
16780,43,1,180.36,3,1,1,311,Recent Customers
16781,8,2,623.0,4,2,2,422,Recent Customers
16782,1,26,8158.51,4,4,4,444,Champions
16783,72,1,391.95,2,1,2,212,Potential
16784,12,4,788.9300000000001,4,3,3,433,Loyal Customers
16785,45,1,533.78,3,1,2,312,Recent Customers
16786,29,1,51.84,3,1,1,311,Recent Customers
16787,33,4,1035.43,3,3,3,333,Loyal Customers
16788,40,3,1352.82,3,3,3,333,Loyal Customers
16791,19,8,2316.91,3,4,4,344,Loyal Customers
16792,19,3,513.08,3,3,2,332,Loyal Customers
16794,16,5,868.1999999999999,4,4,3,443,Loyal Customers
16795,1,3,2077.5099999999998,4,3,4,434,Loyal Customers
16797,29,5,1827.77,3,4,4,344,Loyal Customers
16798,190,3,848.71,1,3,3,133,At Risk
16799,68,2,495.98,2,2,2,222,Potential
16802,315,2,582.61,1,2,2,122,Potential
16805,213,3,636.65,1,3,2,132,At Risk
16807,106,3,1002.29,2,3,3,233,At Risk
16809,68,4,812.74,2,3,3,233,At Risk
16810,56,1,532.5,2,1,2,212,Potential
16812,14,3,1912.65,4,3,4,434,Loyal Customers
16814,5,16,5990.610000000001,4,4,4,444,Champions
16815,89,2,410.97,2,2,2,222,Potential
16817,4,5,1200.15,4,4,3,443,Loyal Customers
16819,101,2,182.59,2,2,1,221,Potential
16821,17,1,113.35,4,1,1,411,Recent Customers
16822,322,1,181.39,1,1,1,111,Lost
16823,23,6,1901.71,3,4,4,344,Loyal Customers
16824,29,1,225.6,3,1,1,311,Recent Customers
16825,14,3,1051.71,4,3,3,433,Loyal Customers
16827,29,5,392.13,3,4,2,342,Loyal Customers
16829,24,1,316.1,3,1,2,312,Recent Customers
16830,78,3,881.59,2,3,3,233,At Risk
16831,200,1,91.8,1,1,1,111,Lost
16832,64,2,218.46,2,2,1,221,Potential
16833,75,2,1302.51,2,2,3,223,Potential
16834,310,1,485.5,1,1,2,112,Lost
16835,9,5,1357.56,4,4,3,443,Loyal Customers
16836,42,2,530.5,3,2,2,322,Recent Customers
16838,166,2,570.76,1,2,2,122,Potential
16839,5,11,5716.14,4,4,4,444,Champions
16840,239,2,139.85,1,2,1,121,Potential
16841,64,6,2136.2400000000002,2,4,4,244,At Risk
16843,58,19,9374.86,2,4,4,244,At Risk
16844,198,2,614.34,1,2,2,122,Potential
16845,254,1,253.88,1,1,1,111,Lost
16846,213,2,628.09,1,2,2,122,Potential
16847,254,1,421.45,1,1,2,112,Lost
16848,12,3,1130.2,4,3,3,433,Loyal Customers
16854,53,2,1408.96,3,2,3,323,Recent Customers
16856,53,2,323.09000000000003,3,2,2,322,Recent Customers
16857,78,1,352.8,2,1,2,212,Potential
16858,4,10,4292.59,4,4,4,444,Champions
16859,52,5,1184.6,3,4,3,343,Loyal Customers
16860,88,3,1610.62,2,3,3,233,At Risk
16861,26,3,772.83,3,3,3,333,Loyal Customers
16862,183,4,662.33,1,3,2,132,At Risk
16863,2,2,495.72,4,2,2,422,Recent Customers
16864,70,2,409.25,2,2,2,222,Potential
16865,37,1,130.95,3,1,1,311,Recent Customers
16867,325,1,76.74000000000001,1,1,1,111,Lost
16868,30,3,393.39,3,3,2,332,Loyal Customers
16870,105,1,450.16,2,1,2,212,Potential
16872,63,3,533.11,2,3,2,232,At Risk
16873,65,6,7493.77,2,4,4,244,At Risk
16874,15,1,217.74,4,1,1,411,Recent Customers
16875,73,6,2139.0,2,4,4,244,At Risk
16876,39,1,136.01,3,1,1,311,Recent Customers
16880,129,1,321.78000000000003,2,1,2,212,Potential
16883,7,18,2119.86,4,4,4,444,Champions
16884,192,2,644.08,1,2,2,122,Potential
16885,21,1,239.23,3,1,1,311,Recent Customers
16886,92,1,134.0,2,1,1,211,Potential
16887,36,2,465.84000000000003,3,2,2,322,Recent Customers
16888,36,3,437.15,3,3,2,332,Loyal Customers
16889,33,3,952.23,3,3,3,333,Loyal Customers
16890,112,3,285.41,2,3,1,231,At Risk
16891,7,7,1247.1200000000001,4,4,3,443,Loyal Customers
16892,190,2,236.56,1,2,1,121,Potential
16893,2,2,255.84,4,2,1,421,Recent Customers
16894,138,3,1324.06,1,3,3,133,At Risk
16895,74,4,902.28,2,3,3,233,At Risk
16896,191,1,103.95,1,1,1,111,Lost
16898,4,3,507.56,4,3,2,432,Loyal Customers
16899,14,2,439.46000000000004,4,2,2,422,Recent Customers
16901,365,1,204.26,1,1,1,111,Lost
16903,16,2,689.04,4,2,2,422,Recent Customers
16904,3,7,1378.1,4,4,3,443,Loyal Customers
16905,7,11,1931.72,4,4,4,444,Champions
16906,64,3,869.03,2,3,3,233,At Risk
16907,1,5,726.25,4,4,3,443,Loyal Customers
16908,358,1,252.59,1,1,1,111,Lost
16911,271,2,255.25,1,2,1,121,Potential
16912,57,4,1904.93,2,3,4,234,At Risk
16913,287,2,310.47,1,2,2,122,Potential
16915,22,5,921.5,3,4,3,343,Loyal Customers
16916,8,3,547.14,4,3,2,432,Loyal Customers
16917,268,1,1466.31,1,1,3,113,Lost
16918,58,10,2144.47,2,4,4,244,At Risk
16919,4,14,2529.46,4,4,4,444,Champions
16920,47,1,355.45,3,1,2,312,Recent Customers
16921,78,2,276.88,2,2,1,221,Potential
16922,208,1,611.08,1,1,2,112,Lost
16923,11,13,6130.75,4,4,4,444,Champions
16925,176,1,125.65,1,1,1,111,Lost
16926,7,5,1191.1,4,4,3,443,Loyal Customers
16928,9,13,1265.63,4,4,3,443,Loyal Customers
16931,5,3,629.4,4,3,2,432,Loyal Customers
16932,59,2,278.77,2,2,1,221,Potential
16933,25,7,2618.02,3,4,4,344,Loyal Customers
16934,19,4,1160.06,3,3,3,333,Loyal Customers
16935,17,3,535.1,4,3,2,432,Loyal Customers
16936,21,1,288.49,3,1,1,311,Recent Customers
16937,135,1,202.1,2,1,1,211,Potential
16938,17,5,4306.8,4,4,4,444,Champions
16939,124,3,449.0,2,3,2,232,At Risk
16940,86,5,3377.78,2,4,4,244,At Risk
16941,247,1,33.0,1,2,1,121,Potential
16943,175,2,482.76,1,2,2,122,Potential
16944,245,1,101.36,1,2,1,121,Potential
16945,29,14,4202.66,3,4,4,344,Loyal Customers
16946,19,5,1222.04,3,4,3,343,Loyal Customers
16947,98,4,548.73,2,3,2,232,At Risk
16948,65,4,433.75,2,3,2,232,At Risk
16950,3,8,2605.81,4,4,4,444,Champions
16952,77,3,631.17,2,3,2,232,At Risk
16954,15,11,3996.7999999999997,4,4,4,444,Champions
16955,4,4,790.74,4,3,3,433,Loyal Customers
16958,71,1,809.44,2,2,3,223,Potential
16960,26,5,1536.3799999999999,3,4,3,343,Loyal Customers
16961,24,2,560.39,3,2,2,322,Recent Customers
16962,45,1,251.04,3,2,1,321,Recent Customers
16964,369,2,207.85,1,2,1,121,Potential
16970,262,1,71.4,1,2,1,121,Potential
16972,18,2,786.25,4,2,3,423,Recent Customers
16973,22,1,127.0,3,2,1,321,Recent Customers
16974,158,2,365.5,1,2,2,122,Potential
16975,59,3,926.12,2,3,3,233,At Risk
16977,31,4,496.0,3,3,2,332,Loyal Customers
16978,302,2,424.55,1,2,2,122,Potential
16979,19,3,1007.74,3,3,3,333,Loyal Customers
16980,64,1,394.37,2,2,2,222,Potential
16983,5,5,1778.97,4,4,4,444,Champions
16984,40,7,6273.45,3,4,4,344,Loyal Customers
16985,12,13,5459.04,4,4,4,444,Champions
16986,81,9,3015.55,2,4,4,244,At Risk
16987,12,4,910.85,4,3,3,433,Loyal Customers
16988,15,1,256.55,4,2,1,421,Recent Customers
16990,58,1,165.0,2,2,1,221,Potential
16991,57,1,1041.21,2,2,3,223,Potential
16992,23,8,3862.19,3,4,4,344,Loyal Customers
16993,99,2,1950.95,2,2,4,224,Potential
16996,18,3,666.6500000000001,4,3,2,432,Loyal Customers
16998,80,1,107.0,2,2,1,221,Potential
17000,32,2,406.3,3,2,2,322,Recent Customers
17001,12,8,2651.23,4,4,4,444,Champions
17002,79,4,1077.82,2,3,3,233,At Risk
17003,38,4,830.16,3,3,3,333,Loyal Customers
17004,28,2,1012.22,3,2,3,323,Recent Customers
17005,106,2,742.36,2,2,3,223,Potential
17006,28,4,854.54,3,3,3,333,Loyal Customers
17007,73,1,230.17000000000002,2,2,1,221,Potential
17008,65,1,81.36,2,2,1,221,Potential
17009,187,1,242.06,1,2,1,121,Potential
17011,283,2,400.8,1,2,2,122,Potential
17012,361,1,384.16,1,2,2,122,Potential
17016,212,1,552.4,1,2,2,122,Potential
17017,1,13,5416.35,4,4,4,444,Champions
17018,23,4,1367.6,3,3,3,333,Loyal Customers
17019,4,8,2739.59,4,4,4,444,Champions
17020,178,2,935.62,1,2,3,123,Potential
17021,78,6,1182.22,2,4,3,243,At Risk
17022,68,1,189.0,2,2,1,221,Potential
17023,53,3,800.1800000000001,3,3,3,333,Loyal Customers
17025,9,4,1152.8700000000001,4,3,3,433,Loyal Customers
17026,5,2,54.15,4,2,1,421,Recent Customers
17027,82,3,436.82,2,3,2,232,At Risk
17028,217,3,1593.83,1,3,3,133,At Risk
17029,18,5,1421.3,4,4,3,443,Loyal Customers
17031,14,4,2393.5,4,3,4,434,Loyal Customers
17032,183,8,3004.6,1,4,4,144,At Risk
17033,33,1,302.65000000000003,3,2,1,321,Recent Customers
17034,45,2,538.4,3,2,2,322,Recent Customers
17035,227,2,180.06,1,2,1,121,Potential
17036,19,1,176.9,3,2,1,321,Recent Customers
17038,51,1,630.77,3,2,2,322,Recent Customers
17039,240,1,1954.99,1,2,4,124,Potential
17040,186,1,13.52,1,2,1,121,Potential
17041,33,3,604.71,3,3,2,332,Loyal Customers
17043,11,4,881.37,4,3,3,433,Loyal Customers
17044,10,11,11013.82,4,4,4,444,Champions
17045,12,2,488.24,4,2,2,422,Recent Customers
17046,80,4,1264.05,2,3,3,233,At Risk
17047,67,3,1188.33,2,3,3,233,At Risk
17048,73,4,1146.33,2,3,3,233,At Risk
17049,11,10,4287.5,4,4,4,444,Champions
17050,11,5,1462.95,4,4,3,443,Loyal Customers
17051,82,3,467.25,2,3,2,232,At Risk
17055,81,1,239.55,2,2,1,221,Potential
17056,374,1,128.60000000000002,1,2,1,121,Potential
17057,232,1,294.74,1,2,1,121,Potential
17059,5,5,2507.4900000000002,4,4,4,444,Champions
17062,1,4,669.85,4,3,2,432,Loyal Customers
17063,43,6,2177.39,3,4,4,344,Loyal Customers
17065,273,2,194.7,1,2,1,121,Potential
17066,362,1,228.34,1,2,1,121,Potential
17067,360,3,454.54,1,3,2,132,At Risk
17068,4,27,4608.94,4,4,4,444,Champions
17069,9,6,3084.58,4,4,4,444,Champions
17070,46,1,133.18,3,2,1,321,Recent Customers
17071,17,4,1372.17,4,3,3,433,Loyal Customers
17072,261,1,282.05,1,2,1,121,Potential
17074,198,1,203.05,1,2,1,121,Potential
17075,65,6,1407.61,2,4,3,243,At Risk
17076,28,3,401.67,3,3,2,332,Loyal Customers
17077,214,1,306.0,1,2,1,121,Potential
17080,15,5,669.91,4,4,2,442,Loyal Customers
17081,31,4,674.23,3,3,2,332,Loyal Customers
17082,30,4,2728.18,3,3,4,334,Loyal Customers
17083,45,6,2644.01,3,4,4,344,Loyal Customers
17084,32,1,2253.22,3,2,4,324,Recent Customers
17085,12,23,6324.76,4,4,4,444,Champions
17087,373,1,221.53,1,2,1,121,Potential
17089,22,1,128.45,3,2,1,321,Recent Customers
17090,10,6,1105.53,4,4,3,443,Loyal Customers
17091,3,11,3983.34,4,4,4,444,Champions
17092,73,7,3817.18,2,4,4,244,At Risk
17093,228,1,235.88,1,2,1,121,Potential
17094,59,1,100.2,2,2,1,221,Potential
17095,66,4,1248.09,2,3,3,233,At Risk
17096,19,7,2737.05,3,4,4,344,Loyal Customers
17097,1,2,386.03,4,2,2,422,Recent Customers
17098,17,3,591.07,4,3,2,432,Loyal Customers
17099,169,1,582.17,1,2,2,122,Potential
17101,30,3,885.32,3,3,3,333,Loyal Customers
17103,358,1,424.3,1,2,2,122,Potential
17104,59,1,474.03000000000003,2,2,2,222,Potential
17106,25,1,491.23,3,2,2,322,Recent Customers
17107,33,4,5259.99,3,3,4,334,Loyal Customers
17108,299,1,174.95,1,2,1,121,Potential
17109,42,2,410.42,3,2,2,322,Recent Customers
17110,156,2,347.4,1,2,2,122,Potential
17111,61,1,227.97,2,2,1,221,Potential
17112,138,1,205.17000000000002,1,2,1,121,Potential
17113,210,6,2322.59,1,4,4,144,At Risk
17115,184,4,1923.99,1,3,4,134,At Risk
17116,284,1,389.78,1,2,2,122,Potential
17121,38,1,314.74,3,2,2,322,Recent Customers
17122,24,3,432.18,3,3,2,332,Loyal Customers
17123,75,2,631.87,2,2,2,222,Potential
17126,17,4,1065.69,4,3,3,433,Loyal Customers
17127,64,5,1155.0300000000002,2,4,3,243,At Risk
17129,156,1,31.85,1,2,1,121,Potential
17132,88,2,1272.8,2,2,3,223,Potential
17133,110,5,9730.09,2,4,4,244,At Risk
17134,78,1,212.1,2,2,1,221,Potential
17135,7,4,814.4300000000001,4,3,3,433,Loyal Customers
17136,298,1,231.68,1,2,1,121,Potential
17137,52,6,1133.63,3,4,3,343,Loyal Customers
17138,25,6,4036.77,3,4,4,344,Loyal Customers
17139,25,13,8915.99,3,4,4,344,Loyal Customers
17141,54,4,754.33,2,3,3,233,At Risk
17142,40,3,704.75,3,3,2,332,Loyal Customers
17143,53,2,924.11,3,2,3,323,Recent Customers
17145,148,4,3120.91,1,3,4,134,At Risk
17146,71,10,5110.46,2,4,4,244,At Risk
17147,88,5,1485.36,2,4,3,243,At Risk
17149,87,1,143.10000000000002,2,2,1,221,Potential
17150,12,6,1375.65,4,4,3,443,Loyal Customers
17151,371,1,231.90000000000003,1,2,1,121,Potential
17152,61,1,327.0,2,2,2,222,Potential
17155,163,5,640.76,1,4,2,142,At Risk
17156,127,1,591.87,2,2,2,222,Potential
17157,116,17,4832.900000000001,2,4,4,244,At Risk
17158,183,2,713.03,1,2,3,123,Potential
17159,113,2,560.71,2,2,2,222,Potential
17160,10,11,6691.13,4,4,4,444,Champions
17161,80,1,856.01,2,2,3,223,Potential
17163,81,2,406.68,2,2,2,222,Potential
17165,17,5,1635.64,4,4,3,443,Loyal Customers
17167,15,3,867.11,4,3,3,433,Loyal Customers
17168,134,1,400.2,2,2,2,222,Potential
17169,214,1,320.95,1,2,2,122,Potential
17170,10,2,178.68,4,2,1,421,Recent Customers
17171,297,1,159.68,1,2,1,121,Potential
17172,66,2,638.81,2,2,2,222,Potential
17176,162,2,596.1899999999999,1,2,2,122,Potential
17177,141,1,119.5,1,2,1,121,Potential
17178,367,1,436.71000000000004,1,2,2,122,Potential
17179,18,3,795.47,4,3,3,433,Loyal Customers
17180,58,7,1460.95,2,4,3,243,At Risk
17181,9,2,225.45000000000002,4,2,1,421,Recent Customers
17182,58,2,321.3,2,2,2,222,Potential
17184,205,2,198.41000000000003,1,2,1,121,Potential
17185,227,3,229.46,1,3,1,131,At Risk
17187,162,1,263.76,1,2,1,121,Potential
17188,82,6,2118.7000000000003,2,4,4,244,At Risk
17189,196,3,573.23,1,3,2,132,At Risk
17190,39,5,1298.3,3,4,3,343,Loyal Customers
17191,4,11,2740.92,4,4,4,444,Champions
17192,172,1,77.83,1,2,1,121,Potential
17193,22,2,610.74,3,2,2,322,Recent Customers
17194,166,1,549.88,1,2,2,122,Potential
17195,291,1,562.98,1,2,2,122,Potential
17196,63,1,352.9,2,2,2,222,Potential
17198,1,2,521.66,4,2,2,422,Recent Customers
17199,218,1,145.12,1,2,1,121,Potential
17200,23,4,356.71,3,3,2,332,Loyal Customers
17201,159,3,899.41,1,3,3,133,At Risk
17202,56,1,160.65,2,2,1,221,Potential
17203,24,4,2012.03,3,3,4,334,Loyal Customers
17204,10,5,3940.13,4,4,4,444,Champions
17205,52,2,615.27,3,2,2,322,Recent Customers
17207,288,1,303.21999999999997,1,2,1,121,Potential
17208,31,1,115.35,3,2,1,321,Recent Customers
17209,285,3,611.6,1,3,2,132,At Risk
17210,28,1,253.37,3,2,1,321,Recent Customers
17211,5,6,1729.43,4,4,4,444,Champions
17212,94,2,567.56,2,2,2,222,Potential
17213,2,7,2401.07,4,4,4,444,Champions
17215,100,1,186.15,2,2,1,221,Potential
17216,190,1,65.05,1,2,1,121,Potential
17217,255,1,104.5,1,2,1,121,Potential
17218,4,9,2231.96,4,4,4,444,Champions
17219,52,1,144.9,3,2,1,321,Recent Customers
17220,53,7,1283.5,3,4,3,343,Loyal Customers
17221,227,3,643.39,1,3,2,132,At Risk
17222,113,5,1250.8600000000001,2,4,3,243,At Risk
17223,4,2,446.74,4,2,2,422,Recent Customers
17224,137,1,100.86000000000001,1,2,1,121,Potential
17225,217,1,131.15,1,2,1,121,Potential
17226,80,2,506.63,2,2,2,222,Potential
17227,4,7,1082.71,4,4,3,443,Loyal Customers
17228,3,7,1271.15,4,4,3,443,Loyal Customers
17230,199,10,6286.54,1,4,4,144,At Risk
17231,25,15,4022.72,3,4,4,344,Loyal Customers
17233,84,2,369.98,2,2,2,222,Potential
17235,8,7,1354.82,4,4,3,443,Loyal Customers
17236,46,6,1013.13,3,4,3,343,Loyal Customers
17237,11,2,687.39,4,2,2,422,Recent Customers
17238,7,17,4038.45,4,4,4,444,Champions
17239,23,3,806.95,3,3,3,333,Loyal Customers
17240,232,1,130.60000000000002,1,2,1,121,Potential
17241,21,12,2744.14,3,4,4,344,Loyal Customers
17242,92,3,1754.24,2,3,4,234,At Risk
17243,5,44,12213.01,4,4,4,444,Champions
17244,19,4,871.14,3,3,3,333,Loyal Customers
17245,325,1,200.18,1,2,1,121,Potential
17246,182,2,38.92,1,2,1,121,Potential
17248,117,1,227.51000000000002,2,2,1,221,Potential
17249,64,1,68.03,2,2,1,221,Potential
17251,18,2,529.15,4,2,2,422,Recent Customers
17254,37,1,198.29,3,2,1,321,Recent Customers
17255,26,2,500.72,3,2,2,322,Recent Customers
17256,117,3,258.93,2,3,1,231,At Risk
17257,72,2,192.73,2,2,1,221,Potential
17258,32,2,417.3,3,2,2,322,Recent Customers
17259,4,5,1285.97,4,4,3,443,Loyal Customers
17260,47,1,120.95,3,2,1,321,Recent Customers
17261,145,1,230.44,1,2,1,121,Potential
17262,2,7,1504.26,4,4,3,443,Loyal Customers
17264,60,1,279.59,2,2,1,221,Potential
17266,135,2,207.09,2,2,1,221,Potential
17268,81,7,970.25,2,4,3,243,At Risk
17269,21,1,537.46,3,2,2,322,Recent Customers
17270,105,2,604.4,2,2,2,222,Potential
17271,372,1,210.39,1,2,1,121,Potential
17273,60,1,141.12,2,2,1,221,Potential
17274,31,1,465.4,3,2,2,322,Recent Customers
17275,19,1,114.52,3,2,1,321,Recent Customers
17276,38,1,508.39,3,2,2,322,Recent Customers
17278,201,1,25.2,1,2,1,121,Potential
17280,74,1,118.86,2,2,1,221,Potential
17281,10,6,797.85,4,4,3,443,Loyal Customers
17282,92,2,636.25,2,2,2,222,Potential
17283,14,1,188.46,4,2,1,421,Recent Customers
17284,25,2,1140.58,3,2,3,323,Recent Customers
17285,264,2,428.34,1,2,2,122,Potential
17286,36,2,241.56,3,2,1,321,Recent Customers
17287,3,16,3047.85,4,4,4,444,Champions
17288,26,4,1080.25,3,3,3,333,Loyal Customers
17289,12,6,1134.98,4,4,3,443,Loyal Customers
17290,17,6,976.2,4,4,3,443,Loyal Customers
17292,108,2,271.75,2,2,1,221,Potential
17293,30,8,1899.1200000000001,3,4,4,344,Loyal Customers
17294,305,2,467.79,1,2,2,122,Potential
17296,366,1,338.13,1,2,2,122,Potential
17298,10,3,459.14,4,3,2,432,Loyal Customers
17299,75,2,346.97,2,2,2,222,Potential
17300,26,2,393.64,3,2,2,322,Recent Customers
17301,260,1,132.8,1,2,1,121,Potential
17304,170,1,111.5,1,2,1,121,Potential
17305,284,1,2135.46,1,2,4,124,Potential
17306,29,2,1151.04,3,2,3,323,Recent Customers
17307,31,11,3999.8900000000003,3,4,4,344,Loyal Customers
17308,29,2,4511.76,3,2,4,324,Recent Customers
17309,17,2,247.84,4,2,1,421,Recent Customers
17310,23,2,1025.1,3,2,3,323,Recent Customers
17311,28,4,2181.71,3,3,4,334,Loyal Customers
17314,29,9,2376.51,3,4,4,344,Loyal Customers
17315,11,5,3358.34,4,4,4,444,Champions
17316,56,1,124.45,2,2,1,221,Potential
17318,361,1,164.28,1,2,1,121,Potential
17319,305,1,29.099999999999998,1,2,1,121,Potential
17320,4,4,1695.15,4,3,3,433,Loyal Customers
17321,30,4,1040.32,3,3,3,333,Loyal Customers
17322,12,5,922.59,4,4,3,443,Loyal Customers
17323,43,5,644.52,3,4,2,342,Loyal Customers
17324,2,9,1311.64,4,4,3,443,Loyal Customers
17325,46,2,512.77,3,2,2,322,Recent Customers
17326,44,2,321.95,3,2,2,322,Recent Customers
17327,45,2,152.35,3,2,1,321,Recent Customers
17328,309,1,104.7,1,2,1,121,Potential
17329,367,3,481.32,1,3,2,132,At Risk
17330,180,2,59.900000000000006,1,2,1,121,Potential
17332,164,5,838.27,1,4,3,143,At Risk
17334,42,1,328.13,3,2,2,322,Recent Customers
17335,19,2,508.0,3,2,2,322,Recent Customers
17336,108,1,81.12,2,2,1,221,Potential
17338,11,9,5498.64,4,4,4,444,Champions
17339,1,2,119.0,4,2,1,421,Recent Customers
17340,2,8,10051.53,4,4,4,444,Champions
17341,2,3,1108.47,4,3,3,433,Loyal Customers
17342,15,4,1227.54,4,3,3,433,Loyal Customers
17343,12,5,1066.3,4,4,3,443,Loyal Customers
17344,364,1,307.54,1,2,1,121,Potential
17345,11,6,1066.94,4,4,3,443,Loyal Customers
17346,9,12,2646.44,4,4,4,444,Champions
17348,73,4,1316.89,2,3,3,233,At Risk
17349,16,4,741.5,4,3,3,433,Loyal Customers
17350,30,3,619.971,3,3,2,332,Loyal Customers
17351,63,9,1401.08,2,4,3,243,At Risk
17352,332,1,36.25,1,2,1,121,Potential
17353,127,2,1502.0,2,2,3,223,Potential
17354,64,3,1750.3999999999999,2,3,4,234,At Risk
17355,22,1,285.11,3,2,1,321,Recent Customers
17356,190,4,768.25,1,3,3,133,At Risk
17358,12,3,500.2,4,3,2,432,Loyal Customers
17359,284,1,156.6,1,2,1,121,Potential
17360,21,3,645.59,3,3,2,332,Loyal Customers
17361,312,2,392.44,1,2,2,122,Potential
17362,36,5,711.8100000000001,3,4,3,343,Loyal Customers
17363,31,3,940.86,3,3,3,333,Loyal Customers
17364,12,17,7589.24,4,4,4,444,Champions
17365,22,7,3423.42,3,4,4,344,Loyal Customers
17366,68,2,1096.24,2,2,3,223,Potential
17368,11,6,913.47,4,4,3,443,Loyal Customers
17369,91,1,979.2,2,2,3,223,Potential
17371,259,3,238.66,1,3,1,131,At Risk
17372,17,20,3034.88,4,4,4,444,Champions
17373,54,3,520.58,2,3,2,232,At Risk
17374,31,1,231.34,3,2,1,321,Recent Customers
17375,67,1,260.45,2,2,1,221,Potential
17376,40,2,250.44,3,2,1,321,Recent Customers
17377,1,60,14218.49,4,4,4,444,Champions
17378,10,1,10.95,4,2,1,421,Recent Customers
17380,70,3,645.0,2,3,2,232,At Risk
17381,4,12,19726.76,4,4,4,444,Champions
17382,71,7,836.88,2,4,3,243,At Risk
17383,89,1,110.7,2,2,1,221,Potential
17384,103,1,171.15,2,2,1,221,Potential
17386,21,1,126.35000000000001,3,2,1,321,Recent Customers
17388,56,7,1432.01,2,4,3,243,At Risk
17389,10,27,25391.0,4,4,4,444,Champions
17390,56,1,149.3,2,2,1,221,Potential
17392,86,1,168.65,2,2,1,221,Potential
17393,46,2,381.15000000000003,3,2,2,322,Recent Customers
17395,144,1,97.5,1,2,1,121,Potential
17396,7,7,1476.3,4,4,3,443,Loyal Customers
17397,52,1,536.77,3,2,2,322,Recent Customers
17400,217,3,2547.09,1,3,4,134,At Risk
17401,177,1,114.85,1,2,1,121,Potential
17402,5,12,2462.33,4,4,4,444,Champions
17403,86,1,118.95,2,2,1,221,Potential
17404,45,8,15874.300000000001,3,4,4,344,Loyal Customers
17406,2,11,2704.63,4,4,4,444,Champions
17407,47,1,552.9,3,2,2,322,Recent Customers
17408,136,2,283.44,2,2,1,221,Potential
17409,57,8,7021.66,2,4,4,244,At Risk
17411,22,2,646.44,3,2,2,322,Recent Customers
17412,8,10,3159.46,4,4,4,444,Champions
17413,40,2,560.14,3,2,2,322,Recent Customers
17414,59,4,1471.52,2,3,3,233,At Risk
17416,29,15,10405.03,3,4,4,344,Loyal Customers
17417,184,1,164.18,1,2,1,121,Potential
17418,23,1,206.6,3,2,1,321,Recent Customers
17419,3,8,2273.95,4,4,4,444,Champions
17420,9,4,485.6,4,3,2,432,Loyal Customers
17421,22,3,1059.41,3,3,3,333,Loyal Customers
17422,17,5,1615.39,4,4,3,443,Loyal Customers
17423,29,1,420.54,3,2,2,322,Recent Customers
17426,88,7,3040.51,2,4,4,244,At Risk
17428,4,18,14562.91,4,4,4,444,Champions
17429,32,2,832.54,3,2,3,323,Recent Customers
17430,1,3,469.40999999999997,4,3,2,432,Loyal Customers
17432,21,7,1385.6299999999999,3,4,3,343,Loyal Customers
17433,21,1,266.8,3,2,1,321,Recent Customers
17435,47,1,331.35,3,2,2,322,Recent Customers
17436,44,3,317.76,3,3,2,332,Loyal Customers
17437,165,1,373.17,1,2,2,122,Potential
17438,80,4,1034.32,2,3,3,233,At Risk
17439,291,1,325.74,1,2,2,122,Potential
17440,185,1,137.16,1,2,1,121,Potential
17441,368,1,293.35,1,2,1,121,Potential
17442,17,9,2371.7400000000002,4,4,4,444,Champions
17448,133,46,14556.970000000001,2,4,4,244,At Risk
17449,23,6,2430.29,3,4,4,344,Loyal Customers
17450,3,7,52422.3,4,4,4,444,Champions
17454,98,6,1030.41,2,4,3,243,At Risk
17456,1,2,975.5600000000001,4,2,3,423,Recent Customers
17457,15,9,4247.11,4,4,4,444,Champions
17458,17,1,213.08,4,2,1,421,Recent Customers
17460,8,12,1605.8400000000001,4,4,3,443,Loyal Customers
17463,196,2,661.5,1,2,2,122,Potential
17464,158,2,710.98,1,2,3,123,Potential
17465,61,7,2542.79,2,4,4,244,At Risk
17467,31,1,102.6,3,2,1,321,Recent Customers
17468,11,1,57.8,4,2,1,421,Recent Customers
17469,36,12,3180.28,3,4,4,344,Loyal Customers
17470,3,7,1679.8,4,4,3,443,Loyal Customers
17471,110,1,321.65000000000003,2,2,2,222,Potential
17472,264,1,224.81,1,2,1,121,Potential
17473,44,2,607.0,3,2,2,322,Recent Customers
17474,235,1,1047.0,1,2,3,123,Potential
17476,31,2,489.86,3,2,2,322,Recent Customers
17477,248,2,1144.3,1,2,3,123,Potential
17478,44,2,1272.8000000000002,3,2,3,323,Recent Customers
17479,268,1,389.26000000000005,1,2,2,122,Potential
17480,80,1,390.21,2,2,2,222,Potential
17482,123,2,778.19,2,2,3,223,Potential
17483,50,1,177.69,3,2,1,321,Recent Customers
17484,212,2,209.57,1,2,1,121,Potential
17487,364,1,160.55,1,2,1,121,Potential
17488,277,1,336.5,1,2,2,122,Potential
17490,24,2,658.1800000000001,3,2,2,322,Recent Customers
17491,3,8,2422.2,4,4,4,444,Champions
17492,114,2,747.85,2,2,3,223,Potential
17493,21,1,100.91,3,2,1,321,Recent Customers
17494,137,1,54.7,1,2,1,121,Potential
17495,26,1,309.16,3,2,2,322,Recent Customers
17496,199,3,1141.84,1,3,3,133,At Risk
17497,26,2,287.25,3,2,1,321,Recent Customers
17499,197,1,718.51,1,2,3,123,Potential
17504,16,9,6568.09,4,4,4,444,Champions
17505,186,3,1289.64,1,3,3,133,At Risk
17508,17,7,4191.92,4,4,4,444,Champions
17510,56,1,206.08,2,2,1,221,Potential
17511,3,31,84541.17,4,4,4,444,Champions
17512,88,8,2542.83,2,4,4,244,At Risk
17513,44,2,645.6,3,2,2,322,Recent Customers
17514,305,1,334.18,1,2,2,122,Potential
17515,30,5,978.4399999999999,3,4,3,343,Loyal Customers
17516,14,1,189.47,4,2,1,421,Recent Customers
17518,61,2,329.42,2,2,2,222,Potential
17519,4,10,3265.4500000000003,4,4,4,444,Champions
17521,30,2,554.85,3,2,2,322,Recent Customers
17524,74,2,394.14,2,2,2,222,Potential
17525,33,2,739.2,3,2,3,323,Recent Customers
17526,1,9,2970.14,4,4,4,444,Champions
17529,246,2,1240.25,1,2,3,123,Potential
17530,1,3,756.51,4,3,3,433,Loyal Customers
17531,163,2,970.12,1,2,3,123,Potential
17532,21,1,65.34,3,2,1,321,Recent Customers
17533,70,1,34.8,2,2,1,221,Potential
17534,87,4,1445.47,2,3,3,233,At Risk
17536,56,2,288.33,2,2,1,221,Potential
17539,253,4,1226.57,1,3,3,133,At Risk
17540,19,4,1011.7,3,3,3,333,Loyal Customers
17541,145,1,124.46,1,2,1,121,Potential
17542,277,2,170.95,1,2,1,121,Potential
17543,185,1,120.05,1,2,1,121,Potential
17544,26,3,960.69,3,3,3,333,Loyal Customers
17545,26,3,802.58,3,3,3,333,Loyal Customers
17547,11,2,727.85,4,2,3,423,Recent Customers
17548,14,3,627.96,4,3,2,432,Loyal Customers
17550,33,6,2280.48,3,4,4,344,Loyal Customers
17552,8,10,2154.88,4,4,4,444,Champions
17553,108,3,2270.0,2,3,4,234,At Risk
17555,61,3,574.48,2,3,2,232,At Risk
17556,15,1,142.77,4,2,1,421,Recent Customers
17557,368,1,34.0,1,2,1,121,Potential
17558,29,1,259.17,3,2,1,321,Recent Customers
17559,148,1,167.62,1,2,1,121,Potential
17560,31,4,1040.85,3,3,3,333,Loyal Customers
17561,26,3,554.72,3,3,2,332,Loyal Customers
17563,214,2,392.38,1,2,2,122,Potential
17565,222,1,131.83,1,2,1,121,Potential
17567,8,2,1024.55,4,2,3,423,Recent Customers
17568,269,1,382.79,1,2,2,122,Potential
17570,17,1,100.0,4,2,1,421,Recent Customers
17571,178,1,205.23999999999998,1,2,1,121,Potential
17572,9,7,496.26000000000005,4,4,2,442,Loyal Customers
17575,303,1,171.7,1,2,1,121,Potential
17576,1,23,5434.13,4,4,4,444,Champions
17577,281,2,348.75,1,2,2,122,Potential
17578,110,6,903.87,2,4,3,243,At Risk
17579,214,1,304.38,1,2,1,121,Potential
17580,12,2,329.55,4,2,2,422,Recent Customers
17581,8,20,7712.71,4,4,4,444,Champions
17582,82,4,1275.43,2,3,3,233,At Risk
17583,196,1,135.95,1,2,1,121,Potential
17584,103,4,4067.12,2,3,4,234,At Risk
17585,81,3,960.23,2,3,3,233,At Risk
17586,255,1,167.4,1,2,1,121,Potential
17587,264,1,181.66,1,2,1,121,Potential
17588,32,4,1699.35,3,3,3,333,Loyal Customers
17589,21,14,11645.7,3,4,4,344,Loyal Customers
17591,3,2,550.7,4,2,2,422,Recent Customers
17592,374,1,148.3,1,2,1,121,Potential
17593,45,6,4168.46,3,4,4,344,Loyal Customers
17594,85,2,1504.7,2,2,3,223,Potential
17596,4,7,2092.74,4,4,4,444,Champions
17597,54,4,1439.72,2,3,3,233,At Risk
17598,17,1,409.98,4,2,2,422,Recent Customers
17599,113,1,52.05,2,2,1,221,Potential
17601,16,1,305.46999999999997,4,2,1,421,Recent Customers
17602,108,8,2348.16,2,4,4,244,At Risk
17603,253,3,1398.76,1,3,3,133,At Risk
17604,58,4,636.57,2,3,2,232,At Risk
17605,226,1,160.75,1,2,1,121,Potential
17606,373,1,87.30000000000001,1,2,1,121,Potential
17607,12,1,333.81,4,2,2,422,Recent Customers
17608,85,2,305.11,2,2,1,221,Potential
17609,38,6,782.12,3,4,3,343,Loyal Customers
17610,176,5,1529.49,1,4,3,143,At Risk
17611,57,13,4387.76,2,4,4,244,At Risk
17612,15,12,3346.41,4,4,4,444,Champions
17615,23,3,403.6,3,3,2,332,Loyal Customers
17616,3,2,489.59999999999997,4,2,2,422,Recent Customers
17617,194,1,395.33,1,2,2,122,Potential
17618,19,8,3101.66,3,4,4,344,Loyal Customers
17621,40,3,1795.22,3,3,4,334,Loyal Customers
17622,233,2,1130.21,1,2,3,123,Potential
17623,45,6,1856.6200000000001,3,4,4,344,Loyal Customers
17624,73,2,725.15,2,2,3,223,Potential
17625,82,4,4020.8,2,3,4,234,At Risk
17626,238,1,254.0,1,2,1,121,Potential
17627,114,1,296.36,2,2,1,221,Potential
17629,24,2,641.4,3,2,2,322,Recent Customers
17631,10,4,470.16,4,3,2,432,Loyal Customers
17633,15,3,732.55,4,3,3,433,Loyal Customers
17635,60,3,1265.58,2,3,3,233,At Risk
17638,283,2,842.4000000000001,1,2,3,123,Potential
17639,23,5,506.67,3,4,2,342,Loyal Customers
17640,15,5,2547.28,4,4,4,444,Champions
17642,65,3,1112.2,2,3,3,233,At Risk
17643,9,2,439.7,4,2,2,422,Recent Customers
17644,30,9,3132.96,3,4,4,344,Loyal Customers
17646,1,10,3141.4,4,4,4,444,Champions
17647,305,2,198.6,1,2,1,121,Potential
17648,21,1,418.87,3,2,2,322,Recent Customers
17649,105,2,710.4,2,2,3,223,Potential
17651,134,6,1758.52,2,4,4,244,At Risk
17655,2,3,1013.54,4,3,3,433,Loyal Customers
17657,66,1,126.0,2,2,1,221,Potential
17659,8,3,835.33,4,3,3,433,Loyal Customers
17660,373,1,163.47,1,2,1,121,Potential
17662,297,2,412.92,1,2,2,122,Potential
17663,53,10,3372.92,3,4,4,344,Loyal Customers
17664,110,2,561.59,2,2,2,222,Potential
17665,129,1,563.1,2,2,2,222,Potential
17666,113,3,1319.6399999999999,2,3,3,233,At Risk
17667,71,4,1895.19,2,3,4,234,At Risk
17669,98,3,2735.63,2,3,4,234,At Risk
17671,1,2,830.63,4,2,3,423,Recent Customers
17672,53,5,2600.46,3,4,4,344,Loyal Customers
17673,11,7,2604.46,4,4,4,444,Champions
17674,4,1,300.66,4,2,1,421,Recent Customers
17675,3,40,17885.32,4,4,4,444,Champions
17676,2,5,1378.16,4,4,3,443,Loyal Customers
17677,2,28,20329.68,4,4,4,444,Champions
17678,239,1,301.65,1,2,1,121,Potential
17679,157,5,1585.5,1,4,3,143,At Risk
17680,19,2,313.05,3,2,2,322,Recent Customers
17681,233,5,731.2,1,4,3,143,At Risk
17682,4,6,1982.45,4,4,4,444,Champions
17683,21,3,819.01,3,3,3,333,Loyal Customers
17685,8,6,2751.64,4,4,4,444,Champions
17686,59,2,2557.35,2,2,4,224,Potential
17687,56,1,432.68,2,2,2,222,Potential
17688,29,1,304.2,3,2,1,321,Recent Customers
17689,24,2,317.08,3,2,2,322,Recent Customers
17690,2,8,2690.15,4,4,4,444,Champions
17691,4,3,489.65000000000003,4,3,2,432,Loyal Customers
17692,32,8,2234.86,3,4,4,344,Loyal Customers
17694,147,2,1412.85,1,2,3,123,Potential
17695,30,3,980.6999999999999,3,3,3,333,Loyal Customers
17696,18,19,5393.88,4,4,4,444,Champions
17699,112,2,442.0,2,2,2,222,Potential
17700,17,10,4145.33,4,4,4,444,Champions
17702,19,2,1319.67,3,2,3,323,Recent Customers
17703,54,1,296.1,2,2,1,221,Potential
17705,91,2,260.38,2,3,1,231,At Risk
17706,2,17,10245.49,4,4,4,444,Champions
17707,12,6,456.9,4,4,2,442,Loyal Customers
17708,38,2,620.85,3,3,2,332,Loyal Customers
17709,106,4,533.5600000000001,2,3,2,232,At Risk
17710,59,1,293.5,2,2,1,221,Potential
17713,18,4,1198.09,4,3,3,433,Loyal Customers
17714,60,4,1257.18,2,3,3,233,At Risk
17715,228,1,163.2,1,2,1,121,Potential
17716,32,13,10300.98,3,4,4,344,Loyal Customers
17717,57,1,376.92,2,2,2,222,Potential
17718,280,1,299.83,1,2,1,121,Potential
17720,3,7,1572.97,4,4,3,443,Loyal Customers
17721,295,1,307.21000000000004,1,2,1,121,Potential
17722,2,2,2006.32,4,3,4,434,Loyal Customers
17723,11,1,102.0,4,2,1,421,Recent Customers
17726,31,7,1092.06,3,4,3,343,Loyal Customers
17728,40,2,1362.75,3,3,3,333,Loyal Customers
17729,232,1,438.65000000000003,1,2,2,122,Potential
17730,18,7,2475.32,4,4,4,444,Champions
17731,257,2,468.88,1,3,2,132,At Risk
17732,8,8,2166.42,4,4,4,444,Champions
17734,161,3,741.69,1,3,3,133,At Risk
17735,3,8,4134.91,4,4,4,444,Champions
17738,31,9,2304.51,3,4,4,344,Loyal Customers
17739,10,11,4939.24,4,4,4,444,Champions
17740,25,6,426.90000000000003,3,4,2,342,Loyal Customers
17741,42,2,101.1,3,3,1,331,Loyal Customers
17742,64,9,1743.3700000000001,2,4,4,244,At Risk
17743,84,1,229.2,2,2,1,221,Potential
17744,16,1,326.74,4,2,2,422,Recent Customers
17745,113,2,600.34,2,3,2,232,At Risk
17746,107,3,793.9300000000001,2,3,3,233,At Risk
17748,163,1,358.15,1,2,2,122,Potential
17749,182,1,351.66,1,2,2,122,Potential
17751,57,1,157.85999999999999,2,2,1,221,Potential
17753,100,4,390.56,2,3,2,232,At Risk
17754,10,8,2805.27,4,4,4,444,Champions
17756,11,3,733.7,4,3,3,433,Loyal Customers
17757,4,28,3817.16,4,4,4,444,Champions
17758,63,4,1555.83,2,3,3,233,At Risk
17759,29,2,441.92,3,3,2,332,Loyal Customers
17760,9,5,631.34,4,4,2,442,Loyal Customers
17762,92,1,129.75,2,2,1,221,Potential
17763,289,3,71.15,1,3,1,131,At Risk
17764,38,3,804.82,3,3,3,333,Loyal Customers
17765,84,1,158.92,2,2,1,221,Potential
17766,17,2,299.61,4,3,1,431,Loyal Customers
17767,46,1,141.85,3,2,1,321,Recent Customers
17768,23,4,1236.33,3,3,3,333,Loyal Customers
17769,19,7,3105.1,3,4,4,344,Loyal Customers
17771,72,2,141.6,2,3,1,231,At Risk
17772,28,1,202.0,3,2,1,321,Recent Customers
17773,150,2,585.27,1,3,2,132,At Risk
17774,33,5,2102.64,3,4,4,344,Loyal Customers
17776,22,2,338.56,3,3,2,332,Loyal Customers
17778,297,1,197.70000000000002,1,2,1,121,Potential
17780,303,3,352.91,1,3,2,132,At Risk
17782,18,2,679.02,4,3,2,432,Loyal Customers
17783,148,1,96.44,1,2,1,121,Potential
17784,186,1,112.86,1,2,1,121,Potential
17785,81,2,271.44,2,3,1,231,At Risk
17787,7,1,736.28,4,2,3,423,Recent Customers
17789,297,1,171.25,1,2,1,121,Potential
17790,14,6,818.0600000000001,4,4,3,443,Loyal Customers
17792,103,2,370.05,2,3,2,232,At Risk
17794,322,2,147.3,1,3,1,131,At Risk
17796,5,4,664.09,4,3,2,432,Loyal Customers
17797,31,5,1205.44,3,4,3,343,Loyal Customers
17798,217,1,183.09,1,2,1,121,Potential
17799,25,10,3285.96,3,4,4,344,Loyal Customers
17801,87,3,798.33,2,3,3,233,At Risk
17802,8,8,3768.08,4,4,4,444,Champions
17803,28,1,184.66,3,2,1,321,Recent Customers
17804,12,3,385.23,4,3,2,432,Loyal Customers
17805,246,1,414.72,1,2,2,122,Potential
17807,31,3,437.87,3,3,2,332,Loyal Customers
17808,184,4,262.64,1,3,1,131,At Risk
17809,7,11,5925.4800000000005,4,4,4,444,Champions
17810,304,2,374.81,1,3,2,132,At Risk
17811,10,8,1772.07,4,4,4,444,Champions
17812,4,4,433.73,4,3,2,432,Loyal Customers
17814,11,2,1617.32,4,3,3,433,Loyal Customers
17815,29,1,591.96,3,2,2,322,Recent Customers
17816,1,3,75.75999999999999,4,3,1,431,Loyal Customers
17817,14,3,420.17,4,3,2,432,Loyal Customers
17818,373,1,130.18,1,2,1,121,Potential
17819,7,6,2907.65,4,4,4,444,Champions
17820,10,1,183.56,4,2,1,421,Recent Customers
17821,42,1,334.62,3,2,2,322,Recent Customers
17822,56,5,2188.5,2,4,4,244,At Risk
17823,57,2,494.25,2,3,2,232,At Risk
17825,234,4,731.96,1,3,3,133,At Risk
17826,10,1,134.59,4,2,1,421,Recent Customers
17827,257,1,392.59,1,2,2,122,Potential
17829,45,4,3867.5,3,3,4,334,Loyal Customers
17833,359,1,342.36,1,2,2,122,Potential
17834,50,2,730.47,3,3,3,333,Loyal Customers
17838,1,10,3943.6000000000004,4,4,4,444,Champions
17840,79,1,185.72,2,2,1,221,Potential
17841,1,91,29892.5,4,4,4,444,Champions
17842,238,1,430.69,1,2,2,122,Potential
17843,47,1,120.75,3,2,1,321,Recent Customers
17845,191,4,598.19,1,3,2,132,At Risk
17847,151,2,129.69,1,3,1,131,At Risk
17848,53,21,2749.7,3,4,4,344,Loyal Customers
17849,116,4,457.96000000000004,2,3,2,232,At Risk
17850,8,155,51208.87,4,4,4,444,Champions
17851,58,6,1563.34,2,4,3,243,At Risk
17852,24,3,548.87,3,3,2,332,Loyal Customers
17853,43,3,1608.19,3,3,3,333,Loyal Customers
17854,98,4,760.1899999999999,2,3,3,233,At Risk
17855,8,1,208.97,4,2,1,421,Recent Customers
17857,1,2,1803.2,4,3,4,434,Loyal Customers
17858,5,19,7641.99,4,4,4,444,Champions
17860,4,4,762.74,4,3,3,433,Loyal Customers
17861,21,10,3026.89,3,4,4,344,Loyal Customers
17862,21,3,948.1899999999999,3,3,3,333,Loyal Customers
17863,5,7,2585.2,4,4,4,444,Champions
17864,21,2,326.82,3,3,2,332,Loyal Customers
17865,11,26,15848.07,4,4,4,444,Champions
17866,120,2,805.3000000000001,2,3,3,233,At Risk
17867,46,9,424.18,3,4,2,342,Loyal Customers
17868,22,1,234.65,3,2,1,321,Recent Customers
17869,4,3,607.98,4,3,2,432,Loyal Customers
17870,2,2,1213.8,4,3,3,433,Loyal Customers
17871,33,4,963.09,3,3,3,333,Loyal Customers
17872,17,1,235.87,4,2,1,421,Recent Customers
17873,9,14,4656.72,4,4,4,444,Champions
17875,324,1,167.1,1,2,1,121,Potential
17876,35,3,3424.02,3,3,4,334,Loyal Customers
17878,31,2,1032.88,3,3,3,333,Loyal Customers
17880,275,2,366.0,1,3,2,132,At Risk
17882,15,2,313.46,4,3,2,432,Loyal Customers
17883,175,3,324.08,1,3,2,132,At Risk
17884,4,18,2355.44,4,4,4,444,Champions
17886,73,3,708.77,2,3,3,233,At Risk
17888,10,17,1094.39,4,4,3,443,Loyal Customers
17889,10,5,571.0,4,4,2,442,Loyal Customers
17894,2,11,1333.57,4,4,3,443,Loyal Customers
17897,3,8,2018.4,4,4,4,444,Champions
17898,88,2,147.12,2,3,1,231,At Risk
17901,157,2,149.7,1,3,1,131,At Risk
17902,182,1,216.4,1,2,1,121,Potential
17903,30,1,381.09000000000003,3,2,2,322,Recent Customers
17905,9,10,1583.28,4,4,3,443,Loyal Customers
17907,276,1,291.76,1,2,1,121,Potential
17908,9,5,1168.26,4,4,3,443,Loyal Customers
17909,373,1,132.55,1,2,1,121,Potential
17910,362,1,261.7,1,2,1,121,Potential
17912,11,1,64.49,4,2,1,421,Recent Customers
17913,36,12,3068.04,3,4,4,344,Loyal Customers
17915,187,1,242.13,1,2,1,121,Potential
17916,264,2,43.87,1,3,1,131,At Risk
17918,136,3,396.39,2,3,2,232,At Risk
17919,74,1,536.28,2,2,2,222,Potential
17920,4,39,20312.36,4,4,4,444,Champions
17921,15,6,1596.98,4,4,3,443,Loyal Customers
17922,179,1,170.4,1,2,1,121,Potential
17923,163,2,289.5,1,3,1,131,At Risk
17924,9,2,574.2,4,3,2,432,Loyal Customers
17925,8,1,244.08,4,2,1,421,Recent Customers
17926,80,3,638.2,2,3,2,232,At Risk
17927,357,1,294.0,1,2,1,121,Potential
17928,207,1,128.7,1,2,1,121,Potential
17929,23,8,2239.1,3,4,4,344,Loyal Customers
17930,29,8,2534.7400000000002,3,4,4,344,Loyal Customers
17931,33,12,3028.93,3,4,4,344,Loyal Customers
17933,268,1,114.69,1,2,1,121,Potential
17934,42,1,344.90000000000003,3,2,2,322,Recent Customers
17935,36,5,540.35,3,4,2,342,Loyal Customers
17938,56,1,144.29,2,2,1,221,Potential
17940,81,6,26286.75,2,4,4,244,At Risk
17941,226,3,1128.72,1,3,3,133,At Risk
17944,59,1,75.41,2,2,1,221,Potential
17945,332,3,360.35,1,3,2,132,At Risk
17949,7,74,60117.6,4,4,4,444,Champions
17950,1,6,950.61,4,4,3,443,Loyal Customers
17951,9,2,627.5400000000001,4,3,2,432,Loyal Customers
17952,14,4,819.61,4,3,3,433,Loyal Customers
17953,176,1,160.82,1,2,1,121,Potential
17954,3,9,1633.33,4,4,3,443,Loyal Customers
17955,291,2,392.6,1,3,2,132,At Risk
17958,364,1,465.41999999999996,1,2,2,122,Potential
17959,228,1,140.75,1,2,1,121,Potential
17960,158,2,61.300000000000004,1,3,1,131,At Risk
17961,8,62,1699.1,4,4,3,443,Loyal Customers
17962,185,3,584.59,1,3,2,132,At Risk
17963,107,4,651.51,2,3,2,232,At Risk
17964,8,1,261.76,4,2,1,421,Recent Customers
17965,1,17,4618.41,4,4,4,444,Champions
17966,227,5,875.99,1,4,3,143,At Risk
17967,7,2,234.22,4,3,1,431,Loyal Customers
17968,9,4,610.69,4,3,2,432,Loyal Customers
17969,138,18,2141.7400000000002,1,4,4,144,At Risk
17971,184,1,161.94,1,2,1,121,Potential
17974,17,3,1117.27,4,3,3,433,Loyal Customers
17975,2,12,2540.02,4,4,4,444,Champions
17976,8,1,353.19,4,2,2,422,Recent Customers
17977,36,1,1277.49,3,2,3,323,Recent Customers
17978,1,4,1160.84,4,3,3,433,Loyal Customers
17980,29,1,221.97,3,2,1,321,Recent Customers
17981,46,1,239.12,3,2,1,321,Recent Customers
17982,316,1,138.18,1,2,1,121,Potential
17983,31,1,171.71,3,2,1,321,Recent Customers
17984,28,4,1038.59,3,3,3,333,Loyal Customers
17987,12,4,805.0699999999999,4,3,3,433,Loyal Customers
17988,123,7,288.42,2,4,1,241,At Risk
17989,15,1,228.83,4,2,1,421,Recent Customers
17990,16,3,896.7700000000001,4,3,3,433,Loyal Customers
17991,227,1,227.2,1,2,1,121,Potential
17992,25,1,254.13,3,2,1,321,Recent Customers
17993,253,1,235.19,1,2,1,121,Potential
17994,24,7,1634.83,3,4,3,343,Loyal Customers
17995,18,2,419.38,4,3,2,432,Loyal Customers
17996,15,3,482.33,4,3,2,432,Loyal Customers
17998,16,3,639.24,4,3,2,432,Loyal Customers
17999,2,2,348.84,4,3,2,432,Loyal Customers
18000,200,1,124.25,1,2,1,121,Potential
18001,85,4,536.61,2,3,2,232,At Risk
18002,11,4,249.92,4,3,1,431,Loyal Customers
18003,12,1,358.61,4,2,2,422,Recent Customers
18006,17,3,553.1800000000001,4,3,2,432,Loyal Customers
18007,28,1,220.32,3,2,1,321,Recent Customers
18008,51,14,17670.94,3,4,4,344,Loyal Customers
18009,178,7,1898.49,1,4,4,144,At Risk
18011,9,2,424.24,4,3,2,432,Loyal Customers
18012,359,1,115.3,1,2,1,121,Potential
18016,46,2,476.90000000000003,3,3,2,332,Loyal Customers
18017,67,1,165.0,2,2,1,221,Potential
18018,35,2,175.85,3,3,1,331,Loyal Customers
18020,179,1,190.48000000000002,1,2,1,121,Potential
18021,145,2,227.06,1,3,1,131,At Risk
18022,21,4,983.6800000000001,3,3,3,333,Loyal Customers
18025,15,6,1177.72,4,4,3,443,Loyal Customers
18026,136,2,2074.07,2,3,4,234,At Risk
18028,219,1,192.05,1,2,1,121,Potential
18029,278,1,433.77,1,2,2,122,Potential
18031,14,1,462.1,4,2,2,422,Recent Customers
18034,11,1,370.82,4,2,2,422,Recent Customers
18035,21,2,546.34,3,3,2,332,Loyal Customers
18036,21,8,1158.02,3,4,3,343,Loyal Customers
18037,57,9,97.39999999999999,2,4,1,241,At Risk
18038,192,1,149.41,1,2,1,121,Potential
18039,10,4,579.17,4,3,2,432,Loyal Customers
18041,1,20,4568.99,4,4,4,444,Champions
18042,177,1,116.10000000000001,1,2,1,121,Potential
18043,2,1,316.46,4,2,2,422,Recent Customers
18044,23,8,1417.01,3,4,3,343,Loyal Customers
18046,285,1,189.63,1,2,1,121,Potential
18047,17,2,342.69,4,3,2,432,Loyal Customers
18048,129,1,229.44,2,2,1,221,Potential
18049,73,2,556.52,2,3,2,232,At Risk
18050,29,1,337.66,3,2,2,322,Recent Customers
18051,270,7,2282.28,1,4,4,144,At Risk
18052,200,1,10877.18,1,2,4,124,Potential
18053,161,2,271.05,1,3,1,131,At Risk
18054,28,1,176.5,3,2,1,321,Recent Customers
18055,3,6,4411.38,4,4,4,444,Champions
18056,254,1,190.95,1,2,1,121,Potential
18057,29,3,1203.56,3,3,3,333,Loyal Customers
18058,177,2,603.9,1,3,2,132,At Risk
18060,44,2,1185.46,3,3,3,333,Loyal Customers
18061,2,19,4369.56,4,4,4,444,Champions
18062,22,3,912.15,3,3,3,333,Loyal Customers
18063,26,2,186.60000000000002,3,3,1,331,Loyal Customers
18064,82,9,3681.03,2,4,4,244,At Risk
18065,24,15,3473.8,3,4,4,344,Loyal Customers
18066,22,2,1122.4,3,3,3,333,Loyal Customers
18069,19,6,2503.89,3,4,4,344,Loyal Customers
18070,305,1,314.1,1,2,2,122,Potential
18071,1,5,975.63,4,4,3,443,Loyal Customers
18074,9,2,1019.44,4,3,3,433,Loyal Customers
18075,10,10,3171.54,4,4,4,444,Champions
18076,16,1,151.49,4,2,1,421,Recent Customers
18077,2,8,1705.55,4,4,3,443,Loyal Customers
18078,61,2,508.47,2,3,2,232,At Risk
18079,127,1,590.78,2,2,2,222,Potential
18083,33,1,470.73,3,2,2,322,Recent Customers
18084,19,2,722.45,3,3,3,333,Loyal Customers
18085,9,3,955.8000000000001,4,3,3,433,Loyal Customers
18087,15,15,10705.8,4,4,4,444,Champions
18089,82,1,428.45,2,2,2,222,Potential
18090,57,1,349.4,2,2,2,222,Potential
18091,229,1,360.85,1,2,2,122,Potential
18092,1,8,7111.18,4,4,4,444,Champions
18093,80,4,2346.19,2,3,4,234,At Risk
18094,82,6,3374.22,2,4,4,244,At Risk
18095,63,3,1723.04,2,3,3,233,At Risk
18096,78,3,894.13,2,3,3,233,At Risk
18097,21,5,1965.52,3,4,4,344,Loyal Customers
18098,32,1,550.84,3,2,2,322,Recent Customers
18100,186,1,451.56,1,2,2,122,Potential
18101,10,3,405.51,4,3,2,432,Loyal Customers
18102,1,89,349164.35,4,4,4,444,Champions
18103,185,1,105.8,1,2,1,121,Potential
18106,112,5,1030.76,2,4,3,243,At Risk
18107,78,1,167.13,2,2,1,221,Potential
18108,232,2,577.8100000000001,1,3,2,132,At Risk
18109,5,13,1840.99,4,4,4,444,Champions
18110,47,1,199.13,3,2,1,321,Recent Customers
18111,225,1,405.85,1,2,2,122,Potential
18112,54,2,423.27,2,3,2,232,At Risk
18113,4,1,76.32000000000001,4,2,1,421,Recent Customers
18115,333,1,9.700000000000001,1,2,1,121,Potential
18116,12,5,736.27,4,4,3,443,Loyal Customers
18118,5,4,1079.4,4,3,3,433,Loyal Customers
18119,3,1,181.12,4,2,1,421,Recent Customers
18123,149,1,95.15,1,2,1,121,Potential
18124,108,1,111.53,2,2,1,221,Potential
18127,39,1,212.8,3,2,1,321,Recent Customers
18128,173,1,420.04,1,2,2,122,Potential
18131,267,1,222.95999999999998,1,2,1,121,Potential
18132,140,1,226.9,1,2,1,121,Potential
18134,234,2,445.0,1,3,2,132,At Risk
18135,28,5,567.71,3,4,2,342,Loyal Customers
18136,45,2,847.03,3,3,3,333,Loyal Customers
18137,187,2,145.99,1,3,1,131,At Risk
18140,109,1,536.41,2,2,2,222,Potential
18141,37,2,882.47,3,3,3,333,Loyal Customers
18144,9,8,2169.25,4,4,4,444,Champions
18145,18,7,2756.2400000000002,4,4,4,444,Champions
18148,282,1,114.10000000000001,1,2,1,121,Potential
18149,40,4,1012.63,3,3,3,333,Loyal Customers
18151,56,4,1226.09,2,3,3,233,At Risk
18152,282,1,426.69,1,2,2,122,Potential
18153,295,1,246.22,1,2,1,121,Potential
18154,24,3,533.41,3,3,2,332,Loyal Customers
18156,5,1,206.23000000000002,4,2,1,421,Recent Customers
18157,207,1,215.35,1,2,1,121,Potential
18160,22,1,365.82,3,2,2,322,Recent Customers
18161,15,1,184.41,4,2,1,421,Recent Customers
18162,368,1,379.15999999999997,1,2,2,122,Potential
18163,220,1,728.84,1,2,3,123,Potential
18166,259,1,175.5,1,2,1,121,Potential
18168,8,11,2600.33,4,4,4,444,Champions
18170,10,6,1897.69,4,4,4,444,Champions
18171,106,4,1206.0,2,3,3,233,At Risk
18172,23,32,9918.16,3,4,4,344,Loyal Customers
18173,248,1,589.52,1,2,2,122,Potential
18174,239,1,58.5,1,2,1,121,Potential
18175,311,1,176.10000000000002,1,2,1,121,Potential
18177,196,3,875.45,1,3,3,133,At Risk
18178,38,7,4512.93,3,4,4,344,Loyal Customers
18179,158,2,754.38,1,3,3,133,At Risk
18181,36,4,823.14,3,3,3,333,Loyal Customers
18182,99,1,291.13,2,2,1,221,Potential
18186,358,1,329.58000000000004,1,2,2,122,Potential
18187,267,1,724.89,1,2,3,123,Potential
18188,66,3,1279.55,2,3,3,233,At Risk
18189,261,1,313.49,1,2,2,122,Potential
18190,239,3,461.16,1,3,2,132,At Risk
18191,113,1,321.6,2,2,2,222,Potential
18193,16,2,963.59,4,3,3,433,Loyal Customers
18194,74,5,3188.2,2,4,4,244,At Risk
18195,23,1,101.16,3,2,1,321,Recent Customers
18196,107,2,775.18,2,3,3,233,At Risk
18197,211,1,230.1,1,2,1,121,Potential
18199,319,1,344.75,1,2,2,122,Potential
18201,358,1,447.53000000000003,1,2,2,122,Potential
18203,17,3,344.0,4,3,2,432,Loyal Customers
18206,189,1,314.65999999999997,1,2,2,122,Potential
18207,135,1,544.47,2,2,2,222,Potential
18208,201,1,360.08,1,2,2,122,Potential
18210,18,1,147.45,4,2,1,421,Recent Customers
18212,313,1,298.3,1,2,1,121,Potential
18214,166,4,1780.34,1,3,4,134,At Risk
18215,73,4,1948.15,2,3,4,234,At Risk
18217,149,2,323.29,1,3,2,132,At Risk
18218,232,2,479.91999999999996,1,3,2,132,At Risk
18219,4,8,1493.1200000000001,4,4,3,443,Loyal Customers
18220,30,5,1616.48,3,4,3,343,Loyal Customers
18221,26,1,383.33,3,2,2,322,Recent Customers
18223,23,12,7516.31,3,4,4,344,Loyal Customers
18225,1,15,7545.14,4,4,4,444,Champions
18226,14,15,6650.83,4,4,4,444,Champions
18227,120,1,295.0,2,2,1,221,Potential
18229,2,10,3526.81,4,4,4,444,Champions
18230,14,2,1480.8600000000001,4,3,3,433,Loyal Customers
18231,42,23,4797.7,3,4,4,344,Loyal Customers
18234,187,1,179.6,1,2,1,121,Potential
18236,24,6,913.11,3,4,3,343,Loyal Customers
18238,151,1,270.92,1,2,1,121,Potential
18239,8,2,588.75,4,3,2,432,Loyal Customers
18241,51,4,913.9,3,3,3,333,Loyal Customers
18242,81,4,1372.72,2,3,3,233,At Risk
18243,50,1,515.78,3,2,2,322,Recent Customers
18244,66,2,568.64,2,3,2,232,At Risk
18245,15,13,3757.92,4,4,4,444,Champions
18246,245,1,162.72,1,2,1,121,Potential
18247,50,3,839.73,3,3,3,333,Loyal Customers
18251,81,8,21964.14,2,4,4,244,At Risk
18252,184,5,1015.42,1,4,3,143,At Risk
18253,278,1,317.88,1,2,2,122,Potential
18254,217,1,267.9,1,2,1,121,Potential
18255,92,1,199.85,2,2,1,221,Potential
18256,23,1,110.69999999999999,3,2,1,321,Recent Customers
18257,82,4,2262.52,2,3,4,234,At Risk
18258,100,6,2059.67,2,4,4,244,At Risk
18259,2,5,1979.6000000000001,4,4,4,444,Champions
18260,10,17,7318.91,4,4,4,444,Champions
18262,29,2,428.06,3,3,2,332,Loyal Customers
18264,134,1,603.25,2,2,2,222,Potential
18266,70,1,251.1,2,2,1,221,Potential
18267,308,1,269.37,1,2,1,121,Potential
18268,227,5,1464.73,1,4,3,143,At Risk
18269,2,1,168.60000000000002,4,2,1,421,Recent Customers
18270,68,1,161.4,2,2,1,221,Potential
18271,245,2,680.85,1,3,2,132,At Risk
18272,184,3,1307.4,1,3,3,133,At Risk
18273,226,1,153.0,1,2,1,121,Potential
18275,214,2,741.85,1,3,3,133,At Risk
18276,28,5,1320.66,3,4,3,343,Loyal Customers
18277,33,4,1069.67,3,3,3,333,Loyal Customers
18278,40,1,240.3,3,2,1,321,Recent Customers
18279,155,1,231.34,1,2,1,121,Potential
18280,30,1,307.55,3,2,1,321,Recent Customers
18281,213,1,120.32,1,2,1,121,Potential
18283,18,6,641.77,4,4,2,442,Loyal Customers
18284,67,1,461.68,2,2,2,222,Potential
18285,296,1,427.0,1,2,2,122,Potential
18286,112,2,1296.43,2,3,3,233,At Risk
18287,18,4,2345.71,4,3,4,434,Loyal Customers
